h_tag,group_name,id_shape,n_relay_instances,relays_or_relay_keys
clan-test,,human-readable slug,49,key:00ba9099 key:03125e3a key:0319cdc0 key:0b39d583 key:1642183d key:18283348 key:1baf936e key:1d05184e key:215d0664 key:32d1f284 key:37896c4a key:37d14f64 key:395434a2 key:42a22274 key:4c5fbaff key:5a046afa key:600ed8ae key:62361b92 key:64cf2cb3 key:6b03a7c3 key:6ff84457 key:73d98542 key:87ba5faa key:8ad7fe5a key:91d2561b key:91ed0b40 key:98c3091b key:9ad2920c key:9ae60d70 key:9c5bc8ca key:a31ce0b3 key:af2998c9 key:af83c0ae key:b6ba8f57 key:b970dd51 key:bf0794b0 key:bf76473d key:ca6d0766 key:cbac5108 key:d40e5a5f key:d88e847e key:e141ff9d key:e8a719fc key:f1bf84cd key:f22e1cdb key:f58ff8a9 key:f6b1203e key:f72299ed key:fc3c2b95
poker-game,,human-readable slug,11,key:2c84cb0d key:52b3c29a key:69693ff0 key:6e566cc7 key:9c67716c key:a9480917 key:aa758389 key:bc7b36eb key:da0fb4cc key:e41ad39c key:f6db36f1
npub1npzwvwukmqh2ep6h2hyszyja6mmthp8ggllfeveewdqjrzjlxx3s4mnrmd:testBeepyBeep,test beepy beep,npub-namespaced,6,key:6108aa41 key:9844e63b key:c3d20e43 key:cab0bc24 key:e5f3d95e key:fb5b7aa7
npub1rlr8jpy7xpc5u97p20x9zvd8aqdh9tk00ga5sk8wugul95qy2w2qy6pnkg:throatDoctor,THROAT DOCTOR,npub-namespaced,6,key:13e5bc15 key:1fc67904 key:22bebd34 key:24d439a9 key:4520f82e key:a3d580fc
npub1d9z59mkrqnq6p064fvlewel5q66kpdj2dajkf88fdsdzxgzkerrsv0qmeq:testFreebom,test freebom,npub-namespaced,5,key:5505ac0a key:694542ee key:7b52bc85 key:833ac438 key:c9cd2704
npub1qqhdpw8z0jghhafd9xr2z7cmu95zjht6dk4zarpquhqqknc83xssd8ltln:testFebeeenis,test febeeenis,npub-namespaced,5,key:002ed0b8 key:1a034301 key:3a34cf83 key:d31f9800 key:e18f845e
npub1zwffdet2tgs69uf3vm0t3zcwwwvskw836hw3jynr820r3tkucdxsne58ww:poppacopta,Poppacopta,npub-namespaced,5,key:139296e5 key:1d9d4f4a key:50ef5862 key:785b7d3a key:e7353c04
7c92b9a7956977b7,7c92b9a7956977b7,random hex-16,4,key:081d5c44 key:ea2fa747 wss://groups.0xchat.com wss://groups.satsdisco.com
npub14le4ev6udkrx3em2g7uy4dxf96kqyaf4eve0p534l9943q9mrxzsnc380q:testMoomee,test moomee,npub-namespaced,4,key:15493b18 key:1a034301 key:3a34cf83 key:aff35cb3
npub1jc2ekwyn66996p9t3eacdufj9rsw0xv8apmgks7l637uw033hjlqvmhy0c:jufferyUpstein,Juffery Upstein,npub-namespaced,4,key:6106ee36 key:96159b38 key:98e5ca0b key:c37d50ad
76099794e780b9cd,,random hex-16,3,wss://groups.satsdisco.com wss://groups.yugoatobe.com wss://nip29.f7z.io
997bcfd35d30dfa3,997bcfd35d30dfa3,random hex-16,3,key:52b38b2e wss://groups.0xchat.com wss://groups.yugoatobe.com
26a9cceda473cb1b,💬 General Chat,random hex-16,3,key:385c3a6e key:52623aec key:f9b3bad7
516e83805fa692f9,🟠 BITCOIN,random hex-16,3,key:385c3a6e key:52623aec key:f9b3bad7
clan-scuffed-crew,,human-readable slug,3,key:cd4c2d77 key:f6b1203e key:f9cb8b9f
clan-test2,,human-readable slug,3,key:395434a2 key:906e3c0d key:dbd08b92
npub1dj7xhmazjpyv0yqqdzxxmt3vf04gwlkpuk4xmqa9z355lnax3knqhy43xu:diagopen-1772305009562,DiagOpen-1772305009562,npub-namespaced,3,key:30875f0e key:6cbc6bef key:d2c6620c
npub1e8xjwp8d5t8rdccd2v5yapphlwgsva6llvjacz5dry2nznsv0raq2xvcwt:testSqueakoBorps,test squeako borps,npub-namespaced,3,key:687d5598 key:9f0afbd1 key:c9cd2704
npub1ejfn7ww67htvyza0tzqy2lg25fxyvvgq99y9xhvl4sg2ugknf94qvgjzw5:bonjour,bonjour,npub-namespaced,3,key:466cc5c5 key:cc3d80c8 key:cc933f39
npub1glrlt80e4jgxmjjt52nd2w55r5pktk74zevvxk08dm4qjn4pju9q97wn99:rendereropensmoke-1772271205645,RendererOpenSmoke-1772271205645,npub-namespaced,3,key:112a3601 key:47c7f59d key:f8f31fea
npub1hgrlrt6hjkl3tvcxw3j53fcwdrwkv2xsxmumzpe3syhav3n9mnpsd6vlvh:testJoofus,test joofus,npub-namespaced,3,key:28edf379 key:4ad891a5 key:ba07f1af
npub1jc2ekwyn66996p9t3eacdufj9rsw0xv8apmgks7l637uw033hjlqvmhy0c:test-group-1,test-group-1,npub-namespaced,3,key:244e3f59 key:96159b38 key:b4529029
npub1n263qszmjnzn48r20na0nmwttfty82z4lqwa7sfy5ekav0cxkwpqgjt7k0:steamyManuel,steamy manuel,npub-namespaced,3,key:0a65f22a key:678d84c8 key:9ab51040
npub1nxppmz6ypf9dc3tuc7n0hv3etqltwgne7z7pc3xl0y4x4cdhcp0q3nwmpy:gufenschlaffen,GUFENSCHLAFFEN,npub-namespaced,3,key:02d08b99 key:99821d8b key:d86563ea
npub1rtzx9qz03te2jzks5rnvy8rv0pfjdafeeq76ze9slyyfh5wrudyszpvgjj:beejChercky,BEEJ CHERCKY,npub-namespaced,3,key:1ac46280 key:96159b38 key:a119baf8
npub1tlp32g7mpjmvephc2s4kf6nc32nmcnpuk9u8cnhshhnklzxxrhks60855t:testHaha,test haha,npub-namespaced,3,key:3a079e1c key:5fc31523 key:b5b971cd
npub1tycqy0egafh3feygztlp3mk64zavvzqx36mczct6h77j5ln64v0sy9py50:holyMolyWow,holy moly WOW,npub-namespaced,3,key:5930023f key:6106ee36 key:96159b38
npub1vffp2rcg89talkc90gp0dggg4yg09kgeu5uezmptpk0qkn9k6etsdknfdu:checklist-group-1770509242703,checklist-group-1770509242703,npub-namespaced,3,key:3fb9decc key:6252150f key:8215eea7
npub1wp5h0rgd48j6c437j0yg8ysn4vsqxyvekvwlj3sxdsurltf8csxs7tudje:stankysoggyboys,stankysoggyboys,npub-namespaced,3,key:3aa38fc2 key:7069778d key:96159b38
npub1xcfdkegfp8g943l9948l30zm3ean2ystvy08ukxgnxxwvhy4uh7snn0gxn:testYummy,test yummy,npub-namespaced,3,key:3612db65 key:4949b17d key:dd24948d
94dfa2316b20d0ed,,random hex-16,2,wss://groups.satsdisco.com wss://nip29.f7z.io
general,general,human-readable slug,2,wss://groups.satsdisco.com wss://mihhdu.org/nostr
nostrord,Nostrord,human-readable slug,2,wss://chat.wisp.talk wss://groups.0xchat.com
04cc3b4b5e95be19a574b19a1d04745ea02af0cfab93cba5fd08f594ceff8e05,💃🏻影视🫦直播源,random hex-64,2,wss://groups.0xchat.com wss://strfry.ymir.cloud
368714f675c49406,,random hex-16,2,wss://groups.satsdisco.com wss://groups.yugoatobe.com
3e83ccbed52786c13c0e24188f7b7a4c6ade25a66c9234e21010edd73224f6f5,Livros em PDF,random hex-64,2,wss://groups.0xchat.com wss://strfry.ymir.cloud
884ab129-7b59-47,EnTrappt's Highlighter,human-readable slug,2,wss://groups.0xchat.com wss://relay29.notoshi.win
acleprush,zap.stream,random letters,2,wss://relay.zap.stream wss://strfry.ymir.cloud
bf422b9ed3b380fa,,random hex-16,2,wss://groups.0xchat.com wss://groups.yugoatobe.com
bfe4b11b98602f25,,random hex-16,2,wss://groups.satsdisco.com wss://groups.yugoatobe.com
d85c2e528de55b24,,random hex-16,2,wss://groups.0xchat.com wss://groups.satsdisco.com
e06899f0e9e220b5,,random hex-16,2,wss://groups.satsdisco.com wss://groups.yugoatobe.com
e090f912cd46140b,,random hex-16,2,wss://groups.0xchat.com wss://groups.satsdisco.com
eagarghstayshou,Get We3!Rd,human-readable slug,2,wss://spatia-arcana.com wss://strfry.ymir.cloud
f8f8affc81dec495,,random hex-16,2,wss://groups.satsdisco.com wss://groups.yugoatobe.com
h1,hallway,human-readable slug,2,wss://basspistol.org wss://strfry.ymir.cloud
iapeeboploo,DubHeads,random letters,2,wss://basspistol.org wss://strfry.ymir.cloud
zoxqa84y6lv7,Art Talk 🎨,random alnum,2,wss://chat.wisp.talk wss://strfry.ymir.cloud
206486afd34f7fd8,206486afd34f7fd8,random hex-16,2,key:52623aec wss://groups.satsdisco.com
2ed3e14eed731b08b5822cb49863aa53,Zap Cooking Friends,random hex-32,2,key:2798982f key:34263017
344460545dc4a092,344460545dc4a092,random hex-16,2,key:285314c8 wss://groups.0xchat.com
3fe3d428d48c8054,3fe3d428d48c8054,random hex-16,2,key:cebdd42b wss://groups.satsdisco.com
5198909637393356,bobsroom,random hex-16,2,key:5fc31523 wss://groups.0xchat.com
5c1006d79058cb58c6154f679ebb3132,muslim.chat,random hex-32,2,key:975bc2e7 wss://groups.0xchat.com
5e20ad1b10932efbd4355b1b5885a9bd,Garlicstr 🧄,random hex-32,2,key:2798982f key:34263017
c27e014bcd51c6a87732ac7439fdfbdc,🍳 The Frugal Kitchen,random hex-32,2,key:2798982f key:34263017
dd470c415873ea85,dd470c415873ea85,random hex-16,2,key:384bf414 wss://groups.0xchat.com
mgdlofde,,human-readable slug,2,key:eeb822ac wss://mihhdu.org/nostr
mynd-labs,mynd-labs,human-readable slug,2,key:79023e27 wss://relay.mynd.my.id
orbee,Orbee,human-readable slug,2,key:a99a869e wss://groups.0xchat.com
support,support,human-readable slug,2,key:79023e27 wss://relay.mynd.my.id
0df3540cb80c689a,🏛️ Forum ,random hex-16,2,key:385c3a6e key:f9b3bad7
174399f1-c4f4-422f-8a94-1093da44c958,it-174399f1,uuid,2,key:176e5f78 key:e119daab
3007f5f7f76485b4fb9e83a4fe60a5ed,nmtmnd,random hex-32,2,key:2cea8e74 key:774b5467
402bab5511d86a21,🎙️ Voice P2P,random hex-16,2,key:385c3a6e key:f9b3bad7
4af9446d4962c061d79e523b11eb9c24,dststd,random hex-32,2,key:35c81734 key:774b5467
749265311de6f38e0c84ecb38a9b9c48,dlqstn,random hex-32,2,key:082478aa key:51bdabe5
911f9134a48ae0c2,🟣 NOSTR,random hex-16,2,key:385c3a6e key:52623aec
9aa77b0bc6e97b15a5528fda89aad88b,stndsdtn,random hex-32,2,key:2cea8e74 key:b005b7ae
:general,general,human-readable slug,2,key:052ef530 key:9f7da645
GROUP_4d0cd951,Kurtlar Vadisi,human-readable slug,2,key:0e25c22a key:dfeeef3e
a91d2fea-20bb-4de3-9f9c-c94a7143a4cf,it-a91d2fea,uuid,2,key:244a2253 key:bd1ddf16
a98a66606c1915f1935db15a55114560,xcv,random hex-32,2,key:082478aa key:5fb8875b
adef469c11ed45bb,𓉶  Obelisk,random hex-16,2,key:385c3a6e key:f9b3bad7
b018e5e086e456ee55bd6c36522fbd71,dtsTDSDST,random hex-32,2,key:c1d1abda key:d5d80937
bb205175274848716c2f959d765084a6,mnggmngmgm nm nqngm mgnq,random hex-32,2,key:62e0bb76 key:c1d1abda
c1876ebb8e3a159b,c1876ebb8e3a159b,random hex-16,2,key:081d5c44 key:ea2fa747
camp_tXBtTEUPlg,,human-readable slug,2,key:a55e335c key:e5e56929
cascade-car-player,,human-readable slug,2,key:54c507c5 key:ac1374cd
cbf11c3dc6370581ccdf678bba40b6ae,dstntnsd,random hex-32,2,key:0b20e8e3 key:51bdabe5
clan-derp,,human-readable slug,2,key:236636dd key:75cdf8cb
clan-doesitworkyetcom,,human-readable slug,2,key:88aeb563 key:c5ee5eda
clan-nerds,,human-readable slug,2,key:73d98542 key:d88e847e
clan-test8,,human-readable slug,2,key:45c45d68 key:5e17bb57
clan-testerspace,,human-readable slug,2,key:4243fa74 key:7b535d71
clan-testspace5,,human-readable slug,2,key:97c14136 key:c8b0d62d
dns:buzzster.xyz,,human-readable slug,2,key:3eb8fe5e key:b8a9e7be
eb8d9bb9055c1057,Stress Test,random hex-16,2,key:385c3a6e key:52623aec
f9a8c3bb-d44b-4741-85d1-ce218bedee6c,it-f9a8c3bb,uuid,2,key:0fe6a881 key:907b304d
friend:1d5d6596be14d3464b5e8deb1947739b350ac84b5525e2f5caa354a8e0c3815d:feeb965a576e778045f33045ee92d9522773235c4be22736078b10e0b89d5980,,human-readable slug,2,key:1d5d6596 key:feeb965a
friend:26497f80c698dddf7a2790acdfa7a8982fd559c5f2ce52b4a6e19fc30435637d:e1f1d2184f4e7e9387e0b6374de25b031a3a6a6b4caf4542ac1294c0e53cf3c0,,human-readable slug,2,key:26497f80 key:e1f1d218
friend:502069150214833890f70fd3dc3adab4e5cffdd1186efe2af84f0fa24873d4de:10ce08b45e1185612879d7d83f68faef3499d7d531c17c29a85aaf2aed8b9672,,human-readable slug,2,key:10ce08b4 key:50206915
friend:578082c22e35383d4291d22ac3978266056cbed9e991a32d6463c64ce418e1d2:870a11b1df668122fe938eaf0c6d34a240e9321ea3d7fa17915824501b3ff6a2,,human-readable slug,2,key:578082c2 key:870a11b1
friend:5af8945d9db2af8dd06feb8f0c0f131be4b920847d02032995b5615b2cd134c6:8c2ab1f3dddad172e14fb60c26971ba8031eca55ce9ac1f039b51a377f8c7a6b,,human-readable slug,2,key:5af8945d key:8c2ab1f3
friend:6b7b4bec00dba9c66c1315ed681d1a0c3d2a5d5515005271dba30f17d01c4ebb:c005cef4c72884b6a2bdc057848118b0b45192f697183b7cd1d678d0569ecc60,,human-readable slug,2,key:6b7b4bec key:c005cef4
friend:6fca75bf31841757980a9e0a5e7f39698f824e5978288c20a3f65235224b66c6:8b56989ebbf40daa0693eefbb61d1fc06fecde0af0206982f0cd3141424e33f1,,human-readable slug,2,key:6fca75bf key:8b56989e
friend:98b2793a435c25ad2b900b2ae9f2de1d9b54cc8eb7be92a00334b1301181fe15:fc5bcdfc8a6a381abfab88ffc63af786a3350c23cd6c8f23c53b2a2a1072db17,,human-readable slug,2,key:98b2793a key:fc5bcdfc
friend:b92911e5efb30ad8243f817c7e9a43cbf1ed5a7d38976cbf945d0eac2961a4ac:098069abf1ff3da3b0b0028b65465f990df692319796894387db21cc9edbcdfe,,human-readable slug,2,key:098069ab key:b92911e5
friend:d44287f31dc3e444f5295d4718c84de4304ed36a505bf6a252e41f4f6854445b:bb3d712cdb7f2a68cca1b16ce28cb7d96514c0bc38c9a8d40ad86d82b924ffeb,,human-readable slug,2,key:bb3d712c key:d44287f3
friend:d8e25a7c23841d9e203e12063f76c0ef44772b4b297eddf232ff330ddeb09bb7:334006c5d8fb2c35bf809364c91955f33b11408de95df47f9f22c1f3fe610189,,human-readable slug,2,key:334006c5 key:d8e25a7c
friend:d8e25a7c23841d9e203e12063f76c0ef44772b4b297eddf232ff330ddeb09bb7:f9a395e654962bf34c6a34b6358793f88abd40ebdcc156a7f56ef68126e3ae05,,human-readable slug,2,key:d8e25a7c key:f9a395e6
npub10ehaknf468l4zslnv0qecwtw20yf5jxats7408jdhar5rzj0tvts24d3q5:testSkibidiDingle,test skibidi dingle,npub-namespaced,2,key:0122c2ef key:7e6fdb4d
npub139slrjkltav9fazj7va6kkx20htz3cxhw088acaununnuxcee9vqyyg8m2:yuckyButtzVagene,yucky buttz vagene,npub-namespaced,2,key:8961f1ca key:e95c17a9
npub14d6pywa0ed9h7ckvcmkrdw6nl4v2zkk37r4u5x7w03z8wt84unpq65t0tj:s19-19c8345e5aa-2761-group,S19-19c8345e5aa-2761-group,npub-namespaced,2,key:91e445e9 key:ab74123b
npub14dpnzt355h95uwp5ce60uaqev2sdyx3ty4mrzs9uu9can4k0pwvsgqqxgq:testTunaTutu,test tuna tutu,npub-namespaced,2,key:511258b8 key:ab43312e
npub16enecjcqe2zd0ahzjkawuhnevmdxxvcl4npyfp6kke6xsunx364qglpyyy:tickleMonstaHouse,tickle monsta house,npub-namespaced,2,key:d6679c4b key:daf0812f
npub17zdqdjaklrjxyefmd0rwxevs056fxu4zfvvx2c9wag0wzhv4r2tqvk4rh5:shimmyBoySalad,shimmy boy salad,npub-namespaced,2,key:5e7e1a5f key:f09a06cb
npub183e2mk60muy6l98se9xhl6f28p48uux03gwctytrs6aj2dw8kxcsw0rcm2:s19-19c7d7fb17a-5b46-group,S19-19c7d7fb17a-5b46-group,npub-namespaced,2,key:2c0b7cf9 key:3c72addb
npub183e2mk60muy6l98se9xhl6f28p48uux03gwctytrs6aj2dw8kxcsw0rcm2:s19-19c7d87a642-9903-group,S19-19c7d87a642-9903-group,npub-namespaced,2,key:2c0b7cf9 key:3c72addb
npub183e2mk60muy6l98se9xhl6f28p48uux03gwctytrs6aj2dw8kxcsw0rcm2:s19-19c7dc3b8b2-054b-group,S19-19c7dc3b8b2-054b-group,npub-namespaced,2,key:2c0b7cf9 key:3c72addb
npub183e2mk60muy6l98se9xhl6f28p48uux03gwctytrs6aj2dw8kxcsw0rcm2:s19-19c7dcba180-16de-group,S19-19c7dcba180-16de-group,npub-namespaced,2,key:2c0b7cf9 key:3c72addb
npub19d86sh8tc3yeus070xus600jf672ymygvjswyzpcxu3wxmmgpqmsn506k4:slobbaThaDonk,SLOBBA THA DONK,npub-namespaced,2,key:286fe8cd key:2b4fa85c
npub1aewpuzcz5ggvultmsudwvmn3gnyadzcuxmqvw89f3ykwdg7u7w7q7qtrcj:yuckyButt,yucky butt,npub-namespaced,2,key:7592868e key:ee5c1e0b
npub1dqflskkn5e2ny3hgpdn43syg2ywdnvt2p0m3h48eut4kkw27dj9snq7ya8:testGoggas,test goggas,npub-namespaced,2,key:6813f85a key:e18f845e
npub1es39x75xamamxmtu7yqz2hjg7tq6yr9rcm5mkt0qrzgt07wdy28qducg0n:testGilbo,test gilbo,npub-namespaced,2,key:cc22537a key:e0dd50a9
npub1eu8lqngaedqn8jpteme7t3emc64jehrywxe0p52pcrvvps2l2mmq9zu05p:s19-19c83126d11-bf5f-group,S19-19c83126d11-bf5f-group,npub-namespaced,2,key:41c8dd1f key:cf0ff04d
npub1fncvaa7yppdlnkkd6kxpqhsr0deazl4z7lmkjweymw00j3a5jjesdjg4m7:zonk,ZONK,npub-namespaced,2,key:459fd777 key:4cf0cef7
npub1ghau6c0a3q750u424vj5xtk0fxaqhu5znl4yk5nwnrpq9f09jdesx5uwrh:yuckButtzDonk,yuck buttz DONK,npub-namespaced,2,key:45fbcd61 key:f9b47aae
npub1heduqa889nqae3phgg0yre6y6nvtzr6ynhtjsvdscdgxvpzjtsmqc3awh4:myNewGroup,My New Group,npub-namespaced,2,key:a39f1649 key:be5bc074
npub1hkyrsqqtgs2kanjfvfutwfqjm40e4v85ud0eeh2kfghlll0hk8hs7gac47:bigZonkay,BIG ZONKAY,npub-namespaced,2,key:350752a7 key:bd883800
npub1jyr8c346fwpmna8zq7e4rp0zu5fmh39ndfvjqnkn0srqa3vul9fs8wvyzv:testBollsache,test bollsache,npub-namespaced,2,key:15493b18 key:91067c46
npub1k8vgumd608hr49xlqppa67vl7tq77vakykxvsmk2aqy30as27m5qkfg5cm:barbaraFoccacia,barbara foccacia,npub-namespaced,2,key:a43871ba key:b1d88e6d
npub1lfpejvfe66a69zc7fzlxsc9gq4tlz23ecye43dh5uryphwsk3wcsdavmjs:testYagglesack,test yagglesack,npub-namespaced,2,key:3e76cc44 key:fa439931
npub1mv0d5wxc76rnexts3ll8p0d9u3xvywxsht4stk9umej3ng20mykqkvqppt:turdstinky,turdstinky,npub-namespaced,2,key:67553b9d key:db1eda38
npub1q6fpdd3azzkka455mgd8wfg55k9csgsefdlcm6x6z3cu02x2z9ps684gf8:testYuckYuck,test yuck yuck,npub-namespaced,2,key:069216b6 key:e44e4acd
npub1rcuh7h6v6hqaz23s8c6d424zr7qdtcu4zqjnfcdgfz833qz3g0aqkrmlfx:testFoggleschmits,test foggleschmits,npub-namespaced,2,key:1e397f5f key:69472b29
npub1rn244v3mnqq57z6g3fcjugu7rg2gveet9am08svph5sqxm6ezcnslalhvc:testGargleMeats,test gargle meats,npub-namespaced,2,key:1cd55ab2 key:f00fb1e7
npub1sg27aflk3mu9vw0kk293rpqmyssvz44pwfde4emane6f70qnxulse3w56a:jimmyJangaSalami,Jimmy JANGA SALAMI,npub-namespaced,2,key:8215eea7 key:8310696a
npub1svgxj636azvze5za4ux99ryd8xdk8rl659qg4l4nkct9q28kth5qcp6av7:scubaGoodingJrFoundation,SCUBA GOODING JR FOUNDATION,npub-namespaced,2,key:6ce1d910 key:8310696a
npub1svrmldxn8elnyfkvtcnkrryuhrua6sgcduucyyne2cjpu75ev2dsjffyls:wildSillyBoys,wild silly boys,npub-namespaced,2,key:8307bfb4 key:fb981aaf
npub1szhzl9mcrgce6zwwxklvch8vk69hm0chdlc2z772mev464m06x0s2jk4ta:testBeenis,test beenis,npub-namespaced,2,key:6d26c0ca key:80ae2f97
npub1t927j9wh58w6v7wh7j0h656wx7693jyu75ake88gyhn0j6xps3xswuph3h:diagopen-1772304696067,DiagOpen-1772304696067,npub-namespaced,2,key:5955e915 key:72d89358
npub1tjtk48gnrjmuuqqkvt32yr8fhfjmpp7x6ytvvgjx77m6z05yjwus064en7:meatstickDonks,meatstick donks,npub-namespaced,2,key:1dab008b key:5c976a9d
npub1vqjxnvcwqg803swqhvnk3sfwxr0mxgxgvczv9x7p44wcc0kdevtqvnxrr5:diagopen-1772304924062,DiagOpen-1772304924062,npub-namespaced,2,key:602469b3 key:6cbc6bef
npub1vqnsdlwul0wd59xh6xagtcjedn2vvf2l5cwvz2weffh7ffjfq3gq0352qh:scoobyDoots,Scooby DOOTS,npub-namespaced,2,key:031aea4b key:602706fd
npub1vyawdp3z3s7n0af0fyens40qzuxyqpwd7csy7vpyfq9daccekpdqltqanf:yelbowFishermen,yelbow fishermen,npub-namespaced,2,key:613ae686 key:8c1a02cf
npub1wm5h5sru6mzqnqfg3cl9t5pc5pl0l5066uwr7w9c5dtpewqefn8qw4m4nt:testYarglemeeps,test yarglemeeps,npub-namespaced,2,key:76e97a40 key:e18f845e
npub1wtvfxkyquzdky3sasqr5mnla76x4zmm0k5p3rjvhkpuwxrlu5gcsn2h9w4:diagopen-1772304806212,DiagOpen-1772304806212,npub-namespaced,2,key:602469b3 key:72d89358
npub1xwkd36h0ek6yahjyz4jljnctezpkksgj9k4tkq94yrd2td0lt8ksmpgxxl:s19-19c82ca9224-a2aa-group,S19-19c82ca9224-a2aa-group,npub-namespaced,2,key:3339498a key:33acd8ea
npub1y49x8wmm0zgcjt0eqegjketkucnrqhy5m656uqygfauu2m3fszzqqh2lzg:s19-19c83384aa9-60c8-group,S19-19c83384aa9-60c8-group,npub-namespaced,2,key:254a63bb key:dcb5d244
npub1yge23k5uvrj3k0jss9cw4tadhqspsjf0k9h7ce8nyuqze0kuveqqryp9y8:testMoomoomama,test moomoomama,npub-namespaced,2,key:2232a8da key:dd24948d
npub1zqhy595g9wgul2tfrugvj8st8u9ptvsew9jm9r3m5ev9598uutesc7eyn4:test24Fresh,test 24 fresh,npub-namespaced,2,key:102e4a16 key:34974b32
2a69c7,Nostr Developers Test,random hex-6,1,wss://groups.fiatjaf.com
nmp,,human-readable slug,1,wss://nip29.f7z.io
0064e4bfe1d15475,,random hex-16,1,wss://nip29.f7z.io
0fe5c432fe6196191c134c666260b2a32fa6edd920ba1c40fcd00b0f27839f98,nos engineers,random hex-64,1,wss://groups.0xchat.com
111,,human-readable slug,1,wss://nip29.f7z.io
1195487f-86a2-42,ΛD ΛSTRΛ's Highlighter,human-readable slug,1,wss://nip29.f7z.io
1223e37e-fd01-4b,yojmbo's Highlighter,human-readable slug,1,wss://nip29.f7z.io
12a4685a-5153-45,Agent_Osman's Highlighter,human-readable slug,1,wss://nip29.f7z.io
14cea29d-3e47-44,A Knowledge Knight's Highlighter,human-readable slug,1,wss://nip29.f7z.io
1814d39f-318f-42,ΛD ΛSTRΛ's Highlighter,human-readable slug,1,wss://nip29.f7z.io
1d3755bc-e3da-4a,Don Quijote de la Blockchain,human-readable slug,1,wss://nip29.f7z.io
23b538,pajamas,random hex-6,1,wss://groups.fiatjaf.com
27170129-b650-4e,noke's Highlighter,human-readable slug,1,wss://nip29.f7z.io
29e90744-0924-42,yojmbo's Highlighter,human-readable slug,1,wss://nip29.f7z.io
2ba3fa60f123533c,,random hex-16,1,wss://nip29.f7z.io
2cb77481-e202-44,Hunt Tickets's Highlighter,human-readable slug,1,wss://nip29.f7z.io
32d5e8aa-60be-40,Agent_Osman's Highlighter,human-readable slug,1,wss://nip29.f7z.io
37609928-bedd-43,Promethean Softwar Sovereign's Highlighter,human-readable slug,1,wss://nip29.f7z.io
3aa91029-0ce9-4d,The COG Catholic's Highlighter,human-readable slug,1,wss://nip29.f7z.io
3debc06df0d3c96fb8ba79332b6049a677a99e95feea3781c34be1998c1e855f,,random hex-64,1,wss://nip29.f7z.io
4088bea6a27d,,random hex-12,1,wss://nip29.f7z.io
4b821ed73d95e922,,random hex-16,1,wss://nip29.f7z.io
4c67199f561cec9c,,random hex-16,1,wss://nip29.f7z.io
4d935ff29bac46134a7027efb2b36d9a5c255341220dbf5ab98ab48a4d3c1649-210384,phrn's Highlighter,human-readable slug,1,wss://nip29.f7z.io
52c8a3c9-acd3-4d,Dug's Highlighter,human-readable slug,1,wss://nip29.f7z.io
5a2e003f-d857-41,The Bitcoin Zodiac's Highlighter,human-readable slug,1,wss://nip29.f7z.io
5b9d167e-7a06-46,The Bitcoin Zodiac's Highlighter,human-readable slug,1,wss://nip29.f7z.io
5ca4afd4-1d75-46,The Bitcoin Zodiac's Highlighter,human-readable slug,1,wss://nip29.f7z.io
63b6e04f-9cca-4b,The Bitcoin Zodiac's Highlighter,human-readable slug,1,wss://nip29.f7z.io
6585f598-5fa9-46,phrn's Highlighter,human-readable slug,1,wss://nip29.f7z.io
674b27c3d58a7503,,random hex-16,1,wss://nip29.f7z.io
6aaa3c349261a023d893ac13f272d996f8aa1b866ca4bba98c4ce75be085f5ba,,random hex-64,1,wss://nip29.f7z.io
6d6b1082-a457-4b,Promethean Softwar Sovereign's Highlighter,human-readable slug,1,wss://nip29.f7z.io
6f732c8bd027,,random hex-12,1,wss://nip29.f7z.io
742a3632-edea-4b,VonNaturAustreVe's Highlighter,human-readable slug,1,wss://nip29.f7z.io
7595e44d-f358-4d,,human-readable slug,1,wss://nip29.f7z.io
77ef46f0-2b7a-4d,The COG Catholic's Highlighter,human-readable slug,1,wss://nip29.f7z.io
792a9bd8-0fb6-49,phrn's Highlighter,human-readable slug,1,wss://nip29.f7z.io
79ff8db0-858d-4e,The Bitcoin Zodiac's Highlighter,human-readable slug,1,wss://nip29.f7z.io
7fb43cdfa7c45377,,random hex-16,1,wss://nip29.f7z.io
80df87,,random hex-6,1,wss://groups.hzrd149.com
81231fe4-0931-49,,human-readable slug,1,wss://nip29.f7z.io
82c996ad-c7af-46,yojmbo's Highlighter,human-readable slug,1,wss://nip29.f7z.io
843e19665836afa8,,random hex-16,1,wss://nip29.f7z.io
8688c521-11ee-4f,,human-readable slug,1,wss://nip29.f7z.io
875f6898-65c7-4c,The Bitcoin Zodiac's Highlighter,human-readable slug,1,wss://nip29.f7z.io
9051185c-261f-4b,,human-readable slug,1,wss://nip29.f7z.io
919451c0-49f2-4e,,human-readable slug,1,wss://nip29.f7z.io
9226dc9a34cce180,,random hex-16,1,wss://nip29.f7z.io
92fd7052-4168-43,phrn's Highlighter,human-readable slug,1,wss://nip29.f7z.io
955e2407-de32-44,,human-readable slug,1,wss://nip29.f7z.io
96844506-ccc8-4e,noke's Highlighter,human-readable slug,1,wss://nip29.f7z.io
999d831a-1518-48,James Fairweather's Highlighter,human-readable slug,1,wss://nip29.f7z.io
a2249edf-2ee4-4b,Palavra de Satoshi's Highlighter,human-readable slug,1,wss://nip29.f7z.io
a3cd0527-3dcd-42,The Bitcoin Zodiac Podcast 's Highlighter,human-readable slug,1,wss://nip29.f7z.io
a3de6b6c-7ed3-46,James Fairweather's Highlighter,human-readable slug,1,wss://nip29.f7z.io
acfeaea6e51420e8068fac446ca9d17d7a9ef6a5d20d93894e50fee3d4902a84,,random hex-64,1,wss://strfry.ymir.cloud
adhd,ADHD,human-readable slug,1,wss://nip29.f7z.io
ayspeyslothoo,,random letters,1,wss://strfry.ymir.cloud
b46af6b3-4f53-43,Dug's Highlighter,human-readable slug,1,wss://nip29.f7z.io
bitcoin,bitcoin,human-readable slug,1,wss://groups.satsdisco.com
c4bad5113fa7,ADHD stuff,random hex-12,1,wss://nip29.f7z.io
c90bb4bc-67ef-40,Untitled,human-readable slug,1,wss://nip29.f7z.io
ccba5383-9095-4f,Promethean Softwar Sovereign's Highlighter,human-readable slug,1,wss://nip29.f7z.io
d446ad,RxJS and nostr,random hex-6,1,wss://groups.hzrd149.com
dc105660-e591-47,,human-readable slug,1,wss://nip29.f7z.io
dd8a71be-2748-4c,Jane Mayfield's Highlighter,human-readable slug,1,wss://nip29.f7z.io
e474b197-0da1-4c,Phronesis' Analytics,human-readable slug,1,wss://nip29.f7z.io
e71f680e23702163,,random hex-16,1,wss://nip29.f7z.io
e756a5fe-c2d0-44,The Bitcoin Zodiac's Highlighter,human-readable slug,1,wss://nip29.f7z.io
fa96d6f796bc3c81,,random hex-16,1,wss://nip29.f7z.io
fbeb576c-0b2c-4a,NiPPuR's Highlighter,human-readable slug,1,wss://nip29.f7z.io
fe084b2590da7390,,random hex-16,1,wss://nip29.f7z.io
fea1dd21-605d-49,Palavra de Satoshi's Highlighter,human-readable slug,1,wss://nip29.f7z.io
oycleloughr,nak,random letters,1,wss://pyramid.fiatjaf.com
oysloughfidr,Igneous is Bliss,random letters,1,wss://spatia-arcana.com
signal-over-noise,Signal over noise,human-readable slug,1,wss://nip29.f7z.io
000521956cde24411a94fe9736a1bc2a7b30c697e9cb254fafaf21e3647e3992,cornpopcorn’s group,random hex-64,1,wss://groups.0xchat.com
0038482c87708cb316de31c1ccade71ff892230271afe0d00082372f2d207651,tchat,random hex-64,1,wss://groups.0xchat.com
003f2487c9c411579a4abc238cfb337e81d86bc18a11fa7ab5611efe59a5e0c7,opengroup1014,random hex-64,1,wss://groups.0xchat.com
00e90f8b6d7546cb,,random hex-16,1,wss://groups.yugoatobe.com
010e6db6bed4cab08344e248937119e7dc9a7ad27223553ee6e9e21895bdc630,test create group,random hex-64,1,wss://groups.0xchat.com
016549c04502942c0cb3ae1af1809420b53669a8b7693035e77067693589d137,closed4,random hex-64,1,wss://groups.0xchat.com
018240274963118308,Test12345,numeric id,1,wss://groups.0xchat.com
01c71b7ed67838785b47a687cd77c427b84688124067e28550c8ba228c250e13,读简堂,random hex-64,1,wss://groups.0xchat.com
02748c32d29136ee674f60d00700794d1e5da427f7acd54781c936db7290fdb2,sssss,random hex-64,1,wss://groups.0xchat.com
0287c38e3f13f7f8,,random hex-16,1,wss://groups.yugoatobe.com
02b160aacd673d54a1dedea33bc3697231290d1e92ad6e192ad757ca41df4e0c,BTC UK,random hex-64,1,wss://groups.0xchat.com
02e3e7a903335427,,random hex-16,1,wss://groups.satsdisco.com
02ff64,KC Bitcoiners,random hex-6,1,wss://groups.hzrd149.com
030d3ab1f3b9a4cc2354c2ad788a86fbda4affd4ae0cb7430a2eba4b66028c2d,是不是又,random hex-64,1,wss://groups.0xchat.com
0342e576f8a9a7d30a3198ebc9046f490b5027ee1b97af0a4cccf4615c7f366d,groop,random hex-64,1,wss://groups.0xchat.com
037d6f754bbbd50d,,random hex-16,1,wss://groups.yugoatobe.com
03a2bec6ed2c20484da38c42948654c8f205d231fcb75613a5b4b9d02810d211,,random hex-64,1,wss://groups.0xchat.com
03a691af8703415fff714ebf7cd6704555dc2a357b2eed8ee2845dd0b233c63d,a,random hex-64,1,wss://groups.0xchat.com
03b992c8c6919e7aff5c13a5fd995a97fa66915ae560ee83f2ef8b997c6fa35b,Ахилар,random hex-64,1,wss://groups.0xchat.com
03e1507c328fd7f81a5282a0a549a3bc100feec9871cf699f3a9e2692cbefe9b,!!!,random hex-64,1,wss://groups.0xchat.com
04064290275826621,1T1,numeric id,1,wss://groups.0xchat.com
046e994f5b4eae2cbd31e5fded6d82b93ba3d27699657ed87f42e605c146e7d2,close3,random hex-64,1,wss://groups.0xchat.com
04b27cf4ddb8d285e2ee866779a2dea8c045d3d4398844a3636bbb466a82a0c7,test aaabbb,random hex-64,1,wss://groups.0xchat.com
04d4d531723c06be5a60f5be2a47fb6ec3881ecb58fd883e4cc945cda5fb83fe,てすとてすとてすと,random hex-64,1,wss://groups.0xchat.com
04d85b12228f656b,huga huga,random hex-16,1,wss://groups.0xchat.com
05a4b61e6d4f7bc4,,random hex-16,1,wss://groups.satsdisco.com
05b5d2e3bf397d3e,teste Agora,random hex-16,1,wss://groups.0xchat.com
05e841c1e735ef032c879d262aa47b8ced040803dd5a53502c3ca5b6872b9496,Testing WhyB,random hex-64,1,wss://groups.0xchat.com
0613e3bf0dee67f997ba826a18e71596f4f421f24b17547d1aa08a752b49592d,test,random hex-64,1,wss://groups.0xchat.com
061a56ead07c699fd7626b522cae4bc36cdbc96ab522ee140e834aeea0fc9e83,xxx,random hex-64,1,wss://groups.0xchat.com
06315df3b2d14af5788a4b021bd3ebb5d11e4d967dabad6f8617f21432a21e0c,Relais de SESSION,random hex-64,1,wss://groups.0xchat.com
06327235814d972753e13dde82a6450ced906d2fcec29a164d0a8d4dc909665e,TAREAS,random hex-64,1,wss://groups.0xchat.com
0676b39b1a94f63bf0d845ca4bead330845327f1051838e8f83983da7c602760,Swiss Chit chat,random hex-64,1,wss://groups.0xchat.com
0679615a85bf8cb3,Test@,random hex-16,1,wss://groups.0xchat.com
06bf222e52d77e67fba57e5eb675460f6c43a277c8308ff06512756214430ab4,Ha,random hex-64,1,wss://groups.0xchat.com
06e04f60b288f67e6d5395aaa7f7795e464636fb2ae5c5950a974127caac7a88,Campervan nomads,random hex-64,1,wss://groups.0xchat.com
06f2c83e986bcc5fef728d67fea37af5642cd96d53d5301d5f88ae87b4c53534,satstonerz,random hex-64,1,wss://groups.0xchat.com
07732081676573888,Test,numeric id,1,wss://groups.0xchat.com
08507cae35404a71,,random hex-16,1,wss://groups.0xchat.com
089daaffaa70873d,,random hex-16,1,wss://groups.0xchat.com
08c506007f3f68c1ea376de6edb3ae44b69837e82f2876de8862d663e68ecf24,ccj,random hex-64,1,wss://groups.0xchat.com
08db4b12ebb55290aabaa2d8f29ef6c1e9a0f3d6532b6448c27b60434e7e32cd,1.3.4.group.online,random hex-64,1,wss://groups.0xchat.com
090fd4902a497aeea26ff9e70f2647e18280335462e0871a2f1e3782ffd7d117,,random hex-64,1,wss://groups.0xchat.com
09660640000216936,,numeric id,1,wss://groups.0xchat.com
0971ddd86386491aff5472c468ab284326bdbdddb59272782448b39d23086470,test ,random hex-64,1,wss://groups.0xchat.com
09d3376d7c9d4de9,,random hex-16,1,wss://groups.0xchat.com
09e356d91dfe64b25dde8eee2d2046319f7075305b8fe13248f514f9aaaf4e74,hehe,random hex-64,1,wss://groups.0xchat.com
09f1b4714fec47814a9c8c09b646ea16196246f390f9016d1511b808401724ee,～～,random hex-64,1,wss://groups.0xchat.com
0CED3128-A0CF-4B85-A92F-920B9C570354,テスト7,human-readable slug,1,wss://groups.yugoatobe.com
0a2260,,random hex-6,1,wss://groups.fiatjaf.com
0a3991,blossom,random hex-6,1,wss://groups.hzrd149.com
0a3dad249f4eda40541f9242fa20ef31399d3dcdf3705dea5b8f59e137bae0c5,PerCoders,random hex-64,1,wss://groups.0xchat.com
0a4fb1eb9972d92b1f1c2ad055aa54657460d539be220318e60dab79b1ddc2c8,,random hex-64,1,wss://groups.0xchat.com
0aa6881785721955,,random hex-16,1,wss://groups.yugoatobe.com
0adcb08672cdbcdf,,random hex-16,1,wss://groups.satsdisco.com
0b4c35e1f2551cf3,Test445,random hex-16,1,wss://groups.0xchat.com
0b9e5ff8bd59de6d6238cd78207601947ee7e231d3fd9d3b10cbb7bb98c13cf2,💸,random hex-64,1,wss://groups.0xchat.com
0bdfff7a01de485de1343b83ec11b0d66d92e4d75e8c5851a05dab288be4f0aa,,random hex-64,1,wss://groups.0xchat.com
0c32bf7007184bc4,,random hex-16,1,wss://groups.satsdisco.com
0c3c7d8af2c463c9135e196c1c14fa178a75719ec772f192b3af6d793dd6cc38,Aceita Bitcoin ,random hex-64,1,wss://groups.0xchat.com
0c4f71658cd29ae2,,random hex-16,1,wss://groups.0xchat.com
0c5c5b55-7d07-4ebf-b218-a4901b412605,0c5c5b55-7d07-4ebf-b218-a4901b412605,uuid,1,wss://newlay.relay.tools
0c7088425b4bc22d8f029908e779df7ca691d1341ed0478d7eea1ddb705be422,哈哈,random hex-64,1,wss://groups.0xchat.com
0c8acbc03a445e3948b3b56f33975695e23168197b17306469bdce8902dfcda8,Decentralised chat ,random hex-64,1,wss://groups.0xchat.com
0ce8e16f5a610e955a4c5489e566188884ea0e215ec27c82834fcb6b9c2222d8,TestCloseGroup,random hex-64,1,wss://groups.0xchat.com
0d23c8cc91d809fe76041681a347cab9eda50a51c65c0a1b209e1a5fe52c9ef7,asd test,random hex-64,1,wss://groups.0xchat.com
0d24b19985b09f43,,random hex-16,1,wss://groups.0xchat.com
0d8ec03665bc8981,,random hex-16,1,wss://groups.satsdisco.com
0db0367cff77869b,,random hex-16,1,wss://groups.0xchat.com
0dc7d150d64a22d6,Support liming,random hex-16,1,wss://groups.0xchat.com
0e0b1dc40ff8f26bb6ff3a4245f0eae0d9e8cfceba35152df2aaea340951607a,Glava,random hex-64,1,wss://groups.0xchat.com
0e2be7ae24b0434aaba08a13f49c3d84475969c96c220094e7455cf56c9dbf56,BitcoinWalk in Columbus Ohio,random hex-64,1,wss://groups.0xchat.com
0e3b1c,Gaea's Children,random hex-6,1,wss://groups.fiatjaf.com
0e52ac8ca723bcc3167b52a76020eaf09cb08aade333422d9d4bfdf058832a86,Crypto Laishu,random hex-64,1,wss://groups.0xchat.com
0e72aa,groups.nip29.com,random hex-6,1,key:00bb97ab
0e746e7dffb03b8d141eb964a2c9ac3d5805df44a9f2cd921283007ed3924d08,General Rants & News,random hex-64,1,wss://groups.0xchat.com
0ea9e14d7f031767bcde37b646f8d3097db54cf889a960ae0c39d48e2a7bba47,x,random hex-64,1,wss://groups.0xchat.com
0eb37d096bcaf732fb0f0411631d09d5dce1f9e04b565818bf401d81f9573311,,random hex-64,1,wss://groups.0xchat.com
0f3a6e7ca2fc9f03351be2c1500dd499b820d911f2bbbea00f203acb2677bb40,0830open,random hex-64,1,wss://groups.0xchat.com
0fcd6cce1ac3a8c18332f44d05f284babb4616d01d15dc6faca94ea979a2148c,Bollywood songs,random hex-64,1,wss://groups.0xchat.com
0fd79bd82fbf0d7b,azaza,random hex-16,1,wss://groups.0xchat.com
0lafhqLf3wwXohQx,AIArt,random alnum,1,wss://groups.0xchat.com
0mbaj103sccd,hello,random alnum,1,wss://groups.0xchat.com
0qaPeRJR1y1JbOyk,,random alnum,1,wss://relay29.notoshi.win
0sl9q6immu,,random alnum,1,wss://groups.0xchat.com
0x0tLAXmNmnTTTS7,Rabble Rousers ,random alnum,1,key:00bb97ab
10027f7a402b5ec5b5a45d148108157b8c64d0f6f63883f198ee1f93550c7042,隡佗发明了貝鍞(Satoshi invented Bitcoin),random hex-64,1,wss://groups.0xchat.com
102cacc820c2e1f1,,random hex-16,1,wss://groups.0xchat.com
102nc3tgyxc0wmolipg0,,human-readable slug,1,wss://groups.0xchat.com
1058ca742406e40efac4681772eb816298c76ffe474c08fb0f27599545526d87,The Survival Podcast Community ,random hex-64,1,wss://groups.0xchat.com
10da9f737383c0378230dac8f9ea2e1da2465cb95325720d8d5203383aea0f8f,test,random hex-64,1,wss://groups.0xchat.com
10db972a8654babf54f4bcd1cc76713be172c41eb5d3e0b1f170618fc9f9227f,group0905002,random hex-64,1,wss://groups.0xchat.com
11233e08cf4be8fd37124a66d3567b3b,WeLovePrivacy,random hex-32,1,wss://groups.0xchat.com
115033,StarCraft,random hex-6,1,wss://groups.fiatjaf.com
11619256747325979,test,numeric id,1,wss://groups.0xchat.com
11772a01c31d70eb8d8869d4f929460dfb6f940dfc009c420edf0af34826c555,test,random hex-64,1,wss://groups.0xchat.com
118e757e538b3ac8cb361cda6b82c314d4c5b8b06b3287d9c3020d88191c90d3, hjjgbbbhbjujj,random hex-64,1,wss://groups.0xchat.com
119057a5e208d8e7,,random hex-16,1,wss://groups.0xchat.com
11a1a23f51f389af1c6a08589bdac692e9033271f20ed5efebd085f1ebb0d78d,,random hex-64,1,wss://groups.0xchat.com
120999288eb80fc0d26564dcfc4d34480daa623f55933427c75907bb56c0726b,amburadul,random hex-64,1,wss://groups.0xchat.com
1229ccb44ea7093b85ba8360e867fe4acf887d3fd8db5e0020222dbd9065cae8,,random hex-64,1,wss://groups.0xchat.com
1241e30efd5e33b3d80c90e6edf82a4e9ff288e1554db78acd05c7d4697a7e54,grupo de incha,random hex-64,1,wss://groups.0xchat.com
126218d04778cbe86187cc659ee56758db28f0472cea7c299d6ec44c3722e6f0,Парочка,random hex-64,1,wss://groups.0xchat.com
12843664346001282,voice-chat,numeric id,1,wss://pyramid.fiatjaf.com
129be45b4c641e1555742b17c17834c68dc65badc712355c33462c7e48c56242,,random hex-64,1,wss://groups.0xchat.com
12d0b9ecfd2510419009d1afd1af94605eb0991d24ae024b82d1ecb03c7ec9a6,,random hex-64,1,wss://groups.0xchat.com
12f8f318,,random hex-8,1,wss://groups.0xchat.com
13280218246181108,Test123,numeric id,1,wss://groups.0xchat.com
1352b6805378d9b44e34a095a3c17d6f418a520ebf94abbd940ec1e77c68d935,test group,random hex-64,1,wss://groups.0xchat.com
1366f15eedb709760468a71f4eb7b41e1db2105f7e5de30bbb3100ae7e79c01a,test,random hex-64,1,wss://groups.0xchat.com
13e4f33418de681d,Test 1,random hex-16,1,wss://groups.0xchat.com
13fd4fe886b1610e06e24b346a1cb72b6196efd7d7b7d1a505d28bc2618308f0,涵涵,random hex-64,1,wss://groups.0xchat.com
14130234563112465,Indonesia,numeric id,1,wss://groups.0xchat.com
14424957f7da193e5becf79028b743f0dcf1a8188e07fc8ff29c1dedd56d4f94,TestCloseGroup,random hex-64,1,wss://groups.0xchat.com
14447f9e93d140dd69604e21c6381b1436e250ae72b815320ffef152bb5c8ae1,tray,random hex-64,1,wss://groups.0xchat.com
1459366d6b8b366228b9afaa0bbb6b98b45d3ccc9054d343ba70dfa2014cbcb2,Wstęp BEZPROPAGANDOWO,random hex-64,1,wss://groups.0xchat.com
14882a0fb6bd3653fbda2a293c66e21534143cf2689bdb16733ea8088a360f77,Nothen,random hex-64,1,wss://groups.0xchat.com
14b5c4c876fa3dc878e1b6d86170dd790303fe250a26cbb2357d4e3357122d82,test,random hex-64,1,wss://groups.0xchat.com
14d56e3670624ea1ba783602a9879a9d6635ed1857a2802ea60e63840c50b82d,нннннн,random hex-64,1,wss://groups.0xchat.com
14fd1a2f8413fc23,,random hex-16,1,wss://groups.0xchat.com
14fedb0e296c8a983e6ee6a8a4e423b41aacbe6c2e99a48f73213b4fd158438c,Brasil Libertário ,random hex-64,1,wss://groups.0xchat.com
152970b0960b4eb9d5230fd2e5c1e0951eb7504b0ff93e94b0fb0fbb39ed3298,Soberanía + economía,random hex-64,1,wss://groups.0xchat.com
153a65620a24bb6490d47c2178ee4c082bf8ae10faa66fa6344f452064ccc72a,mom,random hex-64,1,wss://groups.0xchat.com
156ff86201953544ddc7d0669de4f531c91d43bef6862da6f026f72f0a269693,Client Focused DEV,random hex-64,1,wss://groups.0xchat.com
1594906815759518,bot_battles,random hex-16,1,wss://groups.satsdisco.com
15b86ba690352d7e1035f2247e3bf9949812e6946a3483cc948469ada989f47d,test 2,random hex-64,1,wss://groups.0xchat.com
16220ad325298f7aad5b120535a28b0a0fbff316a708b7ede3b6b943ca30bbab,Primal,random hex-64,1,wss://groups.0xchat.com
1651db5e30c99ed0c550a36a048357a8,IPTV 🇨🇵,random hex-32,1,wss://groups.0xchat.com
1656be57fad27104,Only Instrumentals,random hex-16,1,wss://relay.zapclub.io
16b1df96136b5a3e2612610da5d7b8f47970a8e9718cbf52158e0e155f49555a,Alexaa/Tattoo Moscow,random hex-64,1,wss://groups.0xchat.com
16e99c173423b8fb2cca007698353db0aceadc82b0b20008c3417928e0de2eb3,testr,random hex-64,1,wss://groups.0xchat.com
17043fb055a99bae6418218120257c155764247065c5b234de1b51e2ae899359,,random hex-64,1,wss://groups.0xchat.com
1735541313003-asdfasdf,asdfasdf,human-readable slug,1,key:76c71aae
1735541589652-asdfasdfljasld,asdfasdfljasld,human-readable slug,1,key:76c71aae
175d224b37541e7b1a48b59b2888807530bc1f15daf7f3bc4fe1097660ebf8e3,Factorio must grow,random hex-64,1,wss://groups.0xchat.com
17631ef7522e85e2ec06c24214938f94743aca35f875dece9c35115352906582,ppooo,random hex-64,1,wss://groups.0xchat.com
17773997295958577,Get Feedback,numeric id,1,wss://budabit.nostr1.com
17b507769f0bcd25fbeb168632e2224fc1fef7dd067a55ad861f0f2bcf9513f9,Nostr Nederland,random hex-64,1,wss://groups.0xchat.com
17bo9dus251ajthw3o0o,投资交流,human-readable slug,1,wss://groups.0xchat.com
1805953a3f808f47bf1d55ef8583ba5bfdb57820e034310c1b3ed2f2c8bc0bef,teste,random hex-64,1,wss://groups.0xchat.com
1807409d07c8b6f76f0460d5b1b594bb0d697bce303bf71dc817dba9c3f99b55,#DocChain 👨🏻‍⚕️🏥,random hex-64,1,wss://groups.0xchat.com
1814b0e025628103d0e3062c0d6e7bb1338eca9606dc21a63fa7c36553124131,qqqqqqqq,random hex-64,1,wss://groups.0xchat.com
1827778ba8ce3c14,,random hex-16,1,wss://groups.satsdisco.com
1878ee5a0e0ae56c,,random hex-16,1,wss://groups.satsdisco.com
18b45562b39f46d89a8825d3c5b263aba3158f00b8b2ca7c568075c0f94e91d4,Spice,random hex-64,1,wss://groups.0xchat.com
18e0ac744d19dbdeafbdf094743e41f8e3f4fad71becc201ed540abf2bf32589,trat ,random hex-64,1,wss://groups.0xchat.com
193719a579a41fd94d23f5f19dfafc8e47c1f9885ec1dcfda8d7f0baa8b3a2cd,DMT (N-Dimethyltryptamine),random hex-64,1,wss://groups.0xchat.com
1949ce5e24da9820a488bda72410d0d177d51f7db6570dd688a55cf7cf393d79,开放大学,random hex-64,1,wss://groups.0xchat.com
1C997A5C-4E72-4151-A4A3-AEC1EF995EB9,てすと15,human-readable slug,1,wss://groups.yugoatobe.com
1a1be2dd9b8d37446c6e61c293ab14118295cc7216c7b1fddcb55fbc91ba78bf,Bitcoin London,random hex-64,1,wss://groups.0xchat.com
1ab83fe906716db2bd2135c56ba8156236b67470e4bcc226301d1e8db9d3db0d,Le nom du groupe a changé ,random hex-64,1,wss://groups.0xchat.com
1ae37298812b24d64411674a01f528f1f91b2c72a6c5eabddc6b6a0cbd96ef1b,potabrowser,random hex-64,1,wss://groups.0xchat.com
1b42884c-8e1b-44eb-b0c8-8ab229328233,,uuid,1,wss://groups.0xchat.com
1b50efdc4edf81ea4287d03c659a6edfefb4b6615792715b12cc562661665a57,core 4,random hex-64,1,wss://groups.0xchat.com
1b58fdec16a297c2,tesst,random hex-16,1,wss://groups.0xchat.com
1b601d8d519cea6f67f1aeff5a2222dba9f70b7e96b2bc60103701a4e4407776,,random hex-64,1,wss://groups.0xchat.com
1c4b2414dbdab95bc98b05cf98b08e09cf92229c482a7c1a1d79dd5aefe68eaa,M350,random hex-64,1,wss://groups.0xchat.com
1c57287fab2eafa7eac733baefd0bf35e4baf164937c9dfb0c5bbff0b91e967e,pedo group,random hex-64,1,wss://groups.0xchat.com
1c5ff3caacd842c01dca8f378231b16617516d214da75c7aeabbe9e1efe9c0f6,,random hex-64,1,wss://strfry.ymir.cloud
1c84eac3-a0de-4632-a593-bbcc006ca4cc,smoke-harness,uuid,1,wss://newlay.relay.tools
1c8d6b2923c468ca1414c39d945fa55be4917b296cc6bdf23838f4e818024963,chat in private,random hex-64,1,wss://groups.0xchat.com
1caa428dc385f4e4dd38862cb0c4e670b48d2c16d6a98a10a4c452dcbfd05c84,test reactions ,random hex-64,1,wss://groups.0xchat.com
1cbc9bab9073c391749a12e228b3828fababe8678d8cfacca852de4f6465ced5,Albany Chat (Closed),random hex-64,1,wss://groups.0xchat.com
1d63242e3e7e0634fb12261b59e7575d412c8a2d356ad7b769d0c4992dfe657a,FOSSCAD,random hex-64,1,wss://groups.0xchat.com
1e566bb65296cc60774b0533a1c3bef821e0e9a37f0b05cb8c52625a5cb44854,Social bookmark link NIP initiative,random hex-64,1,wss://groups.0xchat.com
1e6358edf56c441a,,random hex-16,1,wss://groups.satsdisco.com
1e7dad,flobby25!,random hex-6,1,wss://relay29.notoshi.win
1e952378c6919b987d85b6745978dc72cd1cd8d9b1bad7916762e4b27bb38d2a,10,random hex-64,1,wss://groups.0xchat.com
1eb558418a504c8fa2892c345b5f558021f57617207136abda468425db83d0c2,Treasures of Daily Bread,random hex-64,1,wss://groups.0xchat.com
1f0f159b9c2fb728,,random hex-16,1,wss://groups.satsdisco.com
1f34141b58e27abde44ef937c8efe96431c3fa7cc99a70a6e3cf3b1998156517,JuiceDrops V2,random hex-64,1,wss://groups.0xchat.com
1f6a46f8127c1db3566a3987cbc7a030e61955b1b395afbe413bc69006f729e5,,random hex-64,1,wss://groups.0xchat.com
1f82106d13e55e31c817f93c0fd2589c45fb8f375211812e9f3d57f959e737fb,Test,random hex-64,1,wss://groups.0xchat.com
1f992f6c8708c5f9,,random hex-16,1,wss://groups.0xchat.com
1fbf6474094ae7e8,,random hex-16,1,wss://groups.yugoatobe.com
1fc55f3c654c7c27,random,random hex-16,1,wss://armada.dreamith.to
1fca5bb2-7b6d-4935-a404-3d7be11c1aeb,1fca5bb2-7b6d-4935-a404-3d7be11c1aeb,uuid,1,wss://newlay.relay.tools
1fd440681f7e3e397e808f9d05520f77e67a6b334b6cd2375c9df4b7adbcd971,Sevilla Bitcoin Only,random hex-64,1,wss://groups.0xchat.com
1fe5e49a8289082b0cdc8aac2ea1f4ded48850379a9205b04c3079b26545a732,Me only group,random hex-64,1,wss://groups.0xchat.com
1iwpuIdviJeXEGTe,Linux,random alnum,1,wss://groups.0xchat.com
1kFefAOIecPMqvvA,Circuitry Hub Insights,random alnum,1,wss://groups.0xchat.com
1zmin86fs4c7,Agent's room,random alnum,1,wss://chat.wisp.talk
200c39bd98274455,,random hex-16,1,wss://groups.0xchat.com
20c89f44dd634a48ef641ae3ba74d9e665bbbe0eeb234f19a8859344551282a0,💰牛超瘋💰,random hex-64,1,wss://groups.0xchat.com
212aa3cc502e9a99,,random hex-16,1,wss://groups.0xchat.com
214342e4ace3b059205c413a5e7ab0e887d78a5ec9919e41cdc55847a8efe4f2,,random hex-64,1,wss://groups.0xchat.com
214cf9247330f99b3e3e8654aa24734999494f7cd4f0a797575487ee0d6bfcbd,Brasileiro,random hex-64,1,wss://groups.0xchat.com
219c665725d23858,,random hex-16,1,wss://groups.0xchat.com
21dcd3a56a451f3c2880c4325567665b1fb058440d7ca09593a6c9296669c8ab,,random hex-64,1,wss://groups.0xchat.com
21ea6cd094c460de20642cdd17aa43d41d252c2a769267bd44ba80aaa8ef3692,플렙카르텔,random hex-64,1,wss://groups.0xchat.com
221af18789b3c64f,Eutonaágua,random hex-16,1,wss://groups.0xchat.com
22214abb53436080b64dccf49deb291185fa2d6b8671980f12d948c1bf148f17,The UwU Crew,random hex-64,1,wss://groups.0xchat.com
2232e31a431dbe84,,random hex-16,1,wss://groups.satsdisco.com
22373fb79f5162c3a745365fcd1a266319cc82741d3e0baa29126ccbd36cd497,—-,random hex-64,1,wss://groups.0xchat.com
228cf0a26846c99abef9a033ff1723c6,inter,random hex-32,1,wss://relay.scuba323.com
22b64aa8792587f1d08d868f55b8789cb52a4c1c3c0f55700c6610e7abbd9e5e,prueba,random hex-64,1,wss://groups.0xchat.com
232f1f3d1b6477fd3013f8be97c1740c8bf76a14b89e756c8ce1c9a6289da5cf,sex,random hex-64,1,wss://groups.0xchat.com
23455117079000176,chuva,numeric id,1,wss://pyramid.fiatjaf.com
238f5f85568c108eab78abc860c58049da74002ba9a1542a63cb3f40621491e6,940707,random hex-64,1,wss://groups.0xchat.com
23db16413b2afb1564d74ddced4cb8a0bce7681880939588cb86945571a0f07f,Test♻️,random hex-64,1,wss://groups.0xchat.com
23f0b44fce4c064ac50baba7698315e71f7c5c250735f983fc120dfeb7425ef7,PPRGB ,random hex-64,1,wss://groups.0xchat.com
23f1ef,CENTRAL MACATUBA,random hex-6,1,wss://groups.fiatjaf.com
23fe5f5206e16e00,,random hex-16,1,wss://groups.0xchat.com
24405ffc30043cec1d75dd8258b2a1fe608c8107cab8f0175c43f078aadbadf0,Bitcoiners Bulgaria,random hex-64,1,wss://groups.0xchat.com
244f30b4d9cf9a3c52f2e56ef46f41f950000ef35d6a8bc85a74bf09d1bd77bb,testnewgroup,random hex-64,1,wss://groups.0xchat.com
247dfd22950aa6140677be8af14eaada1dcaa98ebd50efe21a325d6918d6b7eb,BTC-Col,random hex-64,1,wss://groups.0xchat.com
24895e82bea9f72204bd9d393231c1ee92f5ce049bffac0c50004eb2b56bab88,Nostr 勉強会,random hex-64,1,wss://groups.0xchat.com
24a296f938334d1b,,random hex-16,1,wss://groups.0xchat.com
24bf4b2785c81d7e21164a259afbb092b26dd110bcd3281aac81fc0694ea3405,Gardening,random hex-64,1,wss://groups.0xchat.com
24d93ca42f86d90f0ac89e2386284f7408d24f03bab6fdbd511f3d428c34d0f8,1144test,random hex-64,1,wss://groups.0xchat.com
24f1733de52bb812cc744096880658f392dd12aaa662be015fb58ffef6cadcc1,0xChat closed,random hex-64,1,wss://groups.0xchat.com
2512126d7de1bd4a1530bc2f3b4fe2c46d7df81625e66f07b326dc5ee33c8933,,random hex-64,1,wss://strfry.ymir.cloud
25304452b88b9edc,,random hex-16,1,wss://groups.yugoatobe.com
2539eaee251d24d4f49723421c43b42d76fe1dc00b10d08efe8a60d369362973,yugotest,random hex-64,1,wss://groups.0xchat.com
25457aabd42e15c25c6a206991f7fd69fd5a328c4771ce5718f8bc13a2ff3eee,,random hex-64,1,wss://groups.0xchat.com
26009600-1323-43b9-897b-6ad7a683e575,,uuid,1,wss://strfry.ymir.cloud
261b5ed87c8f4a40,,random hex-16,1,wss://groups.0xchat.com
2660594122011c5a1f13cfbb73d822658fbd3dbf303c4b44ea53d8e9f290d911,MAS,random hex-64,1,wss://groups.0xchat.com
274f4fab2503c00ad9485c4eb93750e3b1b486e47d0d0a227d9ea0b07998733c,124TestOpenGroup,random hex-64,1,wss://groups.0xchat.com
2764e5be5a5cdf724711b12468f5e380eab2b3ab08ee3f62d28fe6fcaeaa0d03,ghhu,random hex-64,1,wss://groups.0xchat.com
27bbd560380098a9d710d8f27d0eda30b5d4d2e79a8cf648ce48fd12f025c0b7,NOTAS,random hex-64,1,wss://groups.0xchat.com
280ec436a7706cc304340fbda18528ba7400dd491fc04dc90766f97616e19939,Bitcoin NOLA,random hex-64,1,wss://groups.0xchat.com
28410b3cd9b3a01dd929dfed3076b409c15c8529a8775dde9a30ac8006ddd3a3,20241213,random hex-64,1,wss://groups.0xchat.com
284fa49a8ebbbe3e,,random hex-16,1,wss://groups.satsdisco.com
28ae3cba61711557b0cae6aeb8c5c8b25686e64d3d2c857d1217bdebdee6f7e9,ccj,random hex-64,1,wss://groups.0xchat.com
28f289c9f5f7b9f90222ec2da8f44f1d7e7c1490c1b9fdaca6a70cc0f61597d6,nostr open development talks,random hex-64,1,wss://groups.0xchat.com
2906DEC2-A9CD-4295-85D9-A5E35BB3FBEF,テスト6,human-readable slug,1,wss://groups.yugoatobe.com
29158e9ceb15e613b27d27077d3836df520495d9dd6790cc60e4ac747d8866e7,Glitchs,random hex-64,1,wss://groups.0xchat.com
2942326bd0ad8557acf45d2e8f220ed9bc191ae68dbe07b3942be5e2e72fc0fa,Gajos Porreiros 2.0,random hex-64,1,wss://groups.0xchat.com
294a0ff48fcaff64c2c5df0a46bbd1b45af4dde76e986f549a489d41d8dae5ba,test2,random hex-64,1,wss://groups.yugoatobe.com
29DD0889-C82F-4D11-9CBB-66E7049F65CF,てうsせ,human-readable slug,1,wss://groups.0xchat.com
2C7546FA-E834-4596-B7F6-6AA8E850838D,ぬはさか,human-readable slug,1,wss://groups.0xchat.com
2Ivq9W260d9VpxSy,HABLEMOS EN ESPAñOL,random alnum,1,wss://groups.0xchat.com
2a196de910c4501a2481fb7cd6fe44f9d9dc6e68c522c5f4e77a6cd6c220a672,hao,random hex-64,1,wss://groups.0xchat.com
2a8f52ce995b55358a8e33f1721445436150fbd94b619ab071365f8823d7618c,Satoshi’s path,random hex-64,1,wss://groups.0xchat.com
2a9cb1aa9b12fc7d6e65e04dda19c061466f364099b8b4867a3176b79f9aff33,Top Secret,random hex-64,1,wss://groups.0xchat.com
2ab85c89,aurora,random hex-8,1,wss://groups.0xchat.com
2b058cb5d3d23d3f,,random hex-16,1,wss://groups.satsdisco.com
2b06850067209284b237059b96910dcde11443f000c0f0c64b630e304e9d6fae,vip美女网红主播18+,random hex-64,1,wss://groups.0xchat.com
2b089adb1669c793d734dd0886ae5ecc393766c2f579817846f605e16f47d240,TarCoon☆NetWork,random hex-64,1,wss://groups.0xchat.com
2b267e0ab43810abd64c28355d256998d82b718b7c2a6d2be146373004219a10,漢之声,random hex-64,1,wss://groups.0xchat.com
2b33a1ef5d7475d26555607164cf8a0e4368d77ec475b07d4a5e2b7c06ea0a19,Jackbot33,random hex-64,1,wss://groups.0xchat.com
2b449e007e80577e1d08f236531ae78c2002b2ff675fc559439ecfc284ddbfb0,บ้านม่วง,random hex-64,1,wss://groups.0xchat.com
2b625a2095bee8c54ab3e89db0f1b3860d2a566dcbc3600c69b934264e566d75,NOLA Bitcoin Chat,random hex-64,1,wss://groups.0xchat.com
2ba3ea05414ce3beaf56b0b81f1b1cd249e39a56b06c5bbaa2a3dd6d1c0165fc,Anime,random hex-64,1,wss://groups.0xchat.com
2c12184c5fe866653d4f0b433264aa0191ef78cd8cbae0591a8eab0d19a70ac8,Adam's Test Group,random hex-64,1,wss://groups.0xchat.com
2c4eca0b0678307dfd5489cafc63d74afb2e208358f7371f354c9e711944ee3c,Sby,random hex-64,1,wss://groups.0xchat.com
2c7037a81764ab1f,,random hex-16,1,wss://groups.0xchat.com
2cdd7b54f93881ddf57cee040aea1fe172151578e7bf42979aa0c41c175b5aae,,random hex-64,1,wss://groups.0xchat.com
2d0d257bcdecb355,A group for the ages,random hex-16,1,wss://groups.0xchat.com
2d0fe936,aurora,random hex-8,1,wss://groups.0xchat.com
2d7f892dc271c6ee,,random hex-16,1,wss://groups.satsdisco.com
2d7f9b556a31731da6409ee28f20f5f79a91a9376fa1fdbc15bf6bb5cc47f586,Central Pennsylvania Bitcoiners,random hex-64,1,wss://groups.0xchat.com
2e135bca018e586e8105207b7426ef123bb34cf93159e28fe75aad7feb70acd0,,random hex-64,1,wss://groups.0xchat.com
2e2c61,,random hex-6,1,wss://groups.fiatjaf.com
2ebb3046d9445615,,random hex-16,1,wss://groups.yugoatobe.com
2ee7f0cbd4caf998e54fd01d8a254f4a8c04a5ca7eea1930a56ad85ea939cd88,closed 222,random hex-64,1,wss://groups.0xchat.com
2f40e659f6a739d7,,random hex-16,1,wss://groups.satsdisco.com
2f466defb93fb16084de740504e5d2d8c2f5abac3dff356390663671debab880,ciao,random hex-64,1,wss://groups.0xchat.com
2f74462ee2bfd809,,random hex-16,1,wss://groups.yugoatobe.com
2gVadOYXRyzc2ne6,Keychat ,random alnum,1,wss://groups.0xchat.com
2joqJEs6abswsi37,TradingInFlames,random alnum,1,wss://groups.0xchat.com
2njuw76zgtw1,sovbit-host,random alnum,1,wss://groups.0xchat.com
2qpGT2QPlewLyApR,nostube - Videos on NOSTR Discussion,random alnum,1,wss://groups.0xchat.com
302515D6-F390-4F46-AA94-0936163E85F9,,human-readable slug,1,wss://groups.0xchat.com
307fc430e62d0442521c8cc9458295ab2fca100666b29c02873ee2549d338770,Brasil Libertário,random hex-64,1,wss://groups.0xchat.com
3081bdbb1b5bde3c2ace7ed4446e6a9cd11a2907e9d86ede95ae8224d50d350f,,random hex-64,1,wss://groups.0xchat.com
30a2d9744ca436455b2c4e3a3b7f92544d5d82a5451829a4b92b8849d26f8b48,biib,random hex-64,1,wss://groups.0xchat.com
30fe6497188a8ef4e6665cb8749ca9da1ab975c9bd7bc68cebc0ffadd23e98ff,jaja,random hex-64,1,wss://groups.0xchat.com
30tgs9rvsy1,Chilio Test District,random alnum,1,wss://groups.0xchat.com
311bd1357a32fa62e19279203482bb39a2d34d5c6ebc411a44c2e197468075c9,444 group,random hex-64,1,wss://groups.0xchat.com
31380778c2b100121157985fade683c9fb2db4c460246cd3093ea664c4d05315,Einundzwanzig Südniedersachsen,random hex-64,1,wss://groups.0xchat.com
314cada734a73dc29d4adea20e6af999,testsub,random hex-32,1,wss://groups.0xchat.com
3167u6ekduf6z3l4mi6s3o,,human-readable slug,1,wss://groups.0xchat.com
317ed50a23e4a5ad9a88ca5cfb77b9b95f608ec6c0428d3ac46d42ea0e2858a3,g01,random hex-64,1,wss://groups.0xchat.com
31c66ba4-e1eb-49e2-814a-d132e2eba8b1,home,uuid,1,wss://buzz.chrisdoc.dev
31de781e091b8729,,random hex-16,1,wss://groups.yugoatobe.com
32032a3eb49279d43a779f7f3c776f910ebb134900461843e74cff03600057c7,Pizza Warez,random hex-64,1,wss://groups.0xchat.com
32bd9c909b414c995333674802cfb178a0ddfe638241ad863d6d7af77a0c911f,Campaign 1,random hex-64,1,wss://groups.0xchat.com
332b8c1aa24331b4f373090f6ec448135af22e2529a907351124a6ab16664a07,BitcoinWalk ,random hex-64,1,wss://groups.0xchat.com
33446f0de3d60222ad7728020cc05165270d38238a9b637d572bc591d532dc65,89,random hex-64,1,wss://groups.0xchat.com
336a721ba4afc52b27465d348fdd642fdadee64b32d6b223d44cd4017eb07795,Сидим дома,random hex-64,1,wss://groups.0xchat.com
33732025858658365,Introductions,numeric id,1,wss://budabit.nostr1.com
33d5dddd3ee0cc1dd402529c50561895716f1c29e335d0912434589ec013f3eb,2 open g,random hex-64,1,wss://groups.0xchat.com
3423ec8f260bed6ef57ef6767fa9741903df2487dff6b59227cabf6bfb4501e8,testgroup,random hex-64,1,wss://groups.0xchat.com
344cde3158c570018ac2f860169a64d43bc7a68b799733b0d9153a94d092c071,prueba vital,random hex-64,1,wss://groups.0xchat.com
345c509764dcc4fc4561631d7e4e11adeccc6c1bb8e3e13bb7a056724dd152d5,Quantum Financial System (NESARA),random hex-64,1,wss://groups.0xchat.com
349f9582e148ad61699b13b2fecbe71774bea2fa8db6de706dd74e24a4622360,hhhh,random hex-64,1,wss://groups.0xchat.com
34a43ba720aaa992ecd096fe787fd1f038f0b35a06af91779d3bdd31b8120eec,g,random hex-64,1,wss://groups.0xchat.com
34ebd38d4919d9f1e5ce5e78beba0c6d0c3b3ebbe34d6713c0ac77b0401204a2,"Testing 0xchat group settings, please join.",random hex-64,1,wss://groups.0xchat.com
3533886229784985,test,random hex-16,1,wss://groups.0xchat.com
354af38371effea923d15e3a38b58ee08bdeda0cd9a86f1c9fd9ce9c1b431094,test0122,random hex-64,1,wss://groups.0xchat.com
3551d251971a4b36c6e1a166a46f079228d2ff17bae90cfc3e2206e58f86b54a,Vladivostok ,random hex-64,1,wss://groups.0xchat.com
35833add4f894a8bd9702dc291a3f2f17ae1906737a0a5ba05de841772b8a333,private channel,random hex-64,1,wss://groups.0xchat.com
35c44f722885b1536cb1da2b23814679b57941723c983af268d28f0289b32098,評議会,random hex-64,1,wss://groups.0xchat.com
35f04ae2366153850a760ff1ba4d2affbf32e76b56f311b3b1a2f47bdbc160b7,SiamDev ,random hex-64,1,wss://relay29.notoshi.win
36751c028ffcea0e5950cd7ffad4ec34c5b626ee107b77e5f63aede21c96330c,Panther Manboob,random hex-64,1,wss://groups.0xchat.com
369ef56abb34accda9608f2ed5fd0ebc45ded81a72807a1c34fa063123f74386,FreedomTechCommunity,random hex-64,1,wss://groups.0xchat.com
3716c25b3a5343c7e2cf9801b25c35fe608655614d73d1333b5e7e2d4bb15229,,random hex-64,1,wss://groups.0xchat.com
3733ca7884b900dcb42e9e3ce57f55fdb56537bcc7254e25d0fe5c94fdac5734,Sales team expenses,random hex-64,1,wss://groups.0xchat.com
37944e5aa95bd81d747501b9a3c744e7a4b2e9b047c06d670eaa373b428f74c9,West central Florida,random hex-64,1,wss://groups.0xchat.com
37BE36C7-5CC9-414B-9457-F8E5E0327225,,human-readable slug,1,wss://groups.0xchat.com
37a69e8326346d766850a78bf27678266015b74576cdf0dfcf8bf43cf54e49f8,Barclay Comms,random hex-64,1,wss://groups.0xchat.com
3803fb6b303103ca066a51771650c4ba0ec8d122a0da75660ba993760710ce95,Транжира,random hex-64,1,wss://groups.0xchat.com
38762851d9904b8f6c1ecb6ab2c33903c172c4d4e47405c3fc58babbd5d9219d,,random hex-64,1,wss://groups.0xchat.com
38d66ff0b604c902facaada8256c45d16071cc15d65945d2be7ec090a80010c2,Zafer Partisi,random hex-64,1,wss://groups.0xchat.com
393dcd015628d5c79f0572ac0804bf52fdd401c8cfbb1e4020a02e0cb84194e2,Carnivore Nostriches,random hex-64,1,wss://groups.0xchat.com
39516694d4f36c14aad4131affe6e7bd4a8d479939912fa6aba26fabb1c732ae,test108,random hex-64,1,wss://groups.0xchat.com
3959F5A4-5C07-4E16-A95A-B5F1894DF92A,Moritest,human-readable slug,1,wss://groups.0xchat.com
3968088a8d97903b5c3b59848009948797af2ddd4e8daf04630d7aaf9a6d4d3e,closed ggg,random hex-64,1,wss://groups.0xchat.com
396d6b753a7fddc5,,random hex-16,1,wss://groups.0xchat.com
39984c613072802df81cda7db0adc5e86edbe143eae5fadb38d8d3789f31b070,morinosutest,random hex-64,1,wss://groups.0xchat.com
3E0178FD-BB91-459D-BAC0-63654E6A773B,DevCampTokyo Sub Group 1,human-readable slug,1,wss://groups.yugoatobe.com
3E3jWVLHmdx1xJ1u,Solid,random alnum,1,wss://groups.0xchat.com
3Nq1EEzZFfhCD9WR,Supperpunks Hub,random alnum,1,wss://groups.0xchat.com
3Qh5MDOiYGXebWJe,dgdfgdfg,random alnum,1,wss://groups.0xchat.com
3a31db4acbe65b8cb02cebc9da0a9a1e,Le Village Gaulois 🐓🇨🇵,random hex-32,1,wss://groups.0xchat.com
3a38e545b6e2b044c1242fc7c21c884e54a21ed6cc7f5aea08d2ec95a5316ae7,Optics 18,random hex-64,1,wss://groups.0xchat.com
3a48b0b7b0c76fa4cd18ceba96087625a6c292e04496e9852a2a90b03cf4d4e2,Assiszurp,random hex-64,1,wss://groups.0xchat.com
3a777ca18f97c62b712fe00db9ee3d93a8c1d06e2e8538b22dea94373d871688,open test,random hex-64,1,wss://groups.0xchat.com
3a8ae8552d65394e,,random hex-16,1,wss://groups.0xchat.com
3a8d155d85f732e5fbf29a7fcf626bf2f231c27b13aad306498009b9319f9090,первая ,random hex-64,1,wss://groups.0xchat.com
3avw3a5dIr671QGI,涛,random alnum,1,wss://groups.0xchat.com
3b7b3a28a15130d4,Test,random hex-16,1,wss://pipe.imwald.eu
3bd27ea3ebd74ea9c787156507618767ba14e3d8a6d8e1cf388812b53344676b,,random hex-64,1,wss://groups.0xchat.com
3bd443b0b729906099e54573a92b6c71e2d6ec418fe4b5fc014a5263daa02a83,,random hex-64,1,wss://groups.0xchat.com
3be443062d769d054961da15c5a1fde34fb8bc4b8c71bdc0dc855a647d905945,nostrsurvival,random hex-64,1,wss://groups.0xchat.com
3bebe4491ff4692185d04095a7bb3210,Alchemy,random hex-32,1,wss://spatia-arcana.com
3bff1c302efe773265bdba0b9d02f4e988f141323089b5519a08a0a94811ff1d,ccj,random hex-64,1,wss://groups.0xchat.com
3c34e49ced069070673164e791b1d35988d96268ffab328eaadef7c2efd92128,test,random hex-64,1,wss://groups.0xchat.com
3c42e5960978b760426a966b295ce6a994ce7cc1fb010a1a2562d93fad33eb70,杨巅峰,random hex-64,1,wss://groups.0xchat.com
3c4d0e281aa187f8,,random hex-16,1,wss://groups.0xchat.com
3d2598ea0b6fdb0a9f58ae35a49306b29b047c3c929705eaac454bd20cd015dd,भटक्या कुत्रे आणि गुरेढोरे बंदी : नागरिकांची मागणी,random hex-64,1,wss://groups.0xchat.com
3d37d775dada334672369067184ed3cc0300c5b035a16209ba91400ee3fed4fe,italy nostr,random hex-64,1,wss://groups.0xchat.com
3d6d899e03efc2d6,,random hex-16,1,wss://groups.yugoatobe.com
3d714e86ed4628afda556c5f015cfb760239789ab0d98458b7a6b19effb8e5f0,The LOTS Project Chat,random hex-64,1,wss://groups.0xchat.com
3db99fe2fa26264a7a335b66e0264a61bf389906421d077cd971032ca8952146,testてすと1,random hex-64,1,wss://groups.yugoatobe.com
3de33d23f9167eb5,,random hex-16,1,wss://groups.0xchat.com
3e00382b1f7a04b6893610e24e45790738bf7890f816743cd0d36d7f9bd348b6,开放,random hex-64,1,wss://groups.0xchat.com
3e1d38eba84cfced,,random hex-16,1,wss://groups.yugoatobe.com
3e423fa3-86d,Testing,human-readable slug,1,key:bc28aad5
3e85ebd2ca2905e39d8c045afe7524cec3a371aa3bb12ed19aebb55449d51af3,teeeeeee,random hex-64,1,wss://groups.0xchat.com
3ed0b2f7467f8664df84585c0bd3d9aeb8272f7932cb57908ef9b78bc3b3de62,BoJack and Hooters,random hex-64,1,wss://groups.0xchat.com
3ee053e5e5b95c86c15321231af2ac2d31c708d573fb6af6759afe47291caa9e,Kipling,random hex-64,1,wss://groups.0xchat.com
3ee33e72efa93fd2fa7b7e1a920849dfbfa9ade413f89fbe36320e9e8864ac90,焔ノ香忘年会 2024 against 監視資本主義,random hex-64,1,wss://groups.0xchat.com
3ee7ddca5924d4f25e90795c4e1682321df04f01f4185779a93ea60c03c91c89,авав,random hex-64,1,wss://groups.0xchat.com
3ef1c43939bb98098c61066ca70865e8898c8cac3681f2487b321fd29befe941,moriテスト0206,random hex-64,1,wss://groups.0xchat.com
3f083d8aac5df08e4802e69ee133c4ee70b281f60357752ad5fa6f75df3ce8cb,MJ Yugra,random hex-64,1,wss://groups.0xchat.com
3f2c4c0b4b14d6399c71c534b0dfbbb77634dda996a4131d7dff4d0f2ee73285,Разговоры на кухне,random hex-64,1,wss://groups.0xchat.com
3f4c030fb661703f351af3bc25d8e1ede6a9b090a7a687945b0a181115368e56,小小宇宙,random hex-64,1,wss://groups.0xchat.com
3f5b79941bcb4706c958e457a29f179b970343895582e86f50d83de61ac2ab41,online001,random hex-64,1,wss://groups.0xchat.com
3f6cdbe0179d8b07e7c46c2dfd62346467d89377329fd246a3e8ba201cf26dd9,test,random hex-64,1,wss://groups.0xchat.com
3f7ae70919c0fb8ebf89a8489b85b1f08d6365df485515516ed9927a5994cd57,1111,random hex-64,1,wss://groups.0xchat.com
3f837dd193243748,,random hex-16,1,wss://groups.0xchat.com
3f87e2586c6782b05bf006a23eddc4a31cef494390d7444c9161d985180d3f5b,Psychonauts,random hex-64,1,wss://groups.0xchat.com
3fa43c9b1901abdba5501d0ed3a01dd2d7e64789e6257ed6ea5c12cac7974a72,weera,random hex-64,1,wss://groups.0xchat.com
3fe5bde0dad47f33271bfc8899a86d6fb1589f2eafb254a2bedebf6a4068d5d2,~~,random hex-64,1,wss://groups.0xchat.com
3feaf8,ZOMG,random hex-6,1,key:00bb97ab
3tKcl5E4a5C7u2HN,North Houston Bitcoin ,random alnum,1,wss://groups.0xchat.com
3viCJea0WegrEV4I,Русский чат,random alnum,1,wss://groups.0xchat.com
3y3lvowkslnr,Gultchster,random alnum,1,wss://chat.wisp.talk
3zlexba7zbp4,,random alnum,1,wss://chat.wisp.talk
4032f288591f3d779e1cee522b5b79f6b529329bb882da938eba2c4ef231ec28,888presently,random hex-64,1,wss://groups.0xchat.com
403d67468330de990a0a3f8669aac1e1d95aef3bb662c3c18d8b328c385ebb49,开放二,random hex-64,1,wss://groups.0xchat.com
406ad24f4984574ffa459edbfb2af96c5b6045dce684fd8efdff5570eafce1b6,TestGroup2,random hex-64,1,wss://groups.0xchat.com
40784fda94f82dedbeb252e9c4ded09a3add87fed3638feeac754960127beec0,#gnuediting,random hex-64,1,wss://groups.0xchat.com
408847d96bb6503f,,random hex-16,1,wss://groups.0xchat.com
40be97961f136006,,random hex-16,1,wss://groups.satsdisco.com
40db3eb265bd1784,Def Dev,random hex-16,1,wss://relay.zapclub.io
40eeec9e0ece242447bb45171987767b92807ead5443ca5412f2df60129f9c05,SNCA,random hex-64,1,wss://groups.0xchat.com
4119c4ed43434de2de249179e374002613aefa986e7d5a663907c0f195d52358,Blitz⚡️ Dinge,random hex-64,1,wss://groups.0xchat.com
413e536d8afc22cca0fcc7ea226baf094c09e88208468decf332456f0561b46b,Exotic.co Visual ,random hex-64,1,wss://groups.0xchat.com
4175493547869cf1039875b3b7f36bea6af750f38d7ebb1de9d81810553ff147,PK 💜 Bodensee,random hex-64,1,wss://groups.0xchat.com
41AF4043-2A29-4047-94FC-0CB94F69A69B,S,human-readable slug,1,wss://groups.0xchat.com
41b8970369193d6ffb041c4e4b7730f53573aa4bd2e6226e461cbfc3d644b96e,กลุ่มลับ,random hex-64,1,wss://groups.0xchat.com
41ef24b1072bd85fa93b20b29a8df29dde1a338a390e72ef7f41e6d37690ca6a,closed6,random hex-64,1,wss://groups.0xchat.com
42a140,ComeUnity,random hex-6,1,wss://groups.fiatjaf.com
42c55b857cde3af8ec24c93900cd6f8a36613580d9a2c01434eb5ebc33efa5cc,cc,random hex-64,1,wss://groups.0xchat.com
42db4ac3e615ca7d4bc74fa45fcad61444d1b9962f787e78e4b23c76007f0049,MT,random hex-64,1,wss://groups.0xchat.com
4312349839458405,test2,random hex-16,1,wss://budabit.nostr1.com
438bfa1125dba0824efc6a489203696a13cb71c8f28393434e1b446ddd6f44b5,AGORA test,random hex-64,1,wss://groups.0xchat.com
439d32,bla,random hex-6,1,wss://groups.fiatjaf.com
43a28389b24eff7ceda36b0d18b52b5278fde1490478b6275a082a82c0477349,評定所,random hex-64,1,wss://groups.0xchat.com
43dfefed7fe0e04481c56b0fb496f9622579582ba3a51b9a4804c40f8a6ebc0b,yyyy,random hex-64,1,wss://groups.0xchat.com
444722bd3d7d460e,test,random hex-16,1,key:03acb388
444aa85d4dc4ef0bff8ea73639a00cb08bf9f2c7792c1e0e0a1669ea4742bd68,07291543open,random hex-64,1,wss://groups.0xchat.com
444d2c70e126c06d,Chill house,random hex-16,1,wss://relay.zapclub.io
444d32c31555afe1,,random hex-16,1,wss://groups.yugoatobe.com
44dd52e8658b6a502f57916c2919fcbd05bf06b9e8a0a5ff1006e1f190032f95,看吧,random hex-64,1,wss://groups.0xchat.com
44fae71a02f83416,,random hex-16,1,wss://groups.satsdisco.com
44ff84506275bb673c036ba793f7601af61fa1d756e413dac659ec409bb20c45,whatever,random hex-64,1,wss://groups.0xchat.com
452a9888ac4db253f31a4926a2fd66ff54ee5efdc86d318d223ac616e18d24db,ccj,random hex-64,1,wss://groups.0xchat.com
4576766634893278,Test,random hex-16,1,wss://groups.0xchat.com
459a821992b3c94c0a849121f2577459965cdad150beab86d5bb0668b2f705ad,我的小,random hex-64,1,wss://groups.0xchat.com
45mp0nr1z4x6,testerz,random alnum,1,wss://groups.0xchat.com
46552846348324173,test,numeric id,1,wss://groups.0xchat.com
466e6bc485c65310a9962b55e84b6e62d3f6244c5b3cc519e4657994808016f1,,random hex-64,1,wss://groups.0xchat.com
4699171559fde4422f39ef5f74627b5eb6e55cfac5dc4c9eb8df8a382b165715,aaa,random hex-64,1,wss://groups.0xchat.com
46b5d1b7a9cb42ff4e8efb5d3a89db014ff68677c71e10fb0bbf650338a229be,,random hex-64,1,wss://groups.0xchat.com
46e444e49a3be1c81b7a140f8274d4c1720c8b0c1be500d99d93c17afcf5354f,test,random hex-64,1,wss://groups.0xchat.com
47166d,#,random hex-6,1,wss://relay29.notoshi.win
4771f3d5b3f63a547a2fb034fed269c56c312cf61f05c89914981262b157e7d7,Archival Preservations,random hex-64,1,wss://groups.0xchat.com
478c4de5a304a0cb0db7978300790c705e843d4a82e01ddcf51a0bc6f473a999,test group2,random hex-64,1,wss://groups.0xchat.com
47c5d84f7e7f164b1399d2257d08497ac297acceef5fd1d3c40ad0beff8e0882,,random hex-64,1,wss://groups.0xchat.com
47c95c83137054ee25af2db38c74f31f751b65dacccf3674fb6f81189ddc68db,r,random hex-64,1,wss://groups.0xchat.com
482ae94774c09262b7550e9ec87d047a6775a731fd93c0f94c872614ea546826,test group,random hex-64,1,wss://groups.0xchat.com
489925b1ed9b7b8e,,random hex-16,1,wss://groups.0xchat.com
48a6a31f31a5ec2088652b8517458cef2b86af9976e7bf14d170143f86b3e562,派天下,random hex-64,1,wss://groups.0xchat.com
48d0074f32d5f21b95f6c32f9605d4a21e17dd2be2ea6dd4f341960b46536351,IrStr,random hex-64,1,wss://groups.0xchat.com
4907e4cc631cf48a50e545358b75bfa542fa5c1c000fbf0bda59e8d1f8768b5a,222,random hex-64,1,wss://groups.0xchat.com
494d3deb4496cbd54ba624a9594ce1fbe98b33bdea172d7e00d0edd6f38bacd2,TestOpenGroup,random hex-64,1,wss://groups.0xchat.com
49596577950535325,Mystical Archetypes,numeric id,1,wss://spatia-arcana.com
495fc230f507d0663f8581203ecf176cf434ab59d66a7cf6fb8ba75b2678b84d,BitcoinNorth,random hex-64,1,wss://groups.0xchat.com
4965bd61a57af7181c13bf0c5a7767f6e26d42fa3d3e7ddb2e4c2a14592aecb3,Bitcoin Privacy,random hex-64,1,wss://groups.0xchat.com
49ccf36f60d2baaf6f460b731146ef3cae6622c0ac7b1c06285ecbd7ca34fbcb,Jersey City Bitcoin,random hex-64,1,wss://groups.0xchat.com
4C25A59D-4D62-4E3C-9242-B92446DB7330,てすと12,human-readable slug,1,wss://groups.yugoatobe.com
4D2442C8-7912-4F84-8FFC-04C496A7B820,Feb28TestMori,human-readable slug,1,wss://groups.0xchat.com
4UtC8xOGWXxOa7dRdlY4,This Week in Bitcoin,human-readable slug,1,wss://relay.fountain.fm
4a20dc3096b5364963a7275c04eb0902dc8cd3eb955100336e0e131537bbfaf8,Bitcoin Clan,random hex-64,1,wss://groups.0xchat.com
4a4a6f25e961a116aa1fca90622a0e049fd972866b429fcdbc10209c4de0f235,SNCA,random hex-64,1,wss://groups.0xchat.com
4a8694f40ee28489b3b5ef357a909d76f71eee65bc20f7423bdf9481934e0f4d,大飞哥的群,random hex-64,1,wss://groups.0xchat.com
4aaaa61395b687ea7272ea120523ebab,xd,random hex-32,1,wss://groups.0xchat.com
4acdcbb70376d6bc53e6f3e6b791f4e5cecf8398e3d98d57d4771bb897def9ef,#Bitcoin,random hex-64,1,wss://groups.0xchat.com
4b0e2927df42c590a4210706e9f3fd756c321db727f75b06fe75ee9b3e894793,丁丁,random hex-64,1,wss://groups.0xchat.com
4b3c71503c377c57,,random hex-16,1,wss://groups.satsdisco.com
4bd07745e8c0f403021a0ae131dc18a8ac77e14938fee2f6010d2ef33cb48c44,Honey Badger ,random hex-64,1,wss://groups.0xchat.com
4c2d1dc09ee60dddc11ec14b98358c48ac3124dcd27a90eed392fe0782a522d0,202412192013testopengroup,random hex-64,1,wss://groups.0xchat.com
4c57fec02ee88f966d91f9547d5556423b9fe45f0bb96535231a01698bd2ced0,,random hex-64,1,wss://groups.0xchat.com
4c6371a28df7ced3579f53436f0acb2b5fc55694fca2c28bdc607474fc282f10,drugs.social onboarding,random hex-64,1,wss://groups.0xchat.com
4c96dedb467c9e6162ff29bd0ebfb4a8d1aa09a8aed813ec5cc589324312745c,.,random hex-64,1,wss://groups.0xchat.com
4d7f4c5ca136c9f46ca4bdc76628ae9f,Lotus Groups Test,random hex-32,1,wss://groups.0xchat.com
4d83971094e57a6716c45cd9905b208d61fbcbf9b6e4812c459800f3dab04923,testmid ,random hex-64,1,wss://groups.0xchat.com
4d8d99b7cc018ffe0220f7fdbfdbee7453308429db99e73ad9769449a12e2bbe,Canadian Libertarians ,random hex-64,1,wss://groups.0xchat.com
4d908528901f357d,,random hex-16,1,wss://groups.0xchat.com
4dae7aa7d104ebe32b93abafd3c415b805f8e3df20a1725e14ef9015108eb14b,,random hex-64,1,wss://strfry.ymir.cloud
4dbcc565c6d4e61c179a245f1ce93cc737619141b2ad1c11d6a7aaef4df5c507,Hot salad,random hex-64,1,wss://groups.0xchat.com
4dcee175c893707bf1e9e041db2c2d66aa16e0314ff0248deda4e6d7450e3a6e,TarCoon☆FounDation,random hex-64,1,wss://groups.0xchat.com
4dec1d17d0f2be897bee1a077476b2692a1081e6a7ffddd668a3480f073b7288,,random hex-64,1,wss://groups.0xchat.com
4e536848d275572a1c2a303a1e99cba0c9675be892dd3bfe3b26b7033de24a10,Einundzwanzig BS,random hex-64,1,wss://groups.0xchat.com
4e873b3f79373bd8a92d8813f66c219f0441f2c4ddf98eb69b5fc671a6778041,ทดสอบ,random hex-64,1,wss://groups.0xchat.com
4eb5bfe3f32a6b05b3fb8f0f6dffafd50b3c17da31787acd1f0a0611e1b4cca8,BITCOIN HOSKASI,random hex-64,1,wss://groups.0xchat.com
4efa619ee9f16157618027eae10fc69ba0273a29084459e341145ed2b2f877cb,0xPirata,random hex-64,1,wss://groups.0xchat.com
4f0178f7,,random hex-8,1,wss://groups.0xchat.com
4f16eaa9ff6094fe,,random hex-16,1,wss://groups.satsdisco.com
4f3bff68ca7650fe8b33d596319ff0aa3afe1b82bef7b028c0c4ce6fb459d18b,20241213000001,random hex-64,1,wss://groups.0xchat.com
4f769dbb34d317eeba8c9ff75a5c789a093e65f57f1a992a4f83a5a98a85906a,test 10,random hex-64,1,wss://groups.0xchat.com
4f774b0c4a7932c7,,random hex-16,1,wss://groups.yugoatobe.com
4fa4f5d6-bd3c-45d4-b765-84b3be3483bd,e2e-updated-622167,uuid,1,wss://newlay.relay.tools
4fcc0cfd4e3c2b6ab465cbbdbef8f94cbb4a3efc9b49562f7e4054322447c1f2,открытая группа тест,random hex-64,1,wss://groups.0xchat.com
4g4lk6w2948d,,random alnum,1,wss://chat.wisp.talk
4ia9bk1oCSWypYmU,frens,random alnum,1,wss://pyramid.fiatjaf.com
501ef9fe334586e445318991c7e5f885702c6d3e3bc8d3e576c7f06ad8166099,nostr fiction writers workshop,random hex-64,1,wss://groups.0xchat.com
50c4fcd5b29310ab7e139280c14ce8a4208c009bdc796bbea91e844e6cfb2bac,！！！！,random hex-64,1,wss://groups.0xchat.com
5137943b6a16a1b2a2c5192fcceb71a9c408856ec1e7e3a8319a9bb8e180e0c6,,random hex-64,1,key:0c58bf3a
5233523d38dfb2321eba959f474d57d3bdadd43de0ce732585b4eb182a14ccb7,Gay group,random hex-64,1,wss://groups.0xchat.com
5260701156921324,test,random hex-16,1,wss://budabit.nostr1.com
52a20e0fd5d739fe3683b3860f27dc339b79d7ff0b85cba5dee5e915d45f77a2,Golang بالعربي,random hex-64,1,wss://groups.0xchat.com
52a2aeb2a3e949111e34b7dc1e24e59bf7f4af0e5996fb47382dfa04e640aea0,Dwadzieścia Jeden,random hex-64,1,wss://groups.0xchat.com
5304163e8f597206fb6965982a263b1f1b465d58e2b18ad2d962d12c59990747,nostroots,random hex-64,1,wss://groups.0xchat.com
5308c3447a7ab1fa,"Tea, biscuits and banter",random hex-16,1,wss://groups.0xchat.com
5337725369755415,SpaceTomatoes Podcast Ideas for the Show,random hex-16,1,wss://relay.spacetomatoes.net
535c8866c04e5b6dc6879fd00a5e611eb53bdcbe1d6caf8eef07cf51a619d702,TestGroup,random hex-64,1,wss://groups.0xchat.com
536c5b0d34fcb1bbb1b07cc698efdf5c87362797cb3073e8992aa0e694589709,Marc26z Paid Subscriber Chat,random hex-64,1,wss://groups.0xchat.com
5378828ecd92b66d161116cc1d4670989d6185ea7c935dff437827c411ef4e40,蹃虒驼(nostr),random hex-64,1,wss://groups.0xchat.com
53d76203efd971713e4b06b5ed2c8e13b027b80e952ba5f981c326e0b6dedd0f,ted,random hex-64,1,wss://groups.0xchat.com
540ff29fc8dab2d296c3a241dafa75949b527921d65dd698bf77c7b761f8c2bb,The Solarium,random hex-64,1,wss://groups.0xchat.com
542d808cc50c9a32dccb253f879cebdec46dd62f0479542f44ee55326b88332d,Surabaya Social,random hex-64,1,wss://groups.0xchat.com
54441fd1fd795f6e035d0d95c399cd3fb9fa13633b13e4f2763a8f47237d62a2,Nostr dos Onipotentes,random hex-64,1,wss://groups.0xchat.com
545740ae3ae77bfc77cb246120bd0b6bddf8c3c87ca12cd86195d53e70224c0b,Ireland,random hex-64,1,wss://groups.0xchat.com
5481f2b344c685e33a3ffc06d6e026adeb5904a37060dbe20a20649758183b9d,LN Piggy Steps ⚡️🐽,random hex-64,1,wss://groups.0xchat.com
54ba57e0df26257dc03ca3f52b81548ef954963b5a4c5e33cd0db4e4a8c8ed4a,jykc,random hex-64,1,wss://groups.0xchat.com
54f93ce9d7d114bd64e095f62f016464905f24afe2d885499f03e3e2eb01862a,₿-Talk,random hex-64,1,wss://groups.0xchat.com
5510bfd8ce2a8e7fdecd8ca3993c9b3904abb66640ca217f597d85f525049a3e,Bitcoinlighthouse,random hex-64,1,wss://groups.0xchat.com
5515650592150719,room,random hex-16,1,wss://pyramid.fiatjaf.com
55718d0fd7f75946,,random hex-16,1,wss://groups.yugoatobe.com
55848c875ff01f8d650b897015bc15df821d50fb3fe51ba85c5e7de5a303be8a,test3,random hex-64,1,wss://groups.yugoatobe.com
55914205434acd77bd10f44956b4699ffc3af870265c1172bbaf46a5c9c3eb57,fechado,random hex-64,1,wss://groups.0xchat.com
55aca22b841875960e287057891e6798df13812726fe54ec960bfb1b95ae0e0a,Bitcoin • Frankfurt am Main,random hex-64,1,wss://groups.0xchat.com
56354265091291,"Home, Life, and Farmsteaders",numeric id,1,wss://relay.spacetomatoes.net
5669292935832964,Woogie,random hex-16,1,wss://groups.0xchat.com
567f0221cbc066bd,,random hex-16,1,wss://groups.yugoatobe.com
5685bb564615b8f61f3b2a07db84a16b6c00c6280b7f2e9f00d1b8a2955f7d31,test relay ,random hex-64,1,wss://groups.0xchat.com
568907d95ab601685c444b5827139a53f2cc725e0c89a73605e91cfe59831b24,oqoq ,random hex-64,1,wss://groups.0xchat.com
568b817af0be2bc966f58b63b102a8309c29a3346043432377abc4b468a864f5,тук,random hex-64,1,wss://groups.0xchat.com
56ad8fe48c8092c8a613d24fadaa01f83317748e55ee19e29642c002bdc87b69,2222,random hex-64,1,wss://groups.0xchat.com
56cbb2733778a676,,random hex-16,1,wss://groups.0xchat.com
56e9721abd9d1025,huga huga texto,random hex-16,1,wss://groups.0xchat.com
56fdd1c89c98efa0c3971207c50ca55244c58bacfe636ead56dd682ac53bc4a1,Batman,random hex-64,1,wss://groups.0xchat.com
570d55,Family Wolf,random hex-6,1,wss://groups.fiatjaf.com
570e67a49fc1d0b2d9667a3d814b8c47c7fbc141eccb13489a9523802dca27ca,Story coincidence,random hex-64,1,wss://groups.0xchat.com
57126946833767dca70fef89fe18ab569a4c51cdf2dd17a129ece716cb69f2fd,testopengroup6,random hex-64,1,wss://groups.0xchat.com
572a75616dd1897d9e81f31c35931ef394858c84d64c38c6e1884305e2617e86,várzea group,random hex-64,1,wss://groups.0xchat.com
5771f19eae9a6a79,,random hex-16,1,wss://groups.yugoatobe.com
577e12,1111,random hex-6,1,wss://relay29.notoshi.win
57ddb864d9d4a87db7db348a81fc04508a414c4b1883e2f9601f84fe11c7eaa7,own use,random hex-64,1,wss://groups.0xchat.com
583229,A lightwork group public open,random hex-6,1,key:00bb97ab
584d979710f6ed5df402f022a973b78c61fe30fcc2f5db253b6999084a0ee31a,1,random hex-64,1,wss://groups.0xchat.com
58666c81,,random hex-8,1,wss://groups.0xchat.com
58c822951312276caeb3437827a34443d4fde493cb7fccfd1f8469c1b297a33f,Podman Community,random hex-64,1,wss://groups.0xchat.com
58cbe6a77a84b321789637c056b24e361cc73defe78f0319034b145fa319474f,Open Source Developers,random hex-64,1,wss://groups.0xchat.com
58cfb57aba42ba8f76690f17de1cadd7da53dbe0cf5616adee51b2d28ef10dcb,Based af,random hex-64,1,wss://groups.0xchat.com
58f69e4a295d1e9bb4ec8f497b7bb7b2fe3b8e84126fd419459e21030e3c772e,erfon ehsan,random hex-64,1,wss://groups.0xchat.com
5954a119ee48eccfda4aab26216db698cde45269ec74e60509af0bbff671ee42,Anonymous Posting,random hex-64,1,wss://groups.0xchat.com
5998e6dcb8a682625fa095845ca3600a24de181c5d245992eaf14635d2e000c8,21ideas,random hex-64,1,wss://groups.0xchat.com
59cb3dde8ba9f55b7b041b2c75a6a2bb61446ce81a839f9b9c36ba59975638cc,closed2,random hex-64,1,wss://groups.0xchat.com
5M3g2W3VQ9952kBz,Olas,random alnum,1,wss://groups.0xchat.com
5XPY5KmtYQgSBP2N,FFFFFFFFkuy,random alnum,1,wss://relay29.notoshi.win
5a14b448e9b72b77d7864f3097095000956b9249b6372e5bde33f9248e5426dc,hi hi,random hex-64,1,wss://groups.0xchat.com
5a2ace4d0c87abf81c6d415cf0c83fdbd411e39e5cdbe64c8a63711e89b00afb,EVA everyday,random hex-64,1,wss://groups.0xchat.com
5a2f5629386c70926e689449a69c1685a44a028fd7200c32be6e5fad243ffad6,~,random hex-64,1,wss://groups.0xchat.com
5a5e4bdf,,random hex-8,1,wss://groups.0xchat.com
5a88c3a249db33fca41dc88ca5d79e483a0dce7696c49d96c84139dd07b4275a,g01,random hex-64,1,wss://groups.0xchat.com
5ab0cc9837ce2cf7cc9f946353077e9ce953087e554dcb7768f560bb4199f6da,Pareto Dev,random hex-64,1,wss://groups.0xchat.com
5aed35964247d9c2b9b4eb75db82d244c62c5847dd2a014ef1b36d8fa40b3e73,,random hex-64,1,wss://groups.0xchat.com
5b3f2a0eebf295cb,,random hex-16,1,wss://groups.yugoatobe.com
5ba15a5e650a5337a924940cbedf9ae849c831dc5fe404fc78cd0250970cb547,Notes,random hex-64,1,wss://groups.0xchat.com
5ba88ffb77d2952c5e6e4440c775dcca7f1a727857a5a717349424174e9c4a96,Messi Run Club 🏃🏻‍♂️🇦🇷⚡🧉,random hex-64,1,wss://groups.0xchat.com
5bc9aba2fbd60f96683128000592afd02b26450a094c0bbb70d8fd396b307ff1,junkie central,random hex-64,1,wss://groups.0xchat.com
5beb594ede4149877c5ac17895838ae20714e34380d16026a2637fc61ea9bd30,Сидим дома,random hex-64,1,wss://groups.0xchat.com
5c30a4a75a1caedc22e5883e72c4e873e4dda3cedab7c87496a183afe50a6a68,opn,random hex-64,1,wss://groups.0xchat.com
5c806e12bdd2697daf3d308f5651f338490639b7e3bc8ba1c557b312b6c3c30a,kgjcchhccg,random hex-64,1,wss://groups.0xchat.com
5c88e0004d0c10ec4c49f137ca1e7e261973e97d79c9fbf21dffc7eece43dbe4,Catalans,random hex-64,1,wss://groups.0xchat.com
5cf6d801207aeca389cb91fb8b4ca18796c7ebac4fc7192f8bb283a1b58668ae,Test♻️,random hex-64,1,wss://groups.0xchat.com
5cfadf9a815300f994860ffdc84c2c96ad6a3030797a7da6efe7c5c633b26677,小小宇宙,random hex-64,1,wss://groups.0xchat.com
5d6727b60b87b591cd595cc0e8d9bad8615669c50560d540e60bd5aca3acb86e,Lokey,random hex-64,1,wss://groups.0xchat.com
5d94b6bb06da6e05220d7686500352b141f223e049f73bb442832f9bc810838d,サトシテスト,random hex-64,1,wss://groups.0xchat.com
5deb304a89468dbd,,random hex-16,1,wss://groups.yugoatobe.com
5dfd7b95e33cfccec718968b39df05a345f37ef480eb30afe13fd745125ab126,mom,random hex-64,1,wss://groups.0xchat.com
5e32fb21d913791b,,random hex-16,1,wss://groups.0xchat.com
5eb936dab441c74d,,random hex-16,1,wss://groups.0xchat.com
5eq29tvq3zbcdaq34gw6hr,,human-readable slug,1,wss://groups.0xchat.com
5f711058,test54,random hex-8,1,wss://groups.0xchat.com
5f8b88536ff147c624af461232e44a78f3dbd2106ccc861654e66e1db094b31f,Software Factory Collective,random hex-64,1,wss://groups.0xchat.com
5fa1b9a0446cc9ab1d83f1cf42a0c09d96b006e1725f3f918303e49b2c573ae9,czech&slovak nostr ,random hex-64,1,wss://groups.0xchat.com
5fad5f17e10eba0c9e35d271bc4f3c9311e853e6485848ca2d776e74e053a13a,202412192013testclosedgroup,random hex-64,1,wss://groups.0xchat.com
5fd0efe3042d884720241e5c64633f0281f3d4df11ddfb561e466aa4bd0481d2,,random hex-64,1,wss://groups.0xchat.com
5fe8758f6d582f3241e5219984b581f777c969d7e6e055834050af00d34a4012,内涵段子,random hex-64,1,wss://groups.0xchat.com
5hsuL9Qljkh8YeAC,Test,random alnum,1,wss://groups.0xchat.com
5i1cjc50,,random alnum,1,wss://groups.0xchat.com
5lJIcZTsncjmToSB,foo,random alnum,1,wss://groups.0xchat.com
5qmoHLze58lPO4Te,Malaga 2140,random alnum,1,wss://groups.0xchat.com
5t52l0Chl0BlcFnz,,random alnum,1,wss://groups.0xchat.com
5td18lg644,Orbee Testing v2,random alnum,1,wss://groups.0xchat.com
5zqrzd3799uzl5d9z0n2,,human-readable slug,1,wss://groups.0xchat.com
60276def777d05e2,,random hex-16,1,wss://groups.yugoatobe.com
61249759bd1c287c25a33ef8daf4ec08a7c59913c2990337830a629084ace0d0,Gensoft,random hex-64,1,wss://groups.0xchat.com
6184b062bc50a9da4211255647e3df6030c57e38d9f91ba2b3a3daabf12ebc66,,random hex-64,1,wss://groups.0xchat.com
61a1650ef68fcf68ac22fa69024d3ccf85cc0525a18ed925735893239fdb9b99,Отдельная тетрадь,random hex-64,1,wss://groups.0xchat.com
61bd66a6fa24b1a8ac01e072ed7520b4ae7903eb50724cc05344f7a3d4e62cf9,GrowShmalClub,random hex-64,1,wss://groups.0xchat.com
6237ca57fda8607df5cd18a75617d7d7725ca321589dc5277bd853f6ccc3009a,HappyNewYearGroup,random hex-64,1,wss://groups.0xchat.com
6239235348245632,Belgian community 🇧🇪,random hex-16,1,wss://groups.0xchat.com
6246427352967502,Demo Day,random hex-16,1,wss://budabit.nostr1.com
6269152223413353,qwq,random hex-16,1,wss://groups.0xchat.com
62df624095b8,,random hex-12,1,wss://groups.0xchat.com
63536D04-2046-404E-A25A-280EC82C9159,てすと20,human-readable slug,1,wss://groups.yugoatobe.com
63934443d467034d620f5e7c50cf7304,Test,random hex-32,1,wss://groups.0xchat.com
63bd1d05682b131c91b79c254c39364673f9732d36633d40bfa3d761f7e1c4e2,Closed group,random hex-64,1,wss://groups.0xchat.com
640a6a39f274e3f4,,random hex-16,1,wss://groups.yugoatobe.com
645ee01671f0c12408375221f2fb697bbf2e3f358318e8996b6e47309e7dff8a,moritest,random hex-64,1,wss://groups.yugoatobe.com
6476520d110af897b818bc6a1d77f56105c14a31003de34563ae925bf5fdb9c8,waifus,random hex-64,1,wss://groups.0xchat.com
64f2d3407b33d0b5a6a1248b51505b09c38a63033d4e8f60967d59bb9ff99130,Russia,random hex-64,1,wss://groups.0xchat.com
6500519454293103,test,random hex-16,1,wss://groups.0xchat.com
652a9dfdec57a217,,random hex-16,1,wss://groups.0xchat.com
6565c64cb61a3085d3a83a2e3e336b40463286a5bae6a85670652772ff010855,SOMALI BTC ,random hex-64,1,wss://groups.0xchat.com
66217dbaed2cba25ff1b2e7a2219bf70b3e47324ddc26ab01862ea4844acdcb3,Cs1,random hex-64,1,wss://groups.0xchat.com
66773FB5-C786-4B08-8B5A-2F1F57331934,Hackathon Participants,human-readable slug,1,wss://groups.0xchat.com
667dda630ba27893f746ef29846da19406e15b4504fd203ceef99026a08d667c,Art,random hex-64,1,wss://groups.0xchat.com
66e0ea62e652446c186452ccc2877ad175a5a23460430e6cfe84394b0dc360c5,close group,random hex-64,1,wss://groups.0xchat.com
66eCOpGQ,Test,random alnum,1,wss://groups.0xchat.com
66eIllSzym,test create group ,random alnum,1,wss://groups.0xchat.com
66eboaXNm,testtt,random alnum,1,wss://groups.0xchat.com
6714elG8Nv,Angor,random alnum,1,key:00bb97ab
672949282c7112c089eaf2e6dd482ca918ed67db557945d3c6a04a96589dad1c,شکیبی,random hex-64,1,wss://groups.0xchat.com
672Rk1pBMB,ayugo modified,random alnum,1,key:00bb97ab
672U0I7Egc,MorinosukeTest,random alnum,1,key:00bb97ab
67678ce5de2c53234d109f2eb900b8ea79b9a11237a78a89e11fa6a64f443773,Cripto Innovación ,random hex-64,1,wss://groups.0xchat.com
67iBY7QklBO8MyY6,test2,random alnum,1,wss://groups.0xchat.com
680f18225eede24b63acd1a5d4328f137886322875ae3fc632a3271fc06a3a90,Intankavel Bostil,random hex-64,1,wss://groups.0xchat.com
68594f79df235df24ca13b760eca74e5f56c71807db0a240b157d199c7536ae7,個人用テスト,random hex-64,1,wss://groups.0xchat.com
685f2603a8302974ecc4f8a0db527964f508b884e55c1627053f249574c8f3af,GrapheneOs español (no oficial),random hex-64,1,wss://groups.0xchat.com
689b4b9c83c84d110294e529df2d6391736f32bc2d5094765006c586763091c0,1st Bitcoin Club,random hex-64,1,wss://groups.0xchat.com
68acc499045c4141,,random hex-16,1,wss://groups.0xchat.com
68f204ea362ff0bda4d39ab768ce81c3c2a26d5f99bdbef9dfa18fee49001f38,Travel in Asia ,random hex-64,1,wss://groups.0xchat.com
69d6905a03e5729b,ribbit,random hex-16,1,wss://pymd.kamp.site
69f6f728f4b8fa4a905da6311c3250b96eeb4df92d32af62182b44ab170fdc95,,random hex-64,1,wss://groups.0xchat.com
6B239E1F-957B-4B21-A41E-A15175592051,yugotest,human-readable slug,1,wss://groups.0xchat.com
6KPhxWAS1nuwPtiA,Clique-idy Clack,random alnum,1,wss://groups.0xchat.com
6RTdZcnbu4OkNqIj,فكرتي على فكرتك-الإسلام أمانة في أعناقنا,random alnum,1,wss://groups.0xchat.com
6a000dcae321bac4,,random hex-16,1,wss://groups.0xchat.com
6a162b814c9a86f5cbaf35f0d98f973e978ecea0fe278858a1ce27e3ac053a43,华人反极权共济会,random hex-64,1,wss://groups.0xchat.com
6a5156b0ca858cf88f3b125411d4389c697f29ba2e06ce7e4e5e45d186ff4c1b,djnsnan,random hex-64,1,wss://groups.0xchat.com
6a9c07d8828e65b7,,random hex-16,1,wss://groups.yugoatobe.com
6ac2d948a417fe73,,random hex-16,1,wss://groups.satsdisco.com
6b4878dca229c25cb6b476b8e95aaaa14609c316adb5f554b95d14d634546cba,弄水轩,random hex-64,1,wss://groups.0xchat.com
6b653e2dcb2e644d480a9581a72d6f2fe75e8d3ae5eeff8239a1cc5f29167e69,Winter & Powers Sports,random hex-64,1,wss://groups.0xchat.com
6b92884c384b47f054ebd533092fdf27965d67823c55854cb3e0a1e477898a23,Türkiye,random hex-64,1,wss://groups.0xchat.com
6ba3776cc85e2fd42edb56e267dc53970ab7d93a6233446b75b5f5ffe2b65fe9,vj,random hex-64,1,wss://groups.0xchat.com
6c1333dded3f60d71811dd34586e77e5b19e658370491ddbb92db78841aa0973,The Rebellion ,random hex-64,1,wss://groups.0xchat.com
6c611abbdb8fea5233044a8357b790307d42580afb5a6e4501c9cb6ca866a18b,@@@,random hex-64,1,wss://groups.0xchat.com
6c8c7f769977179f6779bae3f47b47183eb7aa7978efb857fdf7abdea3adb9de,22111,random hex-64,1,wss://groups.0xchat.com
6d05d480c9dd9a9e0101a1f30c2154fe25481707a7e4b5d0af138aa5d62810a6,09031135closed,random hex-64,1,wss://groups.0xchat.com
6d2653d2adec420a,teste Agora,random hex-16,1,wss://groups.0xchat.com
6da7604479a565f2,,random hex-16,1,wss://groups.satsdisco.com
6dc98b6d435ec47e648da306884485ae6d9345460fba61f8b55d2c85e8a6c284,Spring,random hex-64,1,wss://groups.0xchat.com
6dfa104d9340f0f9,,random hex-16,1,wss://groups.satsdisco.com
6e76dcd6bdd58594814cbbf4da2a78f6357c082cec4cadf736a68c332783403f,test group,random hex-64,1,wss://groups.0xchat.com
6e94c648349c88857c727d555474bd2e3ec0859f18e9a0605eda1074fea82756,onlineP001,random hex-64,1,wss://groups.0xchat.com
6f01f4e5a0af6d3e,Pulga Alada,random hex-16,1,wss://groups.0xchat.com
6f0c750b926f5f44800b0cf6af96429542e848067f36716818e2247a63852031,justforatest,random hex-64,1,wss://groups.0xchat.com
6f74294b79085733ebe632a349dabfc0874f13003f35e7eb52dedba5204a96f9,比特币,random hex-64,1,wss://groups.0xchat.com
6f9acfa0dca39cc1ef06f579498cc50e1b3e18c11061cb6d136001c76eaabbe7,offene Gruppe ,random hex-64,1,wss://groups.0xchat.com
6icOhOpLFX47MWoa,10000stepsClub,random alnum,1,wss://groups.0xchat.com
6trfmlxnxbfv,,random alnum,1,wss://chat.wisp.talk
6ymoJJGJeFGogczA,Byzantine music,random alnum,1,wss://groups.0xchat.com
7086404553018923,Moin,random hex-16,1,wss://pyramid.self-determined.de
7088a2e71823ec36,,random hex-16,1,wss://groups.0xchat.com
70a1ac046afbe1ec11a3dddf981482f4991adcd42e5d260ae539e3688c4f9d2b,🌵Wild Cactus Capital ,random hex-64,1,wss://groups.0xchat.com
70b89ddb65db9f43b9c1900f452980c22131108e42676305f8793fc45eb2e44d,Hodl Podcast,random hex-64,1,wss://groups.0xchat.com
70bafa6955baf029,,random hex-16,1,wss://groups.0xchat.com
70c1a2,Conspiracy,random hex-6,1,wss://groups.fiatjaf.com
70fbe5b80bf618b009b96d095229838cd3e457f2457608e8ad4b5953e34dcaa0,Einundzwanzig Kirchdorf/Krems,random hex-64,1,wss://groups.0xchat.com
7100e80efc82ccca,,random hex-16,1,wss://groups.0xchat.com
71b13f31b6b6d1a20e0b2fbe8431ee43e9997b3d7901da7a5f0ecbac0d87fc1f,农民共和国,random hex-64,1,wss://groups.0xchat.com
720b4a5f2094a45f,,random hex-16,1,wss://groups.0xchat.com
7214d71fd836b4c4,teste agoa,random hex-16,1,wss://groups.0xchat.com
728648ceeebb9eacf5cd706d4f0a99645688f8da0cbffa7d3fe5da56421b5a40,566,random hex-64,1,wss://groups.0xchat.com
72ad166e2d3af93a,,random hex-16,1,wss://groups.yugoatobe.com
72c900bb8d3d2bc0,,random hex-16,1,wss://groups.satsdisco.com
73229610a574a85addae51552c2a3fbf48ffb37fb2c82b5421a62af71443016c,,random hex-64,1,wss://groups.0xchat.com
733390df54554063,,random hex-16,1,wss://groups.0xchat.com
738323d4017b9a42e7fbce0ac33ea721a1e3fcb248703a62fe4fba88ab13b66a,daddy,random hex-64,1,wss://groups.0xchat.com
73b313769659b9c5,,random hex-16,1,wss://groups.satsdisco.com
74159301dc355490,0000000877,random hex-16,1,wss://groups.0xchat.com
743b11c2e680c1166773908d9faafd6bcaa8373161d4f852b74362332a3aaf48,深圳捉龍筋高水準治療技術,random hex-64,1,wss://groups.0xchat.com
747de7fb6abec349bdcded3e646938cb669a3c5eaf8c6da5a14945a81bd3d397,123456,random hex-64,1,wss://groups.0xchat.com
74e21cc9cf1aaf3baf17aba0e15c94a45b8bbb7cb262834937bbf4358491b1d6,DocChain 👨🏻‍⚕️🏥,random hex-64,1,wss://groups.0xchat.com
74f145779979deef2f33658f12814e854300e33e3a65367dfcfa5f985d7c82dd,Typewriters - Schreibmaschinen,random hex-64,1,wss://groups.0xchat.com
74f212a5b9768c0d,,random hex-16,1,wss://groups.0xchat.com
74f213867bc24ee5d7beb7776061d3ce1eec7beb9559986c16e8a2fc8499fd36,closed group ,random hex-64,1,wss://groups.0xchat.com
75247e313d0c330c6adf4e32761202dc104d619c7b7d9e2486b9bc8dfdec1f50,hjbv,random hex-64,1,wss://groups.0xchat.com
7538913116621052,Gods,random hex-16,1,wss://groups.0xchat.com
7562621671981495,пизда,random hex-16,1,wss://groups.0xchat.com
7570582537868641,agenesis,random hex-16,1,wss://groups.0xchat.com
75850d357f2699887a3d47bf46f073d1c1cc73e87006f29bc345d6babab442f1,B2140_ACoruña,random hex-64,1,wss://groups.0xchat.com
75881c44c832e3d72b4ab8978da32ccbe86fd14c4c1ad60a5c10c32f1b44435d,NOSTR HUB,random hex-64,1,wss://groups.0xchat.com
760e6c96cdc67979138fbc0cd876453be3132fc7556387a63f2aaae51d92d25b,tes,random hex-64,1,wss://groups.0xchat.com
7611a01151668d6982d88f50528cf55e809fc1a295c64b67c588b4f327d1937c,PacDev Global Caht,random hex-64,1,wss://groups.0xchat.com
767dda0398675689dd51efea21fd7977549184c0e674401ed68dc9dc52ca87c6,0xchat Italia,random hex-64,1,wss://groups.0xchat.com
76861cbf0206537ef86fc30b88224c81bea86c011f44fdadf3916a709bae4d76,Yahallo,random hex-64,1,wss://groups.0xchat.com
76cb2ce5abed2a9d72b0a3ba0fad2fa6ff661c2c85d489ed6361c12968bd2dcd,Gaming with Lightning,random hex-64,1,wss://groups.0xchat.com
76ee010dabc28a22e9b91164334a6d12c52b4a662e9584f100c6cdd8103b6688,tfj,random hex-64,1,wss://groups.0xchat.com
772d3bda8669b288137bfc0792600130c662db08c8548651912ce923f215d5b9,help,random hex-64,1,wss://groups.0xchat.com
77accc3cb6738712,,random hex-16,1,wss://groups.0xchat.com
77b016dac3f8e4952b05930227fbd5083a6ca72bd337ab02b82748e9e4661e82,barrada del barro,random hex-64,1,wss://groups.0xchat.com
781d1867c8b2f01c8d999ea4c322cb627f79a123f5672af8742b37bc25a77784-1782198949395,,human-readable slug,1,key:781d1867
784313c7842effe167d631a1a7fead10934ec40d5efdadcbd2afd7115e79eb12,,random hex-64,1,wss://groups.0xchat.com
78494ed1d7cfc13a40f424856deee45f79603366c794cee7edf2f41087f78331,group0905003,random hex-64,1,wss://groups.0xchat.com
78ab40c28408dd79aa9eb694469cbf5f8851c90bb42cd140ba32d56dcfe9b8e8,우리집@nostr,random hex-64,1,wss://groups.0xchat.com
792364010814653,test,numeric id,1,wss://groups.0xchat.com
795d860669d3a3401d0fb88f1980661a7fc4f9e76098ea7166f4153154913cca,NOSTR PHX,random hex-64,1,wss://groups.0xchat.com
7977392cbabc0eb1,,random hex-16,1,wss://groups.yugoatobe.com
7999808ed34072f77f0db35af31460ad9dd07215a22d940ba4268d6c75f935d2,Purple Mask Series,random hex-64,1,wss://groups.0xchat.com
79dc07,test,random hex-6,1,wss://groups.hzrd149.com
7E83BA67-C976-4BF9-99B0-42C15424E39D,DevCamp2,human-readable slug,1,wss://groups.0xchat.com
7F5E4606-A940-49AB-A176-4F53B3E3BE89,てすと11,human-readable slug,1,wss://groups.yugoatobe.com
7IToLQUBs1XDddAL,groups.nip29.com,random alnum,1,wss://groups.0xchat.com
7SbVsYrEQMtZAMIn,Pokey,random alnum,1,wss://groups.0xchat.com
7a2d92,da-group,random hex-6,1,wss://groups.fiatjaf.com
7a722cef6e3a44d95ce2e99ea83fab4ed98e3372e77537f29d45c72dbc208cf0,Nostr After Dark,random hex-64,1,wss://groups.0xchat.com
7a7a38c57867b14fd9b7914e2b4372f067c53d1a8258f702714e92d903390df3,,random hex-64,1,wss://groups.0xchat.com
7a7ec647bc4f0a324607e254286a501b63d66ee117ac73c1b5701f397b8ed02c,哥布林,random hex-64,1,wss://groups.0xchat.com
7a9f22767e1c0225,,random hex-16,1,wss://groups.satsdisco.com
7aNtrZngZmPVYu9c,PictureRoom,random alnum,1,key:00bb97ab
7b9c7c5a70d2fedcebfd7cd29f5ad121c7c82e8e6057a8ab72cce668b2d45c2e,lembretes,random hex-64,1,wss://groups.0xchat.com
7c28edfdb6fd51bebd523b7b08e6821e294d8a6b9d84fb1c986f65e0d2eb9811,testCloseGroup108,random hex-64,1,wss://groups.0xchat.com
7c4e806d-ba8d-5604-924a-a7cc8d41d88a,general,uuid,1,wss://buzz.chrisdoc.dev
7cf9d3cad7639e3950aebf91adcc8cfd6b856e2c90585d8cc837cac4b24bf52c,Satoshi,random hex-64,1,wss://groups.0xchat.com
7d28f0d9d6b4f06b33529ba298265934610c236db2620431f61caa4c41831ea8,,random hex-64,1,key:0c58bf3a
7db3351c58888fcb831b021e7de2bec7d91abcfb03e606693308b7378207e9c1,test,random hex-64,1,wss://groups.0xchat.com
7dcc273af911975a92f4fd3e7696ed53118155bd168f97c95f7ced57cdd7ba1d,mini,random hex-64,1,wss://groups.0xchat.com
7e13e5b3b3bb0e80e11963f7b5f3b3f04573f3733e51bcd70cf3a3736c627c18,Cathydarrell1,random hex-64,1,wss://groups.0xchat.com
7e1c61ad400b06649b975c0003da656bd332c374fb7aa3a0131fef5650037249,Let's Go,random hex-64,1,wss://groups.0xchat.com
7e5fb583e0b50510,Hodl Hangout,random hex-16,1,wss://relay.zapclub.io
7e9bc47bd712497a,,random hex-16,1,wss://groups.0xchat.com
7ea4a77c90573361cc5a9cce8510b96cb0debb2b83be145ecdd2d4355cf8ea76,coba,random hex-64,1,wss://groups.0xchat.com
7ea5ad,cool people only,random hex-6,1,key:00bb97ab
7ea9aad1e6d17c4099c7bc65467b31c4d76c7abf0297ee384f91b2134bfb1b4f,模拟,random hex-64,1,wss://groups.0xchat.com
7f8641507fab1e72579a1b2df03dd4be087dfbb0edd6291a2ab3a23486f406c7,Indian idols episode ,random hex-64,1,wss://groups.0xchat.com
7fb0f4bce593f2e22d0b6e055c2e3a68dfca229d5cf6348746d7d036771c0b20,Desterro,random hex-64,1,wss://groups.0xchat.com
7zVeoLZWb8gsfAm0CozK,Fountain Group,human-readable slug,1,wss://relay.fountain.fm
8021562724839745,AUDHD  mutants/wizards,random hex-16,1,wss://groups.0xchat.com
8044fd50f9f0e7ad15eb4070e5cd1986273908e071705193bb39215f84148e55,Kalmar Bitcoin,random hex-64,1,wss://groups.0xchat.com
80f86d9830ebad740d01f2a3a2293338cfe5c76cd35cda3b39de270fcc5d996d,ZzzTestCloseGroup,random hex-64,1,wss://groups.0xchat.com
80ot29nnkdcz,,random alnum,1,wss://groups.0xchat.com
810b979bca8d69a1cefdee9c3b4f42a7d3f634f2b57deecd814d95b42c0347bc,Happy Chat,random hex-64,1,wss://groups.0xchat.com
81166d,#,random hex-6,1,wss://relay29.notoshi.win
816de3b72d654c7f1aaa853b3deec6cac6e3cf0891db2fce249b9c179b7ce499,tes,random hex-64,1,wss://groups.0xchat.com
81aa8c17ec61527d8ceeb704319efa1700452da63947fe1299b362b642a79fb3,vendors,random hex-64,1,wss://groups.0xchat.com
81fdbfb3-2121-42,EnTrappt's Highlighter,human-readable slug,1,wss://groups.0xchat.com
8248a49c6e0c72900abc8f97f70fa65307fd78648197f7f5ba60d58a6ce2a604,testr,random hex-64,1,wss://groups.0xchat.com
825f1ed57f20d06d43e93f3cb8207d61ce8cdfff9d9f6722540329c00fba1b44,0xchat Open Group ,random hex-64,1,wss://groups.0xchat.com
82608e34b4429817a178140733399c9bf2453a26670e9cba408bb05589e60241,close2,random hex-64,1,wss://groups.0xchat.com
826955157276484,MedSchlr-org,numeric id,1,wss://groups.0xchat.com
835a531d1ba75aa968c8882a23ff051356eeee4e110e406db2abe12ca80448e0,澳门六合彩,random hex-64,1,wss://groups.0xchat.com
83719f0144524dbd,,random hex-16,1,wss://groups.0xchat.com
8371a5e612d87a464c3947a64bf64c0064aa8aae2d2e911ba155df1f88a047a3,pi的未来,random hex-64,1,wss://groups.0xchat.com
8375e4eeabb1a012263bb617187aa2430475b7ff1f2947ae9fc016d6794c4fed,Nostrasia2025 - 0xchat,random hex-64,1,wss://groups.0xchat.com
8387428e2974d50d,,random hex-16,1,wss://groups.0xchat.com
83b2413329c7d260c6592e6d3c505d7d02284edebb0ff5a1649e9c2242ee37df,friends ,random hex-64,1,wss://groups.0xchat.com
83d0056fc700a6d258cd0ba1707ff4707bdd7d168f321010d370d433ff210e08,Phantomz Network V3,random hex-64,1,wss://groups.0xchat.com
83fae1790605a10626e77db6130a1436a8485c5932c373670a43d64c1f98178e,I2P 中文社区,random hex-64,1,wss://groups.0xchat.com
8428fdef67d321fc23756248dd832829ef3632e776b1c509fa3b7875f45e60cf,,random hex-64,1,wss://groups.0xchat.com
84314e1f046d0561fbddfb0e3bbee2accff6f3b904cb906b3b360e2c4ef29f50,T3Room,random hex-64,1,wss://groups.0xchat.com
8434987ee36c6c23259f9557c31fcaf08a3bd9485cfcc040152d97c28c4bdaaf,moritest,random hex-64,1,wss://groups.0xchat.com
843b6f70e6bfbf64,,random hex-16,1,wss://groups.0xchat.com
843c72e3bc4d2a5eb3e701f7e726eada4da1bba3e73183936aebfe40be1a4431,dddd,random hex-64,1,wss://groups.0xchat.com
84549ce50cb82715b0dad3b59a3ada4f6ceac91d943527b121103cfe255ab89e,Familia Wolf,random hex-64,1,wss://groups.0xchat.com
84b3fa8bd109ba4932272591bf8bb76cabf5198e27e8a8153e4fae797ac3bd55,eps=ein,random hex-64,1,wss://groups.0xchat.com
84b9ab954a29fcaf7bf9640e65ebd72d26d48d87bd9f97915618124353c12791,DCH Chat,random hex-64,1,wss://groups.0xchat.com
84d7cf866c07df4daf36a732fe49c04345a7b5b7f427ab4565d12ad3f063440b,Jersey City Bitcoin,random hex-64,1,wss://groups.0xchat.com
85016a489c551428a50c339c75b6931a,BuhoGO,random hex-32,1,wss://groups.0xchat.com
851b9b27f102f767,,random hex-16,1,wss://groups.satsdisco.com
8524b9c80bc1c2b0a2f1bfb7d3eddbe47b3c62a6182c2c95aed8e9a58146d8dd,深圳优+ mmk恋爱私影联盟,random hex-64,1,wss://groups.0xchat.com
853cdd3638feef0b7081ccd16080eee8b6013a2d8db6aecd3cb8a57a993cd9bd,Pi 乐大本营,random hex-64,1,wss://groups.0xchat.com
8554743973639625,Matteo (Flotilla) TestChat,random hex-16,1,wss://groups.0xchat.com
85DE9BD4-73BC-45E8-9F94-9A4F8E95E69C,DevCampTokyo Sub Group 2,human-readable slug,1,wss://groups.yugoatobe.com
85a50ae81bd6fe56db7a4193a7fd9b57884d33fb11c85b0d3181e52a08f1e611,Nos Vegas Artists ,random hex-64,1,wss://groups.0xchat.com
85b9d45cc7a32d06,,random hex-16,1,wss://groups.0xchat.com
85d54b18618a17bf0086ab47975a5a01d85f57d56424c4cc1a15d6d631af867e,555 group,random hex-64,1,wss://groups.0xchat.com
85dd96a1b9633f92875514bbc656951a224b2a7e2b5ebe54c2eaedf06d591c9e,test,random hex-64,1,wss://groups.0xchat.com
86e8d606adfb873c,Amethyst QA 1.13,random hex-16,1,wss://groups.0xchat.com
86ee9888ee53a7f91bf57f65b2c2540a807a855afab64e9c8416e35f4dd13891,test open group,random hex-64,1,wss://groups.0xchat.com
87194a46833015209aae40500da2272fe2102ef6720bc272043a2d63f013a491,old321,random hex-64,1,wss://groups.0xchat.com
871a8be9acc33c6b66f459df8ede7aac99b293e9c5cf1e832122f9adaebba2ba,08151521open,random hex-64,1,wss://groups.0xchat.com
8739a4f774f18a71,,random hex-16,1,wss://groups.0xchat.com
876b469a5a84d843325fd36f2c2291b76eb99a72605c83d30d9bc4a795843597,,random hex-64,1,wss://groups.0xchat.com
8793f4d7264d9e07c0873058bf945e42364ccc0f9b49235400c44faa1b338ede,Автокондиционеры для профессионалов,random hex-64,1,wss://groups.0xchat.com
87b123fef3c9a7271680c69902546ecf83e3c964bf2d4b1281ad3ef87098de79,test ,random hex-64,1,wss://groups.0xchat.com
88166d,#,random hex-6,1,wss://relay29.notoshi.win
883c0e29c40d9204bf891c280f2f27b490f4ecee5ec3f49aaca17268dc3fc9c4,涵涵,random hex-64,1,wss://groups.0xchat.com
8847235f42fead029b5dea90cb6e38e10bf71460fdc54a903e6c6b94bf458dcb,Nostr Hub,random hex-64,1,wss://groups.0xchat.com
8904382211ac2bdf,,random hex-16,1,wss://groups.yugoatobe.com
89089b,spicedao,random hex-6,1,key:00bb97ab
892358fb5cc0e52da02f6a6fa893b345b7e3b9b55d2f6d5bc3064577c777cb1f,,random hex-64,1,wss://groups.0xchat.com
89423CF0-07CA-407E-9130-54244EF40EDE,ほいほいほい,human-readable slug,1,wss://groups.0xchat.com
89accbb1680236ee,,random hex-16,1,wss://groups.0xchat.com
8QkxsjwQ1xA3tSrs,MedNostr,random alnum,1,wss://groups.0xchat.com
8a1aa60f024624bc995d7a5bf1398575dd92b8f969cca80b2fda4fbf35d539df,The Hat Mafia ,random hex-64,1,wss://groups.0xchat.com
8a3715358d6380d95c9bd00a7fc9bf2d07bb5a33fd25d015d52588ec0bcfd126,chit-chat,random hex-64,1,wss://groups.0xchat.com
8abb0ba155f441d46ab50b9dab0dd0112c8741d8f8c6b2e40d154e6d62ea3706,₿angsa Indonesia,random hex-64,1,wss://groups.0xchat.com
8ac82d5e57df1b1d,Berlin,random hex-16,1,wss://basspistol.org
8b7d20eae969e3e4,,random hex-16,1,wss://groups.satsdisco.com
8bc1480a021842ff72fbd85c3f70aed2,Nostr_FR 🇨🇵,random hex-32,1,wss://groups.0xchat.com
8be47c3e58035681381bbd7f9d05251d438b8c115cf1b8f3f1fb9bc162956e77,test4,random hex-64,1,wss://groups.yugoatobe.com
8c02cbadd27970b10af06653c5934966d58168b6dbd7c42844becb4728b06e40,propriedade privada ,random hex-64,1,wss://groups.0xchat.com
8cabbb9e84e23ee0828bb5596016540c1f210a8c098d60d63b542bdabb50d33c,,random hex-64,1,wss://groups.0xchat.com
8cb18b981487a279a684ac0557beedc338145b6ba77c567612c6a1d2d9a6e420,Richy,random hex-64,1,wss://groups.0xchat.com
8cc886cab2df22a3335c74b606a8272b633d0d07dac2533ed3093b826d322c18,André ,random hex-64,1,wss://groups.0xchat.com
8db56a7f6f772df7506a9af488290e70d6c182447de7eb6dbed9eafba0896f72,Bitcoin Cagliari MeetUp,random hex-64,1,wss://groups.0xchat.com
8dc55d6b486a5d4413281b62bc7336f612439f43a692f8b37e949a312f4c1f94,test group,random hex-64,1,wss://groups.0xchat.com
8de1ab6265277870b37eff4f2e62fe08fc77258e67963bfa2d2796ece951181b,Bitcoin BMF Club,random hex-64,1,wss://groups.0xchat.com
8ebd513dc614808b,,random hex-16,1,wss://groups.0xchat.com
8ee699bf91ad63dcab05e499036696b46d95fb8ab14b087ba3e57e87320a12b5,die Schriftsteller,random hex-64,1,wss://groups.0xchat.com
8f119edaf0e0616091f6e1482bc3ef5624dfd5cea70a83635f4347409a1792b4,隡佗与貝鍞(Satoshi & Bitcoin),random hex-64,1,wss://groups.0xchat.com
8f249e39dc60f7cc47bcd8726195ca7d2e022954458f3fd115324e2efe6e1e62,test,random hex-64,1,wss://groups.0xchat.com
8f45679e7e7541ec,,random hex-16,1,wss://groups.yugoatobe.com
8fbcf072d760c0ba0f1bcf45ff43294af0c4cd4ec94d88d7e7d6e8f0f847007d,r,random hex-64,1,wss://groups.0xchat.com
8nopymw3groo5lyt7kcc,,human-readable slug,1,wss://groups.0xchat.com
8ze1xvm2jOYuEHs1,Test 2,random alnum,1,wss://groups.0xchat.com
9023459084625125,Anarchy and anti-state people,random hex-16,1,wss://relay.spacetomatoes.net
9044358308956086,general,random hex-16,1,wss://spatia-arcana.com
908accc7e2c0f8cb985ec7f66f916d6194bbb040568f1b405c077a6b445164ae,nipper,random hex-64,1,wss://groups.0xchat.com
90fc1300a8f0857ac3235451bc863af642d8d65dbdba388b97741acfbdd48861,Vladivostok ,random hex-64,1,wss://groups.0xchat.com
914bea1ae8e132411feba685372bbb74686dc7e28ecc66b65eb4b1c7c6542807,Marc26z,random hex-64,1,wss://groups.0xchat.com
918a9d5055b2c8d56042d7e4ca5ef4d562d5fa72d674079cbb2a9ad9af54b2a3,maukumaja,random hex-64,1,wss://groups.0xchat.com
91984aab023e283789347235c6196cfcb9a78c6f4825f9a39b6d08f6a0d11257,cp,random hex-64,1,wss://groups.0xchat.com
91c83d6011e45cf2,,random hex-16,1,wss://groups.0xchat.com
925b1aa20cd1b68dd9a0130e35808d66772fe082cf3f95294dd5755c7ea1ed59,Robosats,random hex-64,1,wss://groups.0xchat.com
926c9d77fa4a68045c87bdfc85b3050f07d85954f607431d71d47a82d06e030d,crypto degen,random hex-64,1,wss://groups.0xchat.com
9287b923f124d30e26d42d05bd929f53c6661a879342448a8df1f4530a86d0ef,Test Group,random hex-64,1,wss://groups.0xchat.com
929cc1fe1179fa54af45dac80ce26855e85712620e0f091d5218ba7e65d946d4,Leonardo ,random hex-64,1,wss://groups.0xchat.com
934863ed54339e522b29bd42bc85f6755302030f394a8e1e42fa4ce2059e77ca,Tribo Manaus NOSTR,random hex-64,1,wss://groups.0xchat.com
9371987f78bcf76dab7e8441a1fea3b9356a66be89884981006d8cacb951573b,test grupp,random hex-64,1,wss://groups.0xchat.com
93b8e909735d0d17a83ff3605b5964e5b4a0b194401af972b9e98f7104c54367,Colorado Springs Preppernet,random hex-64,1,wss://groups.0xchat.com
93c3986a18b1ef719187045784b2572630d4a703f2f2612281eea1d6d4ba0bef,Test group 2,random hex-64,1,wss://groups.0xchat.com
9409221368836804,Dudewow,random hex-16,1,wss://groups.0xchat.com
94131a3564b3caea6007ee60e632daa0340a1e02198e87ca4cee3de8302fa266,g2,random hex-64,1,wss://groups.0xchat.com
94bb155c8af6b5ca18c4a1cb9dac05c958385f01111567573d6e4969aed7ad43,BPA 2026 WAITLIST,random hex-64,1,wss://groups.0xchat.com
94d7cff7347a255384e8682c152286de,test,random hex-32,1,wss://groups.0xchat.com
9508c4caed1197f5,,random hex-16,1,wss://groups.yugoatobe.com
954fccc49aa9beeeaabf7cb3e71fe0d9a2ce203c3bccef5dc75b86c581543e10,သေခြင်းသဘော | ဝိပဿနာအခြေခံ ☸️,random hex-64,1,wss://groups.0xchat.com
9567da7507bec9ee7cb36de3c513dcf2b1571a02dab748698b8fd8a4972b57cb,nostr-zh,random hex-64,1,wss://groups.0xchat.com
95a37bc0d6d5f0e07615387ea0522ab63058ed9b5bcee1e9686e79a0702de2aa,Falando e Falando...,random hex-64,1,wss://groups.0xchat.com
95a5dff642550a24cd35f2964e964873e71bf528a2efba29b8f59a756b64ba8d,,random hex-64,1,wss://groups.0xchat.com
95c91d221aef632242e7941b7b1644d0ebb55c05eef9b65a67ecd4d25bb1f93e,ccj,random hex-64,1,wss://groups.0xchat.com
95d5a7f8d367b146,,random hex-16,1,wss://groups.yugoatobe.com
96086cf4ac65cc4829c91e39e62218f26ed7a0ea88c509b29e70e70028ceafa8,ddd test,random hex-64,1,wss://groups.0xchat.com
9642481005659551,Picture of your day,random hex-16,1,wss://groups.0xchat.com
966dc6c4343695f67879f9a16651f43b12a9e7caa6ea755f8958585d1a8ccff2,Kernow TV Updates,random hex-64,1,wss://groups.0xchat.com
96c47c6796d4d4b042ae0c4c209f5a471477c7bb7462dead49e6c1082a620731,Bitcoiners Indonesia Raya (BIR) 🇮🇩,random hex-64,1,wss://groups.0xchat.com
96f06e5fbb8b680f44d8da9b1c06c1114c9e049a011d4314e874e956d36e6e37,nyc,random hex-64,1,wss://groups.0xchat.com
97517337a425458b3cf70e511468f190973b5a5aafae95db02776206b2fbb4bb,tien test,random hex-64,1,wss://groups.0xchat.com
97d235577539a83eb562c21b1a9657d977319f96d9702c112a5e703871ccb22e,Test group ,random hex-64,1,wss://groups.0xchat.com
97def76e275fe73adccd711f3033e9f1c9dc2e6f4b1db4275c0d971580f33307,,random hex-64,1,key:0c58bf3a
98166d,#,random hex-6,1,wss://relay29.notoshi.win
983e5c67393b4653,,random hex-16,1,wss://groups.0xchat.com
9882470858914638,Raszeja Memy,random hex-16,1,wss://kasztanowa.bieda.it
9908382398883973,dogtest,random hex-16,1,wss://groups.0xchat.com
9910a525807e15ca7fa4a34eb157aa22139d9684578ccfab27137624b73dbd93,Global CRYPTO HUB,random hex-64,1,wss://groups.0xchat.com
9916f2c644174ed621574888e3ae83ba253d56808308e1a6b52957d2c3beabb3,let's go,random hex-64,1,wss://groups.0xchat.com
993dfa75,,random hex-8,1,wss://groups.0xchat.com
994d88d43d6e161c7c26f565b2129b703f5914603a68b06ce63360b2eeb4325e,Amber users,random hex-64,1,wss://groups.0xchat.com
995c03965ee10458af7b986bbaa76775101019d752ac859bb32f59d0d7261182,Be Nice For Yourself,random hex-64,1,wss://groups.0xchat.com
999148bcb82db508a26c3e0478687deeaa257caf3a33640531b76605e288b9a6,111,random hex-64,1,wss://groups.0xchat.com
99b8233e4e01901821cdd0feeb8a3bfa583bc76b6684b6dbbffa74cd2caac558,Elites information ,random hex-64,1,wss://groups.0xchat.com
99bc9d908b842ee1,,random hex-16,1,wss://groups.0xchat.com
99d2b3eca275eb748309420de757d7572402365688f02723d942e950543faec1,SatoshiSpritzVicenza,random hex-64,1,wss://groups.0xchat.com
9GdOc76AILFGNtuG,Safe Bits,random alnum,1,wss://groups.0xchat.com
9KXKAlooqN85huou,,random alnum,1,wss://groups.0xchat.com
9MAmNibNEX0McKTw,LM Studio,random alnum,1,wss://groups.0xchat.com
9a0a429154910e14feb8f48289b9cd03187fb61d2a5ec18c34b9fa13bd84d799,xchat,random hex-64,1,wss://groups.0xchat.com
9a5aa43d458a5a2f,,random hex-16,1,wss://groups.0xchat.com
9a7b52c65b660d34,,random hex-16,1,wss://groups.0xchat.com
9ab1a68df54d7381d4f7a3df1764ff82d01b7caaa563f2266c8943a5b28c04b9,yuuuh,random hex-64,1,wss://groups.0xchat.com
9abc14c96ab6c0e5208c25fd973c46ae9042e53f4470ab052208d3f5d8c8bd79,newbs,random hex-64,1,wss://groups.0xchat.com
9b1ad284f92b8d08b90efe12201ed7b7c03d38392e2cee4595fa0424a50694ac,The ShroomRoom UK Shop,random hex-64,1,wss://groups.0xchat.com
9bdcc75d02d6e0a6447b67b3bc3e3ad260257a8a2f1886a25ef2140b621ef60a,#RUNSTR,random hex-64,1,wss://groups.0xchat.com
9c02b36547d11f2b38b96c6ffbb697707ab18cbc56554da18f9d07c11e0d07d7,yurt,random hex-64,1,wss://groups.0xchat.com
9c05mtsjnswx,,random alnum,1,wss://chat.wisp.talk
9c23475eb622058bf7c30b25f88371f37de0cf1c58ca601ab781f65115337883,,random hex-64,1,wss://groups.0xchat.com
9c262bc7d449f8cbb8fb98d268fd49e0f0a0361b606c476a8d2c957d22e538a0,爆款财富群,random hex-64,1,wss://groups.0xchat.com
9c5SqFH6rwzRQ24b,frens,random alnum,1,wss://relay29.notoshi.win
9ca0bd7450742d6a20319c0e3d4c679c9e046a9dc70e8ef55c2905e24052340b,9ca0bd7450742d6a20319c0e3d4c679c9e046a9dc70e8ef55c2905e24052340b,random hex-64,1,key:73c6bb92
9d4065ab6849a4ff3396575b67998baea08b1a7d275ae18e5bf5029311b99dac,Orthodox Christianity,random hex-64,1,wss://groups.0xchat.com
9d407425284dbfa4,consent-test-9d407425284dbfa4,random hex-16,1,wss://groups.0xchat.com
9d5e1ffbe6a8b806043a979487c02a9887b07591ca07a91a77f0c7267a046fef,,random hex-64,1,wss://groups.0xchat.com
9d741242bd0a24617a08fb6563569221cd59c3b38123e4f5a7256ac643088a22,f2ebfbe7d36a51b912cfce95f3131233d01a0820c783757347b1338c72968bdb,random hex-64,1,wss://groups.0xchat.com
9da31016586b642d818f1ab99f938f9436ee494d5f570cf4aa85be0e6b8b45f5,FOP,random hex-64,1,wss://groups.0xchat.com
9dded157ffaea98f08eb6715f051f34b1f5be7624ba8408486b21a1743e40f9f,CED Survivor,random hex-64,1,wss://groups.0xchat.com
9e51de95d55f08f900631f50844a85dba3e07c6c370a70470a1a585998c4adad,ccj,random hex-64,1,wss://groups.0xchat.com
9e546443379f6134100ab911b2519d485357ac345008970e534a4a2382a63b50,SebastixChat,random hex-64,1,key:00bb97ab
9e8a8d781e101d64,agua-rasgada,random hex-16,1,wss://groups.0xchat.com
9e96ef4b7ca07f814fa9bc57047bd65c3b28e0a5ae623b69d8e7198f6bfc03e5,Cat Quick,random hex-64,1,wss://groups.0xchat.com
9ec5675d3f540cefabeebf88155eae695210b8bfae1bba266319e0974abe9354,tttttt,random hex-64,1,wss://groups.0xchat.com
9f4c882382efc1219217cf0fb5243547b9a6684b43ae226972342be21bb576ae,Citadel Norway,random hex-64,1,wss://groups.0xchat.com
9fb70f212ad4dcd86f1f6aa4d2b7bed2d5d8b3ff6e93abcf3fe51170ffef4462,Nostr Chess Club,random hex-64,1,wss://groups.0xchat.com
9ov0tb1h4vblr5in,test2,random alnum,1,wss://newlay.relay.tools
9uVAHjtm53NupK1w,Unconference ES 2025,random alnum,1,wss://groups.0xchat.com
9wZ7hHe4ZJz7DZdm,,random alnum,1,wss://groups.0xchat.com
A12DF56F-AB8A-4ACC-82DA-CBF766A39187,てすと19,human-readable slug,1,wss://groups.yugoatobe.com
A16DB826-0A6A-4719-B234-70BEF02F3598,てすと13,human-readable slug,1,wss://groups.yugoatobe.com
A1E0593B-A2D4-41E6-BC1B-A9760855E0BA,てすと8,human-readable slug,1,wss://groups.yugoatobe.com
A9lScksyYAOWNxqR,Flash Support ,random alnum,1,wss://groups.0xchat.com
Azntr2a2Wmkfzkmj,cadayton,random alnum,1,wss://groups.0xchat.com
B3F824F3-A31E-4746-80D3-D1E42116039D,DevCampTokyo Sub Group 3,human-readable slug,1,wss://groups.yugoatobe.com
B91B3312-489E-4EAA-94D8-D8F9EC95388B,てすと10,human-readable slug,1,wss://groups.yugoatobe.com
BFED620D-2C72-4C77-8A4D-61DCEC21CD4F,Hi,human-readable slug,1,wss://groups.0xchat.com
BLGh2X8ovIF3QLhS,rebka,random alnum,1,wss://groups.0xchat.com
Bl9C876fqGgF93nW,English chat&courses_FREE,random alnum,1,wss://groups.0xchat.com
BnF14xljtGONXzYR,Monero,random alnum,1,wss://groups.0xchat.com
BnUIMIImNjjyTsWX,SebastixChat,human-readable slug,1,wss://inner.sebastix.social
C13B39CA-4DA8-49F1-ADA1-B81AAD68B0C4,のすたーてすと,human-readable slug,1,wss://groups.0xchat.com
C312D36A-0703-442B-BB81-FE55FA7CAC67,てすと16,human-readable slug,1,wss://groups.yugoatobe.com
C6qdmr0B1mhlDIgh,winos,random alnum,1,wss://groups.0xchat.com
C8D84421-E6E1-4715-AE63-311C1A1ED115,,human-readable slug,1,wss://groups.0xchat.com
CC7A0D6B-422E-459F-A215-5EE36056D48E,Hellp,human-readable slug,1,wss://groups.0xchat.com
CV7obRlI3fwNU0Cs,Family Adam,random alnum,1,wss://groups.0xchat.com
Cpdfwtt7W7noevN0,,random alnum,1,wss://groups.0xchat.com
D122003A-118F-4571-A460-D1FCD6CB958F,test5,human-readable slug,1,wss://groups.yugoatobe.com
D3CgS30Ym2Zk4w3L,t,random alnum,1,wss://groups.0xchat.com
DA696A0F-2A43-477A-8A59-1BEC26DA0AEF,Online Participants,human-readable slug,1,wss://groups.yugoatobe.com
DIorfZ0CCt3E0UpN,,random alnum,1,wss://groups.0xchat.com
E9D6638A-AB08-4496-9660-463FD92DC785,てすと14,human-readable slug,1,wss://groups.yugoatobe.com
EADDC9C4-F333-4B52-9387-05BFB67E834E,てすと18,human-readable slug,1,wss://groups.yugoatobe.com
ED0E6084-69B1-42FB-BA8E-925399AF5095,VisionDevCamp team 1,human-readable slug,1,wss://groups.yugoatobe.com
EE662536-4A87-4021-94FB-40EA18926B8D, VisionDevCamp Test Group,human-readable slug,1,wss://groups.yugoatobe.com
ENVc7OBnxJHi140K,Mlkut,random alnum,1,wss://groups.0xchat.com
EZkzMjvbuKBzjPAa,Test,human-readable slug,1,wss://groups.0xchat.com
Ee506oeAh6ZoTMir,PIVX Users,random alnum,1,wss://groups.0xchat.com
Eef4M1HizU7Wa6PO,Prophex_Community,random alnum,1,wss://groups.0xchat.com
F0aG98ljm1OeoLwJ,WritersCentral,random alnum,1,wss://groups.0xchat.com
F2DEC6CB-BFA8-4BC7-84DC-4946D72F5E4A,てすと9,human-readable slug,1,wss://groups.yugoatobe.com
F7E9E56F-18B4-4DC0-8A16-75107F49DF0A,てすと17,human-readable slug,1,wss://groups.yugoatobe.com
FC764385-720D-497D-B1AB-EF21AF5AE3E2,てすと12,human-readable slug,1,wss://groups.yugoatobe.com
FMTTx00eg36VO6U7,Budabit,random alnum,1,wss://groups.0xchat.com
FecqOtsJb5z2kHRaXYh2,Open Music,human-readable slug,1,wss://relay.fountain.fm
FpGedEnJRRA6uU9s,,random alnum,1,wss://groups.0xchat.com
GCpMK1RxaKDnCIvt,gamestr,random alnum,1,wss://groups.0xchat.com
H1VnWtR29cqYMq7E,,random alnum,1,wss://groups.0xchat.com
H2dU3zSlG8iBAiAK,,random alnum,1,wss://groups.0xchat.com
H7V7JPlcDU4HR1eE,Tech,random alnum,1,wss://groups.0xchat.com
H9iyJLLC7PVZX7yw,fr fr,random alnum,1,wss://relay29.notoshi.win
HICJpILIKgetp7K8,نسترة,random alnum,1,wss://groups.0xchat.com
HNxCliHcKQajI7SY,Русский чат,random alnum,1,wss://groups.0xchat.com
Hg0wTK197RWEmddx,just testing,random alnum,1,wss://groups.0xchat.com
IPA0RFzD9rrUz2vvLnZl,Spece Tomatoes,human-readable slug,1,wss://relay.fountain.fm
IR0zXxfRhBhp0d1F,Otc,random alnum,1,wss://groups.0xchat.com
Iajddnmys7Xk17zF,Conspiracy Realists ,random alnum,1,wss://groups.0xchat.com
Ian7j8kZtGw4Gjzw,Валюта,random alnum,1,wss://groups.0xchat.com
J4mKREWJdIxMr9oO,Kool Kats,random alnum,1,wss://groups.0xchat.com
JDh7JitgrTC0NFZu,Tizenkilenc,random alnum,1,wss://relay29.notoshi.win
JKbotsfV3x4FTgeO,amos a ver,random alnum,1,wss://groups.0xchat.com
JO0doG7LzA83tcbS,Cyberpunk Hardware,random alnum,1,wss://groups.0xchat.com
JX8wJLZ3uPlDjOeA,,random alnum,1,wss://groups.0xchat.com
JugeKMwZYyNe8hSHOWOi,Profound Sound Group Chat,human-readable slug,1,wss://relay.fountain.fm
KIjmsvnh5QPchzyk,Coinos,random alnum,1,wss://groups.0xchat.com
KPK796ScjzNG0Ozr,JJKK,random alnum,1,wss://groups.0xchat.com
KxQtWfEJXpJxeKB9,TollGateQandA,random alnum,1,wss://groups.0xchat.com
KythKt4C10DIwAoA,huddle,random alnum,1,wss://pyramid.fiatjaf.com
Miz7w4srsmygbqy2,zap.stream,random alnum,1,key:00bb97ab
MoaTJ2VMZjX38MYE,Germany,random alnum,1,wss://groups.0xchat.com
MwKwiWhYwqyjmLJn,NosVegas,human-readable slug,1,wss://groups.0xchat.com
NO1veKaAoWNf9wGu,toast,random alnum,1,wss://groups.0xchat.com
NSz25SQIaf9QbDVa,News Chat,random alnum,1,wss://groups.0xchat.com
NkeVhXuWHGKKJCpn,grimoire,human-readable slug,1,wss://groups.0xchat.com
Ofar1AYHvG12Y1jx,Samiz,random alnum,1,wss://groups.0xchat.com
PLZ0xS6dByUMlNKC,Hetvenhét,random alnum,1,wss://groups.0xchat.com
PNcjjfJLEZ23cRCB,Beave's Chat Group of Doom,random alnum,1,wss://groups.0xchat.com
PXDyUbN36gkRZMvo,test room,random alnum,1,wss://groups.0xchat.com
PdfxruJNPf64eCNU,,random alnum,1,wss://groups.0xchat.com
Pj4xusRQ1t0a0ppM,vibecoding,random alnum,1,wss://groups.0xchat.com
QmF0LCXNPTAlFRma,PodSystems Backup,random alnum,1,wss://groups.0xchat.com
Qs5y4i2wFEBafxvP,Kool Kats,random alnum,1,key:00bb97ab
R2yYwhsTcKO2b65i,gossip client,random alnum,1,wss://groups.0xchat.com
RodiXRJvlSCiaUV9,Emulation ,random alnum,1,wss://groups.0xchat.com
S4LPIsSLKyfnpgRk,TheNostr Posse,random alnum,1,wss://groups.0xchat.com
SNIK0TnLnmKAwDLH,L B,random alnum,1,wss://groups.0xchat.com
SNm5XZaDRVCSJzozY17D,WS Podcast Community,human-readable slug,1,wss://relay.fountain.fm
SQhudI8eZ3ZzDFuT,にっぽん,random alnum,1,key:00bb97ab
SkJkBXSXuBN9mmJK,Nostr Wallet Connect,random alnum,1,wss://groups.0xchat.com
TVGXQCBKSgDW6cEd,Анкап,random alnum,1,wss://groups.0xchat.com
TWn0DwihFn0RdaeL,snake home,random alnum,1,wss://groups.0xchat.com
Tkj1xVDro3PRYbO9,,random alnum,1,wss://groups.0xchat.com
Tnq7x2ZTgrPZWFrC,pyramid runners,random alnum,1,wss://pyramid.fiatjaf.com
UNyRKAiwD0JFDZYx,Bitcon Nairobi,random alnum,1,wss://groups.0xchat.com
UtsIEnWDe8zLaA2d,Nuh,random alnum,1,wss://groups.0xchat.com
VTlF7xIA6EPUc7LZ,Siamstr,random alnum,1,wss://relay29.notoshi.win
VniaiMNUuPu9ycEa,Instagram,random alnum,1,wss://groups.0xchat.com
WA0LqEdJzCWnlODK,test group,random alnum,1,wss://groups.0xchat.com
XFKFtd1fCqgqBLCY,qqqq,random alnum,1,wss://groups.0xchat.com
XNKT0uIblmusrn1O,wrqw,random alnum,1,wss://groups.0xchat.com
XrQ9gjNaZMacS1hW,Poland Group Chat,random alnum,1,wss://groups.0xchat.com
YKoHRofPGqBGwdhP,Nostralia,human-readable slug,1,wss://groups.0xchat.com
a04be24aa3cb07554d456010ee420a0940f2b0db169648a8581d069b9efbf123,Me&MyKids,random hex-64,1,wss://groups.0xchat.com
a08ec82b6b689f57,,random hex-16,1,wss://groups.yugoatobe.com
a0a850e35ba3a506,,random hex-16,1,wss://groups.yugoatobe.com
a13bfe34d7445a2a40363018b2df2b0db574f55d7b6062dcaf95623da0629b8f,test 1256,random hex-64,1,wss://groups.0xchat.com
a148d4211e896bd2,,random hex-16,1,wss://groups.satsdisco.com
a1519894264c2d38c73f534d90c77813de7174648cddae5ef38f50f056d0dc8a,архив,random hex-64,1,wss://groups.0xchat.com
a16b5df8ea4d51dfabf84101be5ce98012a2775e226f685c60e85bd982bbeafa,哈希彩票｜百家乐｜电子｜足球｜168开奖,random hex-64,1,wss://groups.0xchat.com
a19956bfc31311836bfe6883d76efb09954ab5252693a4be43fda0c5b9dfc2df,bet,random hex-64,1,wss://groups.0xchat.com
a1aad3a97e1dbec6ca85de96a3fc96249595c545f6085baa75b14761f85e6669,Vandalism and Friendship,random hex-64,1,wss://basspistol.org
a1b23a5b81cbc0f2,,random hex-16,1,wss://groups.satsdisco.com
a227e7a88f0c95d65e55f5f281cd3109475b9e776269f3bef0a4337d31632d08,Farmácia na Floresta,random hex-64,1,wss://groups.0xchat.com
a26fe7bf40819275d1c8ec99da2f813c544477090b6010be3e7d76a7ff5189cf,TestOpenGroup,random hex-64,1,wss://groups.0xchat.com
a2b64f8bea657e23c5144675270a8164c686504cf43a5180eb269c01fda99fef,djjdjd,random hex-64,1,wss://groups.0xchat.com
a3209eb9c0a23dd2,,random hex-16,1,wss://groups.yugoatobe.com
a360d33b1e3597f31dc977e62d42c2d65e0683ded413d86b18fa4c8e9d72f31a,ccj,random hex-64,1,wss://groups.0xchat.com
a3c231b25fc61a9a2851e68d39c0d1847b3160f3f7e83536ea0294d56f25aba6,ccj,random hex-64,1,wss://groups.0xchat.com
a4166d,#,random hex-6,1,wss://relay29.notoshi.win
a44a730a7dc2730725a516c82bd281786e422c8d0ed98619cc8e19189bcbc9d3,group 333,random hex-64,1,wss://groups.0xchat.com
a45b2f,applesauce,random hex-6,1,wss://groups.hzrd149.com
a4c8d02e051afbfb0c9dc59049e37eb5e9e89bd81dd09a85ced1888b537d43e7,hi,random hex-64,1,wss://groups.0xchat.com
a4cc1bb317eafd015553e11468efd4e6f80e0fd4581b95ecb149a4755d535ab0, 08011441open,random hex-64,1,wss://groups.0xchat.com
a4e3e5950ec53cecaa7d00a06ac88375d972cef0a9f08d9c8a2088b5b53fb1fa,Trust-X 援助社區 全球招募共建者,random hex-64,1,wss://groups.0xchat.com
a55804152e3abdef,,random hex-16,1,wss://groups.yugoatobe.com
a55f59a77ddeda0125fc16f627b713cff012b91eb5f24efd304a5c2aa7c8018a,Grzegorz Kowalczyk,random hex-64,1,wss://groups.0xchat.com
a57re9xt7idh,Self Hosting,random alnum,1,wss://groups.0xchat.com
a590b8dd24d826afa1dff03b0f46f0f34162ee9eec34840c518480e242ce934b,涵涵,random hex-64,1,wss://groups.0xchat.com
a736eb13e7b3532f,,random hex-16,1,wss://groups.0xchat.com
a78244019e479c45,,random hex-16,1,wss://groups.0xchat.com
a7c8b5148066bc59dad6b93d6b7c4479de0f3d3c9fdce8e510eff2cef714abc7,TestCloseGroup,random hex-64,1,wss://groups.0xchat.com
a7d68f5bc3f24769,,random hex-16,1,wss://groups.0xchat.com
a827fbb9e5132cdd6a164e137a7df069bb8f4589393ca27f54feddf456b74285,Casual Game Business,random hex-64,1,wss://groups.0xchat.com
a849b54b27cce5bfd8d2daa6ed05e440fd02477e49c4fae3a3f6f5a4f5d02f01,,random hex-64,1,wss://groups.0xchat.com
a86775,Groupe Test,random hex-6,1,wss://groups.fiatjaf.com
a8b0ce2fb3b3361610b5a5a817bb8577,privatetest2,random hex-32,1,wss://newlay.relay.tools
a8f4d9a0186293163aa1e6b4d79e72dcef729b51b21a7ebe7ee4faaf0c3673da,クリプトアナキズムBAR,random hex-64,1,wss://groups.0xchat.com
a92de298f2d898e3,,random hex-16,1,wss://groups.yugoatobe.com
a9bbae0824301b35b07b52cff3326c68520795de29a9af5da878da3e7574f887,Team Chat,random hex-64,1,wss://groups.0xchat.com
aBRbUKqe4DKVT0CB,Nostr Help,random alnum,1,wss://groups.0xchat.com
aHdHbO56Q9GStUXL,testcaptjack,random alnum,1,wss://groups.0xchat.com
aa0c68e48f2e10acaf3f8a2ee8615eeac2ecaf383f4fbea800238af9fe0fefb0,123,random hex-64,1,wss://groups.0xchat.com
aa721271caa2795e,agua-rasgada,random hex-16,1,wss://groups.0xchat.com
aaa530691ebc94d091ab52ba86f5fcd901d27cbb7e4c5f85ef0a5a831fa9f368,Bitcoin India,random hex-64,1,wss://groups.0xchat.com
aaaf3018bb78de5d2220cd0efd6435a59733643272c7f7a1613775d313c29768,2月19日テスト,random hex-64,1,wss://groups.0xchat.com
ab166d,#,random hex-6,1,wss://relay29.notoshi.win
ab39b54d25ff536c8ceb179943df342afdeb2eaaa127930cadea84f613716de7,Koether_Family_TRUST,random hex-64,1,wss://groups.0xchat.com
abc3e68d2d4eac96a03820750937f95929a7b23b7695eee65e0994ad970c082e,test,random hex-64,1,wss://groups.0xchat.com
ac3cff7d822de4088c7b96930e6c91cf33a2192754b6feb53d8f7a509484c24d,Midwest Natural Beekeeping,random hex-64,1,wss://groups.0xchat.com
ac66d4,Xaphoon,random hex-6,1,wss://groups.fiatjaf.com
ac8124b860db5e7186655e68faf2abd4a5cec6a38ef5bc678476e209a34668ed,Bitcoin Family Trust discussion ,random hex-64,1,wss://groups.0xchat.com
ac93b3e3a195ccc5ae0c1adc73cdfba0dbcd04dc3831bd242248dcf9b07410c4,raariy,random hex-64,1,wss://groups.0xchat.com
ad03c21719efa9e8c339a1b8b23cd9d608f10ac5473e9749828c52ae68057e03,teatgroup002,random hex-64,1,wss://groups.0xchat.com
ad07cf70a8986dbb47d87750601e2fd5404f14a74e180beda7716f14f7a75d22,TestCloseGroup,random hex-64,1,wss://groups.0xchat.com
ad156d,root,random hex-6,1,wss://relay29.notoshi.win
ad166d,#,random hex-6,1,wss://relay29.notoshi.win
ad2b28ec5a5f4aacd3eab62b690c96aa3bf831a108b345c91d68fb980a3ae2f3,deutscher,random hex-64,1,wss://groups.0xchat.com
ad5e2f1d8f9f9a543b3a0aa65bcf53d8ee807004ecf36cf51485acf718027f8a,Vietnam,random hex-64,1,wss://groups.0xchat.com
ad66e96ba5c37f554079e5aa06e631504ee875c1af76bb78b07698b1b2d81d11,,random hex-64,1,wss://groups.0xchat.com
ad7ddc7e37003af94c9ef8c1fa261e7393f98afbca6522bfd041ca92c455a5ad,Darrellcathy1 ,random hex-64,1,wss://groups.0xchat.com
ad8e4ce27147809dab3b1c32ead9a45bb642f06e61a941baa88a8ca300d6abda,哈哈哈,random hex-64,1,wss://groups.0xchat.com
adcab66e8c2ad4f311e2a7c3055263b44936f6d7f656d8118f73c7f4814326a7,open group,random hex-64,1,wss://groups.0xchat.com
ae064bcdd3373fe3,,random hex-16,1,wss://groups.yugoatobe.com
ae06fb976416f72a3147031b9735203fdff753bb7c7eec80558fadacb62583c0,Tets nip-29,random hex-64,1,wss://groups.0xchat.com
ae9a99cf1712304b15b7c23b063b110d94220a4caf6f93573ce8cb204cc5bbeb,NZ bitcoiners,random hex-64,1,wss://groups.0xchat.com
aebe19e29c530a0952bda7f56cd6a4f1e6d695ff2e907c6e3bd377498fa0b6cb,08151521open,random hex-64,1,wss://groups.0xchat.com
aec6a2a5a328605e9fb5ae4e55b72afc1e15bd486be5369dc8d2d8a8fcfb6048,haohao,random hex-64,1,wss://groups.0xchat.com
aef1f36764cbb465d12c6e5571fadc1097d727fbdc309d632e0038f91f42b4b3,,random hex-64,1,wss://groups.0xchat.com
af09ae2f1e73997680f9646e165805a847db50886ea240749363cda99a80728d,web3先锋,random hex-64,1,wss://groups.0xchat.com
af6106ab72f8037fece4e86deabaf6685cc0ae5d6b703029a03b7fa0ba511e7e,real,random hex-64,1,wss://groups.0xchat.com
af79fa15446152dc657ad47fa6ad1805bbb324235e2f65b2ffc7884f2d9b8cd6,GSC360 Member ,random hex-64,1,wss://groups.0xchat.com
af854820733129fea71eb116f3270e46aecb3da6457677a6779abde99e13b63f,test,random hex-64,1,wss://groups.0xchat.com
af8df0073af3924105aa063a6af8ebdf223bde83d9be609e573b1dade65b1cdb,Economía Anarquista ,random hex-64,1,wss://groups.0xchat.com
agent-chat-Test,Agent Chat Dr Shift,human-readable slug,1,wss://groups.0xchat.com
agents-tester-buzzlotus,Agents Tester BUZZ/Lotus,human-readable slug,1,wss://groups.0xchat.com
agroughdeepr5,ok,random alnum,1,wss://abc.spaces.flotilla.social
akz3vk5x4jrq,,random alnum,1,wss://chat.wisp.talk
alxcedpx7sr6qQKIuuND,Plebchain Radio,human-readable slug,1,wss://relay.fountain.fm
an7xrm7mfj69,#NOS - Destruidores do estado,random alnum,1,wss://groups.0xchat.com
apfelyse,,human-readable slug,1,wss://groups.0xchat.com
approve-me,承認フロー練習グループ,human-readable slug,1,wss://r.iqbqioza.com
arghbleepreydough,Squalk test community,human-readable slug,1,wss://squalk-pyramid.dtonon.com
arghpretopl,NostrSMS,random letters,1,wss://relay.scuba323.com
arghspoyskiakr,inner circle,random letters,1,wss://relay.checkstr.de
armada,general,human-readable slug,1,wss://armada.dreamith.to
att1aft4um,,random alnum,1,wss://groups.0xchat.com
att3iutlvu,,random alnum,1,wss://groups.0xchat.com
aw0n6tcl71qa,Wisp Chat,random alnum,1,wss://chat.wisp.talk
aydaliashey,Center for the Arts,random letters,1,wss://spatia-arcana.com
aypespeast,Nuxtstack,human-readable slug,1,wss://inner.sebastix.social
ayplosethr,Off topic playground,random letters,1,wss://squalk-pyramid.dtonon.com
azothreloy,Welcome to SpArc,random letters,1,wss://spatia-arcana.com
b033a76c4311de4281517e1d863a22a4bd00b307453f52a50554579ff1b8fb88,Ben Jen Kason,random hex-64,1,wss://groups.0xchat.com
b18c0f96a37207c7,,random hex-16,1,wss://groups.0xchat.com
b1c03286ee7589ace7466632f9ace2d147f2ef3efd00c22a0e19dfaafefccf39,Bitcoin Algarve,random hex-64,1,wss://groups.0xchat.com
b2aa033c0a2dd4d2,,random hex-16,1,wss://groups.0xchat.com
b32b6b3b770069f2a2b1fef00f19595465fd04161d27f90990491e615b71fdc9,"Tirania Judiciária, legislativa ou executiva",random hex-64,1,wss://groups.0xchat.com
b386fda8a3ded9795338827a42d9b50daecfc45276ae62592ac225a9d22420f2,,random hex-64,1,wss://groups.0xchat.com
b3ef679a79ba88260d6297baacad40dff37537a05f9bd737dcce9b9b3a131336,Nostr Nederland,random hex-64,1,wss://groups.0xchat.com
b42acfa33d0beb13008615fceda2c5149e2f88180696c6d17e2bfed89d51a56b,"hello, good ",random hex-64,1,wss://groups.0xchat.com
b42db0,,random hex-6,1,wss://groups.fiatjaf.com
b47a26d5-f911-5a08-9a63-504c3f59a165,b47a26d5-f911-5a08-9a63-504c3f59a165,uuid,1,wss://newlay.relay.tools
b49ed2598824a510d35d4132f5e6352bb72b5eae78c77291a5be72f0e346ac13,,random hex-64,1,wss://groups.0xchat.com
b5566dcef94451aa54c643dfadd650cedb96fff46493bc6dbf5f3c89b067685b,Apple,random hex-64,1,wss://groups.0xchat.com
b56ede55de1afe0171b07031ff017f382e18a93da5fa54baea25fc5ed49002a3,test1,random hex-64,1,wss://groups.0xchat.com
b59db3b2-7f4d-4763-bb30-e839dbde110b,e2e-updated-621298,uuid,1,wss://newlay.relay.tools
b5ceed88252606420dfc0e3f8816e0fab1c9c672ed2bc68bdd5dd7a0d461ee6b,cu,random hex-64,1,wss://groups.0xchat.com
b5d3ad48f1bc448a52422ed14c63db3f745d36753518e169d97da066264b6897,Городские призраки,random hex-64,1,wss://groups.0xchat.com
b5df88,⁨TollGate Deployment⁩,random hex-6,1,wss://groups.hzrd149.com
b60dc3d0e32c8b133849b5b9f3c932b0,syncer,random hex-32,1,wss://relay.scuba323.com
b612d2632126c5ad9e70c8eb1b6cb3800b80407e2bfe5fe36c97f6237f35512a,cbd,random hex-64,1,wss://groups.0xchat.com
b62cd18f886c8c716e3aa4538165aa96ff32f6fe68302a4894723ceb7481da10,server,random hex-64,1,wss://groups.0xchat.com
b6d3740ea7f57bf3,,random hex-16,1,wss://groups.0xchat.com
b6ee52ad9554ef4da547bfbdc88e47b54e2b263619677c996ca4e9f4dbb45db2,Trailer Park Boys,random hex-64,1,wss://groups.0xchat.com
b70143c3a8b738c72282ddfc67c0b9f94d13254c84b78f27021771c8f3ab09ec,Silêncio e trampo 🤫🎰,random hex-64,1,wss://groups.0xchat.com
b709e9253fa325ce715be911aad04bcdc6e1d0549a1f9512146cf3235d6fac06,test421,random hex-64,1,wss://groups.0xchat.com
b72d9fa2efb32a2999a5d947694e6ce5c1e44acd8cb1bb142859fc7a07c6c926,,random hex-64,1,wss://groups.0xchat.com
b77a54de5e764da1da5f7d239c131bbc6e894e25e333e245e50fbe7fbbb7a85a,som_btc,random hex-64,1,wss://groups.0xchat.com
b79f4d6b0d9b787ceb3de2b66dc5304119f4659fd815e83ac1562bfec7d582a9,lnwallet.app status ,random hex-64,1,wss://groups.0xchat.com
b7a7b64d2d68c951,,random hex-16,1,wss://groups.0xchat.com
b7b1dfd74d165feabd41d55c34ece9b3bb9d100235e79bd2e3863937e3031ac9,WoT Bitcoin Meetup,random hex-64,1,wss://groups.0xchat.com
b823706c27cf808da414ff5a2e2a81402eb440993b7af32f99bb4118a1be46b9,,random hex-64,1,wss://groups.0xchat.com
b837f583-6c51-4e72-b117-5b850bc8401b,raw-621643,uuid,1,wss://newlay.relay.tools
b8999b6a6a8ce4c58b6e3ea04cd8e406a0e0eee45e125aa3fe6e64a99ac96fb5,yugotest,random hex-64,1,wss://groups.0xchat.com
b8lsxxp5,,random alnum,1,wss://groups.0xchat.com
b91948c9e2fdbef8f9866d5bb8185095a44a9c9c6a47085d90c0105e2d2b7bd4,Lizaland,random hex-64,1,wss://groups.0xchat.com
b9448a6d847276e5433fb5a0d90fe137,example group,random hex-32,1,wss://groups.0xchat.com
b99d76e30de0bb28220a0da91d7bf149a80e69d946a4bdbdb2bc52802afe467c,闲聊人工智能,random hex-64,1,wss://groups.0xchat.com
b9fdcef92d38b76c3ab440850aff88c47eb84c50a883d0d0875b2b64beca1b59,ndeah,random hex-64,1,wss://groups.0xchat.com
ba038d2002791d591539a8bb34080ed0625fe92b40ddfccb877393cf5df99024,ttm,random hex-64,1,wss://groups.0xchat.com
ba92019f59961757702a90a0b0f55106260fe699894f174e328f22994c0e3911,PARANOICOS,random hex-64,1,wss://groups.0xchat.com
badgebox,BadgeBox - the most ambitious badge creation tool,human-readable slug,1,wss://groups.0xchat.com
balshilskan,asdfasd,random letters,1,wss://groups.0xchat.com
bamothoythr," voices, test room",random letters,1,wss://spatia-arcana.com
baunilha-funsub,「Baunilha Funsub」,human-readable slug,1,wss://groups.0xchat.com
bb1997caa620a4288ab186c156ae1c9871734c53bd59f7998e106d04987ccc9a,羊毛党通知群,random hex-64,1,wss://groups.0xchat.com
bb60f0d09474b95e,,random hex-16,1,wss://groups.satsdisco.com
bb63f7b55b9595b78221b5f8e6f6ae72d8d64fa16d544b0ab150fb3da732b670,test Group,random hex-64,1,wss://groups.0xchat.com
bb70b7dff8b1e375417648f6f4728a102ac1255edf813083660cd2ff958123fa,Test Plebs,random hex-64,1,wss://groups.0xchat.com
bb94c993dfda57d0e7d5a574ae1da135b01f1e42b74ac862c63a3262d32b0ca0,"test2, nip-29 open group",random hex-64,1,wss://groups.0xchat.com
bbf4a7739ce0d3700d91a4df976efdd3c2337530ff22f4a8f735f2d2419b3910,open,random hex-64,1,wss://groups.0xchat.com
bc026ec92251d99a,,random hex-16,1,wss://groups.yugoatobe.com
bc8d571eef26d2925caae9fda6a0afc08758d67e6ac504db0185b80cd1b0928e,test private group,random hex-64,1,wss://groups.0xchat.com
bc910807ac148a309f87242e7939233946880e0df35d55c87f368d0a935656c6,Staff,random hex-64,1,wss://groups.0xchat.com
bda62dd4af5a413fba21adb6e7f4be5e1af1592988947300a24aeb6a71072083,vrbfnf,random hex-64,1,wss://groups.0xchat.com
bdc1b282e3976d9849139620b4f3751156086875ab1aa736179b6824619a3015,Privacidad - Español,random hex-64,1,wss://groups.0xchat.com
be3c52ad48f178c5393faaf13f12cebaf514c2f0ddcf7e02a8919ed1995e565e,先锋护卫队,random hex-64,1,wss://groups.0xchat.com
be6b18d5c278aecf,,random hex-16,1,wss://groups.0xchat.com
be8b576142e61117b2d98961b4262d00a7082fc1ed4cc8d1a58536b032d5840f,大陆人@台湾人@香港人@澳门人@美国华人,random hex-64,1,wss://groups.0xchat.com
be8df995eacb090ecbca9672880f5caab34fde15f2ffa8ac712d60bcd459d292,╰┈➤🏠▸ᎩᎧᏬᏒ ᏂᎧᎷᏋ🪷᭄᜴ฺ̥*,random hex-64,1,wss://groups.0xchat.com
befd3ea6ace6de6341308a4b02008034d36d816289b071d1c9759aa706b23ec5,tttttt,random hex-64,1,wss://groups.0xchat.com
bf74d0a0a878146502048636535a847b76101afbaa2af842b8e34c7e7feb70aa,Test-Einundzwanzig Cham,random hex-64,1,wss://groups.0xchat.com
bf9dd701c719194d4046a30085a0e2b7f28bf9c10e942031101a668dc85cfebc,Babylons.eu,random hex-64,1,wss://groups.0xchat.com
bf9f1ac17083c6c1a0b2b2c9d4eea848fe0ccff4e9c71eda829cb3ebe89274fc,Anonymity Privacy Security ,random hex-64,1,wss://groups.0xchat.com
bfdc9952821ff1b4ce551d93793d390223b701dd6006f1d94d56de7b65d8e325,Christian ,random hex-64,1,wss://groups.0xchat.com
bliclodbar,test,random letters,1,wss://groups.0xchat.com
bliolglossu,Testing,random letters,1,wss://chat.wisp.talk
blockcore,Blockcore,random letters,1,wss://groups.0xchat.com
braeddunplar,FRAL,random letters,1,wss://groups.0xchat.com
brasjetstoun,test,random letters,1,wss://r.iqbqioza.com
bs4e7jwnh23k,Monero Chat,random alnum,1,wss://groups.0xchat.com
byg9IOvmTVcEDMsB,loopyFruitf_meemory_cat,random alnum,1,wss://groups.0xchat.com
c02d0eed97282a4f7b90203e9675f6027e8ff5871ae89b5137e7d4c154680f03,mog0x,random hex-64,1,wss://groups.0xchat.com
c082537e5bacd0d669a2c64d4b7bfec757c26c342cba1a86f257f31185c0caa9,Praia Grande-ES_Grindr,random hex-64,1,wss://groups.0xchat.com
c137_garage,C-137 Garage,human-readable slug,1,wss://relay.scuba323.com
c137garage,C-137 Garage,random alnum,1,wss://relay.scuba323.com
c137garage_v2,C-137 Garage Fresh,human-readable slug,1,wss://relay.scuba323.com
c15824ad136c3bad96600eaca4a6763cef52b544d74825a3a1bc9caefdec1cce,Ronaldo de Oliveira dos Santos ,random hex-64,1,wss://groups.0xchat.com
c17a1c47,aurora2,random hex-8,1,wss://groups.0xchat.com
c17fa79ca8c2502c4b70a93f5eaf59e705ca3b7beb392cb2f72766af9a8750ba,jjjjjjj. bbb,random hex-64,1,wss://groups.0xchat.com
c238c93cf027d16681109321e6f00cef463f91d1cc657aba8b9d6ad29d2a3074,Fighting,random hex-64,1,wss://groups.0xchat.com
c262c3a20ce1e41ea5dd3659fb499c497659f13ed727e336d403c5213a19881a,Alcantarinos Cordimarianos,random hex-64,1,wss://groups.0xchat.com
c28d1a35655bbaa940d6652d6fd69469,SimpleX_FR 🇨🇵,random hex-32,1,wss://groups.0xchat.com
c2aa3872a25a523c7579dc8306423f9fe114fac7ea6c81317e1c145f29561a69,feet,random hex-64,1,wss://groups.0xchat.com
c2dec72797980ddb11532add5eb9d79b8ee27f273681433226084e070dc25d30,ok,random hex-64,1,wss://groups.0xchat.com
c2f42b2d28e97797,,random hex-16,1,wss://groups.yugoatobe.com
c3371cd746e9726fb7804ff7dc6be81959a7c99ff4a4346d7ec1bb751f799cf4,Pokémon ,random hex-64,1,wss://groups.0xchat.com
c33cc4eeec94c7df0d6d0b420ce0bb01b79c4ee4aaf94cfb774cafaed33b4e7c,testgroup01,random hex-64,1,wss://groups.0xchat.com
c36b21e7b2f2c6f3,,random hex-16,1,wss://groups.yugoatobe.com
c37beb9eeea5c6454825b9329ab7f5835030cf3e5215e15ae2a0fd45b42d9c4c,940707,random hex-64,1,wss://groups.0xchat.com
c39cbb08b200e6ef876af8b7f053510fa38b251b4789dac5525ea344e9df1908,moriRoom,random hex-64,1,wss://groups.0xchat.com
c3a5be66e541a5446486d55b7925f4d8e94121e342a49cca2932d5784d5cbbc9,Assiszurp,random hex-64,1,wss://groups.0xchat.com
c478bc4643ea3a42215b2ee63f103278ce46c75c4e95bef575ed0db3427a22ae,testgroup closed,random hex-64,1,wss://groups.0xchat.com
c48246ddb6a2aa311c1a219d4cbb398afd0442958876be820598575fc48dc1b5,Workshop1,random hex-64,1,wss://groups.0xchat.com
c58b26d368c74468fcd1a902f455dc14ed73e64367bfd256d0c720109337c8eb,Star Citizen ,random hex-64,1,wss://groups.0xchat.com
c595ab94d2fc8fb5,,random hex-16,1,wss://groups.satsdisco.com
c5a4eb1ca4816f19,,random hex-16,1,wss://groups.yugoatobe.com
c5af193c5e8375e8621b0d46ffef8103,Testing,random hex-32,1,wss://groups.0xchat.com
c5e8d9cd6799845bfa8a5385c9bb67edbe4b7613d5788c455a9f9edfc58f3d69,,random hex-64,1,wss://groups.0xchat.com
c678a07bdd9f43bb,,random hex-16,1,wss://groups.yugoatobe.com
c6c7da00a0a7085778a29476305b977d,gp,random hex-32,1,wss://groups.0xchat.com
c6f0f845fb2a3792,Sunnyhill Basement,random hex-16,1,wss://relay.zapclub.io
c70990565f769ad0,,random hex-16,1,wss://groups.0xchat.com
c70a3bc176559442202482c1ffa137094ce4c9bc942a4e442408746896a269a1,group chat,random hex-64,1,wss://groups.0xchat.com
c71fa936c67cb94b1d928046a21aa9c8b0b0570128e10fd44a28eb5f0502e3d2,bbjdnd,random hex-64,1,wss://groups.0xchat.com
c725758ff52e8ea1c0137ea5d0b382db0cad96b6556c4265d5b17612ae506c5b,Capital B,random hex-64,1,wss://groups.0xchat.com
c72cba800c83f78cd0ddc4d1ebbadeb8cf31d6084e18f069ba37dffae4af07c1,ccj,random hex-64,1,wss://groups.0xchat.com
c7c1ccc7119c896e,,random hex-16,1,wss://groups.satsdisco.com
c7ca6a16dd1ed946,Telegram Bot Club,random hex-16,1,wss://relay.zapclub.io
c7dac8f9ab0fcbdd,,random hex-16,1,wss://groups.0xchat.com
c83e2a46d97a023e4bebe4e1f3e97008bffc35c34eb0396edeb999b80068855c,n0xstr High Council 2,random hex-64,1,wss://groups.0xchat.com
c85e76af93fa4ef0,,random hex-16,1,wss://groups.satsdisco.com
c8982631c4a69c1b08eff7d5031bcd1b772f19adf2e3c45d2dd64223daf89320,Boy Collections,random hex-64,1,wss://groups.0xchat.com
c8aa3e9d56521db09171f8616419f1464ec4d43c08ab2dbb20762f8dd6d6922c,Central Coast Bitcoin,random hex-64,1,wss://groups.0xchat.com
c8d8284ed0c3e7a4577c5b71e7590dd978c58182706d661d0b11808f98675c6b,FREEDOM,random hex-64,1,wss://groups.0xchat.com
c9034de49489a2b7,,random hex-16,1,wss://groups.0xchat.com
c99e287eb555862e0fa1ae781deda8ed446c71c1ae5ff33bf588bdc6749c0655,btcinfo,random hex-64,1,wss://groups.0xchat.com
cKlxEVUUZqxtXzCn,captjackdeck,human-readable slug,1,wss://groups.0xchat.com
cMXbM1ZxZ4vlP7Nu,For test off,random alnum,1,wss://groups.0xchat.com
cTQoDEcNpGLifePa,testchan2,human-readable slug,1,wss://groups.0xchat.com
cWHtOiYMK9UhwM1p,test_cha2,random alnum,1,wss://groups.0xchat.com
ca13ad3ce5ab4cb3,,random hex-16,1,wss://groups.yugoatobe.com
ca25121ccf7b82db5f3ec7fe6c3d5722ad77962ef21ee7fd3ae77d641ede8a2c,دوپامین,random hex-64,1,wss://groups.0xchat.com
ca4f2a8ac433df11aa40ef21891cc99727c5bb756a8c9be0f883e53695d81f0b,~~,random hex-64,1,wss://groups.0xchat.com
ca530522569a7ce5d94c12a84ac65741940563607c0dd0355c1c05bc4b00120d,test private group,random hex-64,1,wss://groups.0xchat.com
ca8d18fb19988c6fb5caff28ff23d9127f20db16ae325f240cb0db21ddca392c,hinden,random hex-64,1,wss://groups.0xchat.com
caccc66e15a87000,Eu estou na praça,random hex-16,1,wss://groups.0xchat.com
cb479c22797f9a9d40a10f81d7cdc3173ed7f0e3cc27135c439c2f7a5e0a5c95,dupa,random hex-64,1,wss://groups.0xchat.com
cb59ae7be00eec65,,random hex-16,1,wss://groups.0xchat.com
cc0b25b56b87ff74c05e4437f853d9ee0dfe96517986c4a8bdb09db23191f008,Bitcoinlighthouse,random hex-64,1,wss://groups.0xchat.com
cc1486303393adafb2270975fa0b10b997f617b364889b262e0c22b52ec58bc7,haha,random hex-64,1,wss://groups.0xchat.com
cc9d10ea457b176b65b4152945bf63ad,biiiiii,random hex-32,1,wss://groups.0xchat.com
ccde4ab5e1b0d29cf0236c33a05f3ed0427700687b34990c56a70c7a8d03d70d,,random hex-64,1,wss://groups.0xchat.com
cd1187c336227121ccbc1fb5a8e46effde00e615961fc40331efeb2463771af7,111,random hex-64,1,wss://groups.0xchat.com
cd2dcc0a4ad8a49f5344f6595863f1543d899c1560e88daf0ffcd4ae4a7c1ff2,🍽️,random hex-64,1,wss://groups.0xchat.com
cd918c06f89f6f673b3a440444d85e60830088bbf1e81fae8e58648181d14008,NSCA,random hex-64,1,wss://groups.0xchat.com
cda8a28cac18d8fe,Bostileiros,random hex-16,1,wss://groups.libernet.app
cdc8a1021f7012005c7b35b34fe0f275bbc6f7006109a08fe20c2322bc909ec9,qoqooqooqoqoqooqoqoqoqoqooqooqoqoqooq,random hex-64,1,wss://groups.0xchat.com
cdcc7ec9898541b013246832467baee24c890de8a7b08093509ad618c7cef9e3,Tropa de TUX,random hex-64,1,wss://groups.0xchat.com
cdea3afb2d08ae6da2aa05dbe7faf3a6c53a3ae615079964b4c90f0029311756,testopengroup,random hex-64,1,wss://groups.0xchat.com
ce41978b78825467b5f6648c317989ff0b23736b7c6d11dcfef09f10c538f970,The Lightning Club,random hex-64,1,wss://groups.0xchat.com
cea668ce30364f45,,random hex-16,1,wss://groups.0xchat.com
ceaa93eb227301678972ba19ab978338d5cc2d858c37b79fcd443da2aff6618f,Matemática,random hex-64,1,wss://groups.0xchat.com
cecdeebb0776ddf1e48ad162feaaadb8f0d9a8729948e9a816cffa809f1902b3,Exilio,random hex-64,1,wss://groups.0xchat.com
cefd8b057fe198aadd56e7f89e3af01addb8afecbe0478727ff6d48825c49950,07291543open,random hex-64,1,wss://groups.0xchat.com
cf0ef5,test,random hex-6,1,key:00bb97ab
cf56a8c9-bc1e-4a1a-a28e-1dc43029f5a4,e2e-updated-622531,uuid,1,wss://newlay.relay.tools
cf89e5066744d066a13d49d9d831436f97a4acbc0e1621ad9e21234e7aa35f4c,MLP | Visiting Kirin | В гостях у Кирина,random hex-64,1,wss://groups.0xchat.com
cfa513595dc865cd17a78c57ab30c1a56b5f045164f4f737a1f9f26170685f53,Gambling,random hex-64,1,wss://groups.0xchat.com
cfd87d336a02bfe4b4a0571cda4dd88660e0f6e009e18aa2c601f3564996a37d,,random hex-64,1,wss://groups.0xchat.com
cfe20e73bb320562e2741ce9d5fd118dd367f7b4ecbf6020ad71a2882715281d,"FODA-SE O ESTADO; cc, cartão clonado, conta lara, documentos editáveis.",random hex-64,1,wss://groups.0xchat.com
cfe9a1dbf90fddbdd0924952b43418453753f24bb6d97270c36bf4e9de8bb98e,JF | Relay and Services ,random hex-64,1,wss://groups.0xchat.com
cghal092y9qg,Wisp Community,random alnum,1,wss://groups.0xchat.com
chachi,chachi,human-readable slug,1,wss://groups.0xchat.com
chafeakrup,Minecraft,random letters,1,wss://relay.scuba323.com
chiokgeikbae,joinstr,random letters,1,wss://groups.0xchat.com
ckodogmf4qzd,,random alnum,1,wss://groups.0xchat.com
clirslefat,,random letters,1,wss://groups.0xchat.com
clmIhpmP5XJVChsRmWYK,Test group 2026 03 25,human-readable slug,1,wss://relay.fountain.fm
closed-test-5293,,human-readable slug,1,wss://groups.0xchat.com
codleidglour,Test,random letters,1,wss://groups.0xchat.com
conspiracy,Conspiracy,random letters,1,wss://groups.0xchat.com
crypto-7fff3c92beb7,,human-readable slug,1,wss://groups.0xchat.com
d03368863f0d11e7061f2feb4091b89da125769f1aa0d45a2d94f516f7b3297a,close group,random hex-64,1,wss://groups.0xchat.com
d083a8b47cf95e6c65c4f7de02f162e6d87c9903f3c085ee8fd8f6573131e3f9,ا,random hex-64,1,wss://groups.0xchat.com
d0973394c2ea6fe76d0d30866536af7daf70befece4d4d40df73539679ca11f3,NEOBAKUFU,random hex-64,1,wss://groups.0xchat.com
d0a13be2e2f57ddcd31efd455524d48cab536567fe808b2e1068b2a11c5bd56b,Satoshi Syndicate,random hex-64,1,wss://groups.0xchat.com
d0e5a72eff0167af4652f9c63d91712391dc71f7c7744e54a957a37e9639c10f,sjsjns,random hex-64,1,wss://groups.0xchat.com
d0eaee3e31576c800641288e3837953a9ea40e89eb2b907490b164355beff17d,Gajos porreiros,random hex-64,1,wss://groups.0xchat.com
d0f53421df79b3ea23e3db10b962e78697bf24106bd42a3e85f6e5e9a4ac7bc0,FOP,random hex-64,1,wss://groups.0xchat.com
d1217e1811883a6e3189d41ea290fe0e,lotus-test-group,random hex-32,1,wss://groups.0xchat.com
d1a2d4361c6744b4,,random hex-16,1,wss://groups.0xchat.com
d24c6d45f4ef9f5787102fd06115530668aed9487a8f131f5d980cfff578007c,Tlatoani,random hex-64,1,wss://groups.0xchat.com
d24da0d465f52bce56d968193f168ee8f62e27b7d47c0a69d96bb44087661e5d,teste open group,random hex-64,1,wss://groups.0xchat.com
d32a228e400ad5ffbaa91e054ecc95d8b98a24d08ce5efcb83849df94608dbe2,IrOnChain,random hex-64,1,wss://groups.0xchat.com
d37e30a4bec0219fb090a5c13d2f60164d593cc790b83c7f551fc5bc2c19851c,jo,random hex-64,1,wss://groups.0xchat.com
d3eca615562afb5d28b474e0736711551adf009262e5ef6291d592c39458dca3,"Within you I lose myself, without you I find myself wanting to be lost again",random hex-64,1,wss://groups.0xchat.com
d44a62fe595b5caf,,random hex-16,1,wss://groups.satsdisco.com
d5156d,#,random hex-6,1,wss://relay29.notoshi.win
d5166d,'as,random hex-6,1,wss://relay29.notoshi.win
d59e32,horse,random hex-6,1,wss://groups.fiatjaf.com
d59fd86ca6e37a14b15d309de1997d58c75c6428011a24b7730ea17b111e9efa,test-closed-group,random hex-64,1,wss://groups.0xchat.com
d5c9989969caddb87897181da04f3455,NoorNote,random hex-32,1,wss://groups.0xchat.com
d5fac3,nsite,random hex-6,1,wss://groups.hzrd149.com
d638ea9300b22c6f9202ad2558d889e77479b4adbd08ead95f2edd18b202be40,kodx,random hex-64,1,wss://groups.0xchat.com
d68911d38d6c0237c5021288e4b12a2f5e716331d4453b47b835540aa31e7fdf,Larry Fink ,random hex-64,1,wss://groups.0xchat.com
d6b90ab849b4569373b6ed58c6882f714e19ccf19d780a3e99d7ab0b66d774c6,Einundzwanzig,random hex-64,1,wss://groups.0xchat.com
d6d74596365ca89b7eee108f1afd54884c25948ebc03313adedace84ce75f0c7,jhj,random hex-64,1,wss://groups.0xchat.com
d76c7457077c6d406fa0917704ef777c60274bfa08a3122471222375253e92f6,Xilky$tar Airdrop's Channel,random hex-64,1,wss://groups.0xchat.com
d79c73d35601c773518edb202ee52155ad4835967916007726340685ddf152fc,BTC Mannheim on nostr,random hex-64,1,wss://groups.0xchat.com
d7a86fdd3d556e83319740370ed99267535ae2778e3c9815855183e921f5e698,Macacada³🌌☄️,random hex-64,1,wss://groups.0xchat.com
d7b4ac138c912306c1492985f67f2c8c21089814cf9434e55f3d961a7aac5602,2222,random hex-64,1,wss://groups.0xchat.com
d8166d,'as,random hex-6,1,wss://relay29.notoshi.win
d81d529761504c5318269ef0fea92ff2b390241c59650a37c1175cb123c476d9,Cosa Nostr CZSK,random hex-64,1,wss://groups.0xchat.com
d8371e2eb0b431b18f99ca49bf7f1031c780340c3d42723210fe9c235ca7a8b6,,random hex-64,1,wss://strfry.ymir.cloud
d83ca3b1c072c398,Jabs board,random hex-16,1,wss://basspistol.org
d83d876f5c7083f717dc397ee9d0bc57701eb000830c98ae32047718285f08be,Vacation,random hex-64,1,wss://groups.0xchat.com
d87f32,,random hex-6,1,wss://groups.fiatjaf.com
d883f6b354e71e0595a1fff322df88d0146bfc5963384fec38c792a8fd383eb6,crypto soup!,random hex-64,1,wss://groups.0xchat.com
d89d1e6cec0ee89a595edb2bda65e981a3e3ea1d6c1d6caf7c42300f5b178323,cocktributes,random hex-64,1,wss://groups.0xchat.com
d8e5ec9db5b0b2d6f87ab042605593240c6de79a5266fb803cf1ff1b0f9f694b,??? just a test,random hex-64,1,wss://groups.0xchat.com
d8fc34a4059c9a402ef4cc98f60b0609551e5e9bcfd9f14d11f2f9eb0e0e0a4a,test 3,random hex-64,1,wss://groups.0xchat.com
d91e529203b3799d826da8ded929572ae003c81d47b7a85b9fd8899b6538aa72,Regular Chat,random hex-64,1,wss://groups.0xchat.com
d92ec7e5f8ac7874c32590e2077b35070c6eda1c0ba98809bbb93cb0e52e6679,nostr High Council,random hex-64,1,wss://groups.0xchat.com
d92ef5,bitvid Community,random hex-6,1,key:00bb97ab
d93f38725c2f9667,,random hex-16,1,wss://groups.yugoatobe.com
d95250c5313d1b564663d08a0d3ba95646017a9062a3625241d06ef6a882c693,~~,random hex-64,1,wss://groups.0xchat.com
d957d26d-a3b3-516a-80cf-d89e6902ee0d,d957d26d-a3b3-516a-80cf-d89e6902ee0d,uuid,1,wss://newlay.relay.tools
d99f40,,random hex-6,1,wss://groups.fiatjaf.com
d9t6ijol1guo,Vibe Coding,random alnum,1,wss://groups.0xchat.com
dBhLDxUjJUyLDbYt,Habla,human-readable slug,1,wss://groups.0xchat.com
da95ee16ab5eb8876cccb7fe71aa6eaa674dd49a531d641727accc7cbbb2a39c,,random hex-64,1,wss://groups.0xchat.com
da997d29bcb2581c9f42072973b7c799d5d7f2d6d0e9b55830954196fdd4d6ea,Haha,random hex-64,1,wss://groups.0xchat.com
daB8V1ZISRMP7aX0,justMessingAround,random alnum,1,wss://groups.0xchat.com
dab42a1029aa579c,,random hex-16,1,wss://groups.satsdisco.com
dab98358c6ce677346c874c5788ee199f3fc70c4e9629594b7f914388d444b1a,Руф.Поинт,random hex-64,1,wss://groups.0xchat.com
dacd10d4621ab0b4afdbb8aa32accd2dd500e80a92081a6cda6e3bc2a02e0468,test,random hex-64,1,wss://groups.0xchat.com
db476081ce37f876195c1cf4f47c7be8cc7f5f3380f6cf641bea37e307457ac2,testgroupname,random hex-64,1,wss://groups.0xchat.com
db50d7863844eed62e1eaedc67f4b4547229d44fc69eff02be98695eeb544777,yes ,random hex-64,1,wss://groups.0xchat.com
db698c43f28b36b21b60da72265c9a49874feb5ce3f19806e9854065144f8be2,test,random hex-64,1,wss://groups.0xchat.com
db8942435a8de8229b2952d4e067a17d4de68f64ac478c6e1ab21da421809c09,涵涵,random hex-64,1,wss://groups.0xchat.com
db8fee71867abd12,,random hex-16,1,wss://groups.yugoatobe.com
dba0cc8ca4cc9485,,random hex-16,1,wss://groups.0xchat.com
dbcad9e048ed72096ea29c2368a6c7d126a4b45769f50accf36bc5ada0d27799,btcinfo,random hex-64,1,wss://groups.0xchat.com
dbdb618e970fd68b0a8e149ab6c9f8ddef753b20a1baca7ad89e92563ad91358,uru4,random hex-64,1,wss://groups.0xchat.com
dbdee1e0be4ebe5c,,random hex-16,1,wss://groups.yugoatobe.com
dbg71781129434322,,human-readable slug,1,wss://groups.0xchat.com
dbgbash1781127343,,human-readable slug,1,wss://groups.0xchat.com
dc31ec39ef0a18cafd0fbdda12da5ffe34f4bcca483000d4ee3ed435ae3b9a17,The Dells,random hex-64,1,wss://groups.0xchat.com
dc99b9f0554b4d777240eb47a7c0a722bbe3c8b3c80b3a553acc0e9becdfb5f5,MicroPythonOS,random hex-64,1,wss://groups.0xchat.com
dce45fce0e8a95f321e95988f6cee49a7ad3f22612947a30e79fb627e56678ac,Star Citizen ,random hex-64,1,wss://groups.0xchat.com
dd1b1a689a15da5047f55432e5deadbd96f3d8d15ae9f00309a2bc137ad8de83,the seals,random hex-64,1,wss://groups.0xchat.com
dd894f845ebd28c5d61871bbeff1e8e07af9a55bd7309a44a9b9e563ab9cc62a,Kernow Admin,random hex-64,1,wss://groups.0xchat.com
ddadc25c066cdb4d730467ac6132f709,Tedt,random hex-32,1,wss://groups.0xchat.com
ddc024c28d3a960b682ab4348689d85424910a2203ea3093bd7772c637c0fb2a,,random hex-64,1,wss://groups.0xchat.com
ddea354c46d2f1a4f4f535d6a0c774152c3c2c7b69ef933a0a2900fef2e455c1,Sats Cats Club,random hex-64,1,wss://groups.0xchat.com
ddf04fb39d0ffcec3c2cd2fbf07d397054a04612adfc026e5244701bffb27278,open_closed,random hex-64,1,wss://groups.0xchat.com
de10d77c248de6bc691035d3dc0c482ee8bc74325c217b7f05b0ffa13abb9158,Wishfull thinking,random hex-64,1,wss://groups.0xchat.com
de43e98361ccf38cce6c8fb237e00f376b3e938bf5effc6564ad56929ae7a571,Ordem Natural ,random hex-64,1,wss://groups.0xchat.com
de65e55c2810a053,,random hex-16,1,wss://groups.satsdisco.com
de871f39ded5ed03a00ec919e226d0966e7bc737d81c168ddfc8fba84e093996,Sperm,random hex-64,1,wss://groups.0xchat.com
de99cd252fb4591b153b7e93b9f7a27374e07fbb439a9508f6ac49498e1c2906,test,random hex-64,1,wss://groups.0xchat.com
dec3440798276d6e9f05a3df1b118b90214b39378d85e89b5eb10ed79e5da67a,self-sovereign browser,random hex-64,1,wss://groups.0xchat.com
def0dbee17a4967e1d4a68968c2fdbba3203ce527a07886222984b8295c2dec4,test group,random hex-64,1,wss://groups.0xchat.com
dekkeilshur,test,random letters,1,wss://groups.0xchat.com
del-15026,del-15026,human-readable slug,1,wss://newlay.relay.tools
del2-15278,del2-15278,human-readable slug,1,wss://newlay.relay.tools
delfix-5201,delfix-5201,human-readable slug,1,wss://newlay.relay.tools
demo-1783616186,Mod Group,human-readable slug,1,wss://newlay.relay.tools
df1fdeec22c313db900013c45c7458ec7483e127dc633f59a297173e2fce2ee2,test3,random hex-64,1,wss://groups.0xchat.com
dhg7ogpot65x,Monero,random alnum,1,wss://groups.0xchat.com
dlvhb6331470,Nulls Home,random alnum,1,wss://chat.wisp.talk
doultidjil,Testing,random letters,1,wss://groups.0xchat.com
dreinplumsha,t tu uuyhh,random letters,1,wss://groups.0xchat.com
dreplirsae,Let's Fo Live,random letters,1,wss://groups.0xchat.com
drirdavun,,random letters,1,wss://chat.wisp.talk
droudtreinsin,Art,random letters,1,wss://groups.0xchat.com
dyne-agora,Dyne Chat,human-readable slug,1,wss://relay.dyne.org
e02c2ac1cd27f15c4217e3569831c0f341644b29b3b2b73395a3b14da745990e,Bitcoin Byltingin,random hex-64,1,wss://groups.0xchat.com
e047edd26570dfa5fc35ca2932e25760bfb18fdb7affecac4571e26682e08f15,hubei,random hex-64,1,wss://groups.0xchat.com
e09746a95aaf4acce442eece3cfaaf3aa59b04423158f4a8817b650440bfd242,closed group ,random hex-64,1,wss://groups.0xchat.com
e0e3fbe79583e49d78f4f2777e9dfd8eaed6554520f5aff622b36b7d8bab6fea,Decentralized Expat Group,random hex-64,1,wss://groups.0xchat.com
e0e53c860659ecd78d60bf2d4fe1a976,Public Counter-Strike Community,random hex-32,1,wss://groups.0xchat.com
e162c71f089f1124,,random hex-16,1,wss://groups.satsdisco.com
e1c2eb596d4ac324f0cfc2e84f3f93ec2d7145f92e2f47171dd2afc469f6a7c3,dev,random hex-64,1,wss://groups.0xchat.com
e1cc34,groups.nip29.com,random hex-6,1,wss://groups.fiatjaf.com
e200f5254e5c5411,,random hex-16,1,wss://groups.yugoatobe.com
e23891,nsite,random hex-6,1,wss://groups.hzrd149.com
e26a7b458fb8dd9a79668f70e62fcb1129280773c5d9e727bb3efe7caa84b7f0,2月24日テスト,random hex-64,1,wss://groups.0xchat.com
e28ec9459fb09a607a17716acbfc7196a2c4c15567fb06d185b79dad6bb73092,Chingtam Capital,random hex-64,1,wss://groups.0xchat.com
e2e1e6n4kx,,random alnum,1,wss://groups.0xchat.com
e2e7ovfl13,,random alnum,1,wss://groups.0xchat.com
e2e98cs9al,,random alnum,1,wss://groups.0xchat.com
e2ecudn6g7,,random alnum,1,wss://groups.0xchat.com
e2eeokz8qk,,random alnum,1,wss://groups.0xchat.com
e2eobyhr7r,,random alnum,1,wss://groups.0xchat.com
e2ev5u946d,,random alnum,1,wss://groups.0xchat.com
e2evjccalz,,random alnum,1,wss://groups.0xchat.com
e303d38e391fe896b91e25f820411bf02e3161ed72cae922e052204b7ce617c4,54554545,random hex-64,1,wss://groups.0xchat.com
e307521707974a6003c5c744f6a30b0f5bff47e85f3bae25fd8e96c24e6d7704,V聚数字货币交流群,random hex-64,1,wss://groups.0xchat.com
e34f9f72d6dc435e41e1d1e5c1c5c595545ccb6beb16da0ee3733a3286bc6e59,THE UNCOUNTED PODCAST,random hex-64,1,wss://groups.0xchat.com
e37cc6eba3ca8d259fa996b5c5d4ce235dfadb7e6a5a3b1d59a3e39da28b02fc,Shenzhen Dragon Tendon Massage Spa,random hex-64,1,wss://groups.0xchat.com
e3820981b761b4ac25a8e4a1ef90c2bf3a965d46a4345dfab3b654d99affa9fa,Schola Cordis Iesu,random hex-64,1,wss://groups.0xchat.com
e3a9c169011e7f198c1bbf9c472ed077c33a15125de1816712570ea0fce683af,teste closed group,random hex-64,1,wss://groups.0xchat.com
e3b7d53b-b211-561e-9ccc-049858927c89,welcome-everyone,uuid,1,wss://buzz.chrisdoc.dev
e3c9f50a6c33fee0d22e20c78ee96717e19bde376a6b2f2c91561ed5064e7745,Nutz,random hex-64,1,wss://groups.0xchat.com
e402c400557a63ed48e05b8819300e6ab20c7622b0297d64d8d39227a2c3f550,Bitcoin-Abenteuer in El Salvador - Die NOSTR-Connection,random hex-64,1,wss://groups.0xchat.com
e41290d8af209549bd5fa2df07f1e5f0b649360b842bf481e2b6f60c1207dfb0,One Dream,random hex-64,1,wss://groups.0xchat.com
e44d6c961579c93c1764c3ce28709696964ba181c50167affec9b598116f3183,,random hex-64,1,wss://groups.0xchat.com
e48f2deaba89d994abff30837878f918a6c5fc8b39740a741e501b3258bb41d4,test4,random hex-64,1,wss://groups.0xchat.com
e4d324f61c9447cb7340738ef430e8f475fa0bb9da33a8cc67b67a6abafb3e16,Bitcoin Görlitz,random hex-64,1,wss://groups.0xchat.com
e4d87fd3a679226f,,random hex-16,1,wss://groups.0xchat.com
e55b900098bf475b99b86c9165d15cafe7fe23ed8d9e0971183370c3ffea0cdd,minsk.ruf,random hex-64,1,wss://groups.0xchat.com
e57109a4128be84d8418f98a5020d9c198363aa9504744a6bef000f8e8b1eedf,allenclosegroup,random hex-64,1,wss://groups.0xchat.com
e5a0f891a7566485f61313e914f9bae36a7799e8305e4b4a7585ff62d734dcb1,テスト21,random hex-64,1,wss://groups.yugoatobe.com
e5d12685ceae5eca,huga huga video,random hex-16,1,wss://groups.0xchat.com
e5db057faefdb981,,random hex-16,1,wss://groups.0xchat.com
e64aa1821f6fab51e6927f8eded9b95d8fb16461c132fc57f3ab6705a8900f02,新手村,random hex-64,1,wss://groups.0xchat.com
e6f9f6fc7f90c40689086159bb85e09fa69db810aa61e7abdda5e98ba606233c,Bitcoin Chatt,random hex-64,1,wss://groups.0xchat.com
e70eba76e2c04267266383c70b6866372f2c201087844c40be76f977429ea14a,Rely Management APIs Discussion,random hex-64,1,wss://groups.0xchat.com
e74c12a4bdc6c3ac522237f2f52a90f2e6e7fe3d8a6ccafd93e46d3e7cceb7ac,Dwadzieścia Jeden - Bitcoin Polska,random hex-64,1,wss://groups.0xchat.com
e7643ec99947f19a149cb71fa2e147e41c47f7e7100488debe28ef19536b7057,Meetup Remstal,random hex-64,1,wss://groups.0xchat.com
e789c39408bc49d2f8fff05e3d5b3027e6741be30f96dcd2cc755ec369410e40,Barcelona Nostr ++,random hex-64,1,wss://groups.0xchat.com
e7f7b4e53d86a9a9438b0cb23da1a674,Vends VOD/Albums 🇨🇵,random hex-32,1,wss://groups.0xchat.com
e83f2dfbf4daa838,,random hex-16,1,wss://groups.0xchat.com
e8703d,MicroPythonOS,random hex-6,1,key:00bb97ab
e8776bf01a888acd,,random hex-16,1,wss://groups.yugoatobe.com
e879cfb15cf23de50395ebc56a825f8eda28af95b3930aa76e20dfea59e198da,Ukraine,random hex-64,1,wss://groups.0xchat.com
e87a02d0a33a6af56c820665074afaf00874e2c3c123548bc869d3ded9680449,Orthodox Christianity,random hex-64,1,wss://groups.0xchat.com
e90f51060d750f08b52088c93ced21fe5eb1c27c8caefd68ba4365c69fe8486b,test-closed-group,random hex-64,1,wss://groups.0xchat.com
e9263a361a4d54f1,,random hex-16,1,wss://groups.yugoatobe.com
e92d6c37d98f4342,,random hex-16,1,wss://groups.0xchat.com
e967303001bbd1db5837faa01f6d08b99f6c1ece2030bc812c60690b96beca5c,Test,random hex-64,1,wss://groups.0xchat.com
e9XqTB6uwaorzpcp,Nostr Quiz jp,random alnum,1,wss://relay29.notoshi.win
e9bdf136a12b9f6d9cbd64d46b9fe23f9fe0a9b649f7c8e86e88a42b2d9bc3d3,Crypto Trading & News,random hex-64,1,wss://groups.0xchat.com
e9c77d61be2e2027f13002477a8832d072d8a641dd0a46e022852b329b5ac4b3,testclosedgroup,random hex-64,1,wss://groups.0xchat.com
e9d658ddf8e4171bc11f05259bb99affa52028ef573e5b1e895f6a527274b5a8,Test group on 0xchat,random hex-64,1,wss://groups.0xchat.com
e9e404ad045173dc,,random hex-16,1,wss://groups.satsdisco.com
e9ladxbwX4M7bKY0,mlg,random alnum,1,wss://groups.0xchat.com
ea19b9e6ee94121ececd9e6f2a54979f53ad7cf7988823dfb16cdecc1f99f63d,,random hex-64,1,wss://groups.0xchat.com
ea54ed918cde7d37,blabla,random hex-16,1,wss://pipe.imwald.eu
ea6f0d98db692b49d3ef264507314e4d05d30535896876da5f4a864f170fdbbe,The Holstein House Group,random hex-64,1,wss://groups.0xchat.com
ea7f42f92082db90bb17cf50be06b1fbf54ce9746c2fabfedbc0620f21009302,MedSchlr ,random hex-64,1,wss://groups.0xchat.com
eb2b830ede5f59e53f8559a6f279ac1ea72df38857a3e4f8935571a1b24059b3,Open group test,random hex-64,1,wss://groups.0xchat.com
eb401752a7499baeb91974dc9e5e11f891f369750a0d73222530c1af0b8f609e,test,random hex-64,1,wss://groups.0xchat.com
eb406cce18fcd63777231c73898aea7dd5b4516d2a748c85f51f2158af191a70,公开群🍟煤老板🍟,random hex-64,1,wss://groups.0xchat.com
eb58e5e9e20730cfbc8d7ba07f9c03130b5655e64c197fd665a7fd1a872907d1,xingGroup,random hex-64,1,wss://groups.0xchat.com
eb6257ee82a23fd6bda7b96170148d3589e796b98afeb8107a34ac0e9926b886,Titcoin & Bitcoin Maximalists,random hex-64,1,wss://groups.0xchat.com
eb6c71c160f004ff581553d5e0c54abbc0d17a0fbd48823c454d332721422c73,,random hex-64,1,wss://groups.0xchat.com
eb7040eaa5505d3f6b26b2b8dc4d004be8f3a9423cdbc18878d10c331778cde6,test remove self ,random hex-64,1,wss://groups.0xchat.com
ebab10588023943358b8e5c3255603c3b945145dcd780a7800923f0e96be98e1,,random hex-64,1,wss://groups.0xchat.com
ebe097abe0b53b001d58e211fc17a1c175dc9477d9d8853a98569335d27ec072,,random hex-64,1,wss://groups.0xchat.com
ebocu8EeVSTW5cLb,Test1234,random alnum,1,wss://groups.0xchat.com
ec55fa0d8ad55212,My own group,random hex-16,1,wss://groups.0xchat.com
ec5f184b5f6813bb97df558f394f4a62d4b3ea96a77e849d64916cd4432a04d2,₿itcoin Supremacy 🏴,random hex-64,1,wss://groups.0xchat.com
ec66c95e1738169f273d70dbc529e7f44ddbba4e6a8dfcef02abe8000a4c7fbb,Stardust 👥 [ Group | NIP-29 ],random hex-64,1,wss://groups.0xchat.com
ec90af,red,random hex-6,1,wss://groups.fiatjaf.com
ecash,eCash Optimists,human-readable slug,1,wss://chat.wisp.talk
eceacb6d14d326343eb6706d3052791cc480211a68d0f1a8251edaaf19fc2f21,nsec1wf2wl280adgzjgxt86huk55ympyg5ylg7ddmz99zj4kyf6lal34scvpuyr,random hex-64,1,wss://groups.0xchat.com
eceb216ae5f88d3a9efc902ba274bb14ea28f8c31d9054ee1d6646244da1af2a,Bitcoin non-dom,random hex-64,1,wss://groups.0xchat.com
echorune,echorune,human-readable slug,1,wss://groups.0xchat.com
ed40e510d7d64609aa9862ba6c2ca979,[deleted],random hex-32,1,wss://pyramid.fiatjaf.com
ee249c31f33bf5f76031eda43660a92580ea3d95c5684a6133c29f568c30e11c,Carnivore Pill [Dr. Fernando Morales],random hex-64,1,wss://groups.0xchat.com
eeb43d4b1017b5d6582e4995258cdc24acafbc7f1a7e4588d8a9a988a07e4cda,Nostr Chat,random hex-64,1,wss://groups.0xchat.com
eekudayr,Wellbeing,human-readable slug,1,wss://relay.scuba323.com
ef308255bd20568e,,random hex-16,1,wss://groups.0xchat.com
ef3f74e13b85c6669fc9e3ad0e58ddabbcd6fddcfb0a9825c30ceac2a66033bb,<INACTIVE>,random hex-64,1,wss://groups.0xchat.com
efdfd45d1daa39a9b67a52cd756f8c8485bcc3446beef87cfeb4a21f36da56cc,nam,random hex-64,1,wss://groups.0xchat.com
efoygigr,Private Room,human-readable slug,1,wss://squalk-pyramid.dtonon.com
egkilw523nds8mqlfh3de,,human-readable slug,1,wss://groups.0xchat.com
ek-31abac13f2effdc4,,human-readable slug,1,wss://groups.0xchat.com
ek-43df2b031b07d416,dele soon,human-readable slug,1,wss://groups.0xchat.com
ek-49e5954ecbe76b97,,human-readable slug,1,wss://groups.0xchat.com
ek-684c5465cd92d022,ioswss,human-readable slug,1,wss://groups.0xchat.com
ek-88dfb65be4201dfe,poiu,human-readable slug,1,wss://groups.0xchat.com
ek-8bf5e7e1ecf7c8d9,6565877,human-readable slug,1,wss://groups.0xchat.com
ek-a8288160d0273f36,09090909,human-readable slug,1,wss://groups.0xchat.com
ek-cc18caa159cbef75,,human-readable slug,1,wss://groups.0xchat.com
ek-cdeff433f9d63028,Public group,human-readable slug,1,wss://groups.0xchat.com
ek-d8df7913ff19f5b7,polikop,human-readable slug,1,wss://groups.0xchat.com
ek-ff7299f7b296f163,ioioioio,human-readable slug,1,wss://groups.0xchat.com
ek-probe-1781697316260,,human-readable slug,1,wss://groups.0xchat.com
el9btbsybkkd,new testing channel,random alnum,1,wss://groups.0xchat.com
elbe-hiking-crew,Elbe Hiking Crew,human-readable slug,1,wss://groups.0xchat.com
epZ7WaEESmj9Ic7H,Muslim,random alnum,1,wss://groups.0xchat.com
etreeshiagl,voice,random letters,1,wss://relay.scuba323.com
example-124-4567,,human-readable slug,1,wss://groups.0xchat.com
ey3m0kj3m75qvet223w0,,human-readable slug,1,wss://groups.0xchat.com
eysoughblarghsko,,human-readable slug,1,wss://spatia-arcana.com
ezYoAkj8A8o130tY,Nostr-PHP,random alnum,1,wss://inner.sebastix.social
f003fdaf80e79d1c83178145dc0b466aa80341b32b51257f5988f7f0a22cf377,,random hex-64,1,wss://groups.0xchat.com
f01cfbfba7dc8a8af1c0a4d997c85499a712f9b86a9fa179f200efbcfee5c0a6,サトシテスト2,random hex-64,1,wss://groups.0xchat.com
f063d331242e16dbb18547336c86059788b629da4b62e9c62613f725dd8e9e02,LSF,random hex-64,1,wss://groups.0xchat.com
f0caeb346f330ea6b45f3a31566a0ca3d6c12604f0fcbc30afba2f8acf385660,COFFEE PRIVÉ 82,random hex-64,1,wss://groups.0xchat.com
f1171c7514fa508bb3fd36175f690c122dfb9e21cd1bf825c79bb44f356dc512,Tokyo Nostriches,random hex-64,1,wss://groups.0xchat.com
f12b52e63911c321a4b1711e554714e5fce8da9f8b4cc5eed34034b68b839fc2,tytyy for the follow ,random hex-64,1,wss://groups.0xchat.com
f1ab55becbba2c73,,random hex-16,1,wss://groups.satsdisco.com
f1fa6a8699985331037e352cd0d1e504268ecf78f2d0f96459c17d2f041e9626,lila,random hex-64,1,wss://groups.0xchat.com
f1fdf06aeabc0432,,random hex-16,1,wss://groups.yugoatobe.com
f2ebfbe7d36a51b912cfce95f3131233d01a0820c783757347b1338c72968bdb,bitcoinlighthouse,random hex-64,1,wss://groups.0xchat.com
f31c57c802cc95a6c65b72a2d8f90002a441abeef359924014db72937d1dc4b2,USDT/INR,random hex-64,1,wss://groups.0xchat.com
f33eae6a76d5ad83cef0f78da73edf75f1c09f625bab41ce022c4c8ad9f4cebc,HS Group,random hex-64,1,wss://groups.0xchat.com
f3bea1dc32e6babe751c4a6d24ea66b9c01ecda6a9104729b1d368cbf3891d26,allen_group_001,random hex-64,1,wss://groups.0xchat.com
f3fb5215f50d92c927c4cdae6c07d3d7f27651cfa92cf6127e95a88059ea15c9,Intelligent Security ,random hex-64,1,wss://groups.0xchat.com
f402172a-2dd9-4e85-a421-21b0bc517996,f402172a-2dd9-4e85-a421-21b0bc517996,uuid,1,wss://newlay.relay.tools
f42b58db9d57afd0939b87301bf31267da089edd15a461c835f1432a0a9ae0ca,test,random hex-64,1,wss://groups.0xchat.com
f42f3b5a153edeaa476ed13e019868aa81a37ceaed0b0636e3e7576e715e291b,123,random hex-64,1,wss://groups.0xchat.com
f447fd4b6c1eabab87864ae17f1d4bcfbb93d624cfe980bb57d4c50afab4db2e,geschlossene Gruppe,random hex-64,1,wss://groups.0xchat.com
f45cb28c24bc1845ef6c87a398ec545265954897f8c98850b1fa49cb47cc5743,比特币生态,random hex-64,1,wss://groups.0xchat.com
f4610aaf1dbaeb6ca8ba844ce9f913f50bebcb6cf2b4e68da0ff81e451beced8,Wavlake,random hex-64,1,wss://groups.0xchat.com
f4cad44a59af7ff47e39b6a12056f3ad34ba50cfd0c9c2f448b920a4d08a3517,!!!!!~~~~,random hex-64,1,wss://groups.0xchat.com
f4sc16t3,,random alnum,1,wss://groups.0xchat.com
f5514149b6a1a7165075417cde5f3a58802c5c47c817ff2842a7b25d692f4987,te43,random hex-64,1,wss://groups.0xchat.com
f57c7080c79527a5232b58698e282e6c85772876861ad2c7174aec6c1f2cf605,#nosfit,random hex-64,1,wss://groups.0xchat.com
f64e9230028d41c07fc4fa53b064d89161e455f016196a895270e300f36b9eec,test,random hex-64,1,wss://groups.0xchat.com
f65009e3c0aa264610276bc9b6ad1ec1656eff667c9a9ef16864ec5abff75384,Magia ,random hex-64,1,wss://groups.0xchat.com
f6532d753ac71bb3,agua rasgada,random hex-16,1,wss://groups.0xchat.com
f664c43ec4cad3e4cc7de440b2ff043e435940fbeaaf0c3d2e346bd92152f2c7,Test,random hex-64,1,wss://groups.0xchat.com
f683687e5a76fcd6f915b10abfe936576afd3fa89650541629953b2b659a2433,Michaels relay group,random hex-64,1,wss://groups.0xchat.com
f6cd9b46f1397394bf861fbe32a9a5c5b55f45ec635966af7a2760493247735c,GRASSMOTION ,random hex-64,1,wss://groups.0xchat.com
f6cde33160f3a4947669ac9a9a8264300e015122116b3d8a5fc8298984d1812a,1T2,random hex-64,1,wss://groups.0xchat.com
f6d28174f312e329,,random hex-16,1,wss://groups.0xchat.com
f74e598aad15454ae5b3a8030a0dc908ee8642f2f5214dff2312b2e2812b1ec8,test group,random hex-64,1,wss://groups.0xchat.com
f79e715d70b916d111494d72bcfdcbafd4faabdf038b5de47ddd90de44fed0a9,Nostr Hub,random hex-64,1,wss://groups.0xchat.com
f79f5b4d2fb9ff21ef4b7b6e7cd56a7ac21851a7cd15dbe53b64162c62cc002c,openg,random hex-64,1,wss://groups.0xchat.com
f7dea31c9a85f0e1abe93974eb8aff9250433b89f22c87ccd0ce25138d7a27fb,group0905001,random hex-64,1,wss://groups.0xchat.com
f918b5b60204dee3567983e5ae3c5a69586f05baa9810b2094f445e65dc81deb,dl,random hex-64,1,wss://groups.0xchat.com
f989b6eb36e32a986c9684e7acdeb0557fc05aecb69f41c6b296b4f9053aa62b,達浪噠浪浪,random hex-64,1,wss://groups.0xchat.com
f9b3024dc7df8cfecd2d10250c54e387f6b49f1b697ebdd8aa5f9af9bbada904,a nice day,random hex-64,1,wss://groups.0xchat.com
f9cf17bf546b704ecb14d98ff4b4b48c8fd128a121b08ebe57c0c230e16497fd,Noxstr Study Room 🟣📖,random hex-64,1,wss://groups.0xchat.com
f9fde6504448fff7f6ab00a68ef35876e20c3f8ff7f07e4bfd00e3be4c6e5914,testinggroup001,random hex-64,1,wss://groups.0xchat.com
fNi202RmRDZqBcY5,Alby,random alnum,1,wss://groups.0xchat.com
fa105525ebdc98f8,,random hex-16,1,wss://groups.satsdisco.com
fa288e990285fa7657fc968433ab04a26fe5e9d09eb3f7f519e186b3834555d7,sfdf,random hex-64,1,wss://groups.0xchat.com
fa3b305c9cb112c9c0cfe70c7c487e39b0c3c4ca3e23a41d3233af47a907378a,ghh,random hex-64,1,wss://groups.0xchat.com
fa61c6395e3290fee35fbbf115fef6449b982b04367587ef1d46eabe737d7879,CCAva,random hex-64,1,wss://groups.0xchat.com
fa73031168e9558e,dancarinos,random hex-16,1,wss://groups.0xchat.com
fb0f81a557f0a0344d015d60f1e93a09b9b8c0b9f574516a03f4dc4441d99983,悦乐全国名牌外围,random hex-64,1,wss://groups.0xchat.com
fb20a7c0-1624-4ecb-bf79-2b7e2306026c,e2e-updated-621759,uuid,1,wss://newlay.relay.tools
fb298831ca4de5e718ba1409a810bb23a4c060c334fb7f0f242ebeb93e52d236,Wacher Geist,random hex-64,1,wss://groups.0xchat.com
fb3sqtwvup,,random alnum,1,wss://groups.0xchat.com
fb43417b3c4050e31ce01465bd9ad56f74ad434d6a2124e2bf7536a08ef165b0,nbv,random hex-64,1,wss://groups.0xchat.com
fb45ef98a8e997abfdfcd33fdf730dccc283ec7758ed5b56545a5ae010ea09c1,,random hex-64,1,wss://groups.0xchat.com
fb79fd6c8fca2b67,,random hex-16,1,wss://groups.satsdisco.com
fb7yup58pg,,random alnum,1,wss://groups.0xchat.com
fb9agoltjt,,random alnum,1,wss://groups.0xchat.com
fba1175a807b65ea,,random hex-16,1,wss://groups.0xchat.com
fbbd3edc93f2b18fe16586cde126919d609b3e80cb0ed417e714340caa17651a,แก๊งตี้รัง 101,random hex-64,1,wss://groups.0xchat.com
fbd034356227372d70213b382b3c5df0,cordless,random hex-32,1,wss://groups.0xchat.com
fbd8da,Conspiracy,random hex-6,1,key:00bb97ab
fbhz0geqv4,,random alnum,1,wss://groups.0xchat.com
fbii3vh9nw,,random alnum,1,wss://groups.0xchat.com
fblpbjmpdy,,random letters,1,wss://groups.0xchat.com
fbnn1vhis7,,random alnum,1,wss://groups.0xchat.com
fc039d342e1b6f027cfaf857115c07222fac680a65b387455d5f849a7e8e5880,Zürich Meetup Plebs,random hex-64,1,wss://groups.0xchat.com
fc50bb5b4d3ea6ce0e1657704b8fc0ce97bd9d1241f549310ee3ae0fd29ffe5c,Bitcoin-0x Society ,random hex-64,1,wss://groups.0xchat.com
fc639ea752089c62922228527396b3acd1bb7368f8c6ae68478b177af61bef3c,Test,random hex-64,1,wss://groups.0xchat.com
fc911175e09d0c7ee97e06a8f3d59ea43c68dedd393354de76cea43de65b8033,Shunaaaaa Hoya Okkol,random hex-64,1,wss://groups.0xchat.com
fce39565c51fe4acc3c41a49a9147fe862014b947b29462888f7e510eb6e696b,Fiction Writer's Workshop,random hex-64,1,wss://groups.0xchat.com
fd1ebc4e692108b366158be80ae8caa97a5a7df42f498b5a24d429e00f198956,Kernow TV,random hex-64,1,wss://groups.0xchat.com
fd49ec90de0908588fd748c1d063e86b322a19f9502680e631bcf8ee15f0833a,Family,random hex-64,1,wss://groups.0xchat.com
fe11b8fd718244f070da39b41d4b3b43a5bca8e93a24b1fd5f9a1039aae09db9,test2,random hex-64,1,wss://groups.0xchat.com
fe3592f0dc74d02fb2f1e165d67cd1487292f82cbf6f33aca2e3159d376f5818,huhuh ,random hex-64,1,wss://groups.0xchat.com
fe4836b555723ddb3c429387af7a0264a7bca86f489c289047952b526198451d,./,random hex-64,1,wss://groups.0xchat.com
fe7f6bc6f7338b76bbf80db402ade65953e20b2f23e66e898204b63cc42539a3,Max DeMarco,random hex-64,1,key:73c6bb92
fea7c6bc8bd18df2c50939a6d920b561e7f9c25afc2d77e4edfd1dbc14579165,~~~~,random hex-64,1,wss://groups.0xchat.com
fed381dcba843800d81b40a4e1d3ddb905cc7a5ef5c12fce3a324404ec166cdd,测试0903closed,random hex-64,1,wss://groups.0xchat.com
fed60ea701832377,LiberMedia — Praça Pública,random hex-16,1,wss://groups.libernet.app
federation_audit,Federation Audit,human-readable slug,1,wss://social.fbxl.net/relay
feeclarghpru,[deleted],random letters,1,wss://spatia-arcana.com
ff1a12566d97886ebf1ecf91a844efef32dcbeec5a1d630702bed8375568cd9e,ppp,random hex-64,1,wss://groups.0xchat.com
ff7c8ea8749f5351,,random hex-16,1,wss://groups.yugoatobe.com
ffff7987dbb45dcafff6655b821c48825f606fb9162b7166de1ed362a4f1afd7,office,random hex-64,1,wss://groups.0xchat.com
finalaolt,,random letters,1,wss://mihhdu.org/nostr
fjji72wrrvhq,,random alnum,1,wss://groups.0xchat.com
fl4q6tzssr3h,,random alnum,1,wss://groups.0xchat.com
floughsleedrug,general (vc),random letters,1,wss://relay.littlebitstudios.com
fractal-test,fractal invasion,human-readable slug,1,wss://newlay.relay.tools
froriotthon,ujjjj,random letters,1,wss://groups.0xchat.com
fulglicreim,Minecraft Enjoyers,random letters,1,wss://groups.0xchat.com
fuxHWcMgxYtCTa64,NostrInfra,random alnum,1,wss://relay29.notoshi.win
fw9YH3HfZedF40qK,,random alnum,1,wss://groups.0xchat.com
gPYCQFRkeDD6NO0H,,random alnum,1,wss://groups.0xchat.com
gfEQpUkIA0u9uqQQ,Nodestrich,random alnum,1,wss://groups.0xchat.com
going-through-it-together,Going Through It Together,human-readable slug,1,wss://inner.sebastix.social
goostublargh,𝕸𝖎𝖝 𝕿𝖆𝖕𝖊,random letters,1,wss://basspistol.org
goucleshud,Free D'home 49,random letters,1,wss://groups.0xchat.com
gowroia5Bo5Ruhqd,ИнфорМать,random alnum,1,wss://groups.0xchat.com
gqsscq3ue4dv,,random alnum,1,wss://chat.wisp.talk
group-1782488933724,,human-readable slug,1,wss://groups.0xchat.com
group-1782833867522,,human-readable slug,1,wss://groups.0xchat.com
group-1782915797821,,human-readable slug,1,wss://groups.0xchat.com
group-1782916387298,,human-readable slug,1,wss://groups.0xchat.com
group-1782917065359,,human-readable slug,1,wss://groups.0xchat.com
group-1782917537351,,human-readable slug,1,wss://groups.0xchat.com
group-1782917944037,,human-readable slug,1,wss://groups.0xchat.com
group-1782918594936,,human-readable slug,1,wss://groups.0xchat.com
group-1782918995527,,human-readable slug,1,wss://groups.0xchat.com
group-1782919641713,,human-readable slug,1,wss://groups.0xchat.com
group-1782920626804,,human-readable slug,1,wss://groups.0xchat.com
group-1782921491665,,human-readable slug,1,wss://groups.0xchat.com
group-1782922286635,,human-readable slug,1,wss://groups.0xchat.com
group-1782922403032,,human-readable slug,1,wss://groups.0xchat.com
group-1782922865873,,human-readable slug,1,wss://groups.0xchat.com
group-1782923614406,,human-readable slug,1,wss://groups.0xchat.com
group-1782924317588,,human-readable slug,1,wss://groups.0xchat.com
group-1782924755082,,human-readable slug,1,wss://groups.0xchat.com
group-1782925138026,,human-readable slug,1,wss://groups.0xchat.com
group-1782925734828,,human-readable slug,1,wss://groups.0xchat.com
group-1782966541331,fenny测试群,human-readable slug,1,wss://groups.0xchat.com
group-1782990402037,3307创建的哈哈哈群1,human-readable slug,1,wss://groups.0xchat.com
group-1782998883152,,human-readable slug,1,wss://groups.0xchat.com
group-1783001102741,,human-readable slug,1,wss://groups.0xchat.com
group-1783001469839,,human-readable slug,1,wss://groups.0xchat.com
group-1783061450836,,human-readable slug,1,wss://groups.0xchat.com
group-1783061452186,,human-readable slug,1,wss://groups.0xchat.com
group-1783061474405,,human-readable slug,1,wss://groups.0xchat.com
group-1783061509691,,human-readable slug,1,wss://groups.0xchat.com
group-1783072294741,,human-readable slug,1,wss://groups.0xchat.com
group-1783217226827,,human-readable slug,1,wss://groups.0xchat.com
group-1783498153914,nabox内测反馈群,human-readable slug,1,wss://groups.0xchat.com
group-1783573081642,fenny群,human-readable slug,1,wss://groups.0xchat.com
group-1783606725020,,human-readable slug,1,wss://groups.0xchat.com
group-1783607503032,,human-readable slug,1,wss://groups.0xchat.com
group-1783695381727,,human-readable slug,1,wss://groups.0xchat.com
group-1783698017354,,human-readable slug,1,wss://groups.0xchat.com
group-1783930083975,,human-readable slug,1,wss://groups.0xchat.com
group-1784037319367,,human-readable slug,1,wss://groups.0xchat.com
group-1784039058755,管管,human-readable slug,1,wss://groups.0xchat.com
group-1784040216402,,human-readable slug,1,wss://groups.0xchat.com
group-1784040684619,,human-readable slug,1,wss://groups.0xchat.com
group-1784041375662,,human-readable slug,1,wss://groups.0xchat.com
group-1784042013079,,human-readable slug,1,wss://groups.0xchat.com
group-1784042882656,,human-readable slug,1,wss://groups.0xchat.com
group-1784043623109,,human-readable slug,1,wss://groups.0xchat.com
group-1784077461156,,human-readable slug,1,wss://groups.0xchat.com
group-1785948848032,,human-readable slug,1,wss://groups.0xchat.com
group-1786100415507,,human-readable slug,1,wss://groups.0xchat.com
group-1787021169715,,human-readable slug,1,wss://groups.0xchat.com
group-1787021452336,,human-readable slug,1,wss://groups.0xchat.com
group-1787100057184,,human-readable slug,1,wss://groups.0xchat.com
grulfreihae,hkjlhlkjh,random letters,1,wss://groups.0xchat.com
h0139g1d3al4,,random alnum,1,wss://groups.0xchat.com
hAfW7ARMrdo0sO0c,La Crypta,random alnum,1,wss://groups.0xchat.com
hazmat,HazMat,human-readable slug,1,wss://groups.0xchat.com
hermes-csuite,,human-readable slug,1,wss://groups.0xchat.com
hvspdsl4hv77,wisp,random alnum,1,wss://groups.0xchat.com
hwy4fyvxdkqq1vyh,fffffffffffffffffffffff,random alnum,1,wss://frens.nostr1.com
hzT8Szg1junt2wIr,Programmers,random alnum,1,wss://groups.0xchat.com
hzvdhyd0zkft,,random alnum,1,wss://groups.0xchat.com
i8ee0nts4xjl,Economy and Macro,random alnum,1,wss://groups.0xchat.com
iFDaj9SJOUBZTaPK,bdjdbejd,random alnum,1,wss://groups.0xchat.com
iOPuxYpJhfqDeFW7,Nostr.World Public,random alnum,1,wss://groups.0xchat.com
ia6el7siu9d1rp5y0026,,human-readable slug,1,wss://groups.0xchat.com
iapochoopl,FragleRock,random letters,1,wss://basspistol.org
incidents,Incidents,random letters,1,wss://groups.sharegap.net
inv-1783669340,inv-1783669340,human-readable slug,1,wss://newlay.relay.tools
inv1-1783669342,inv1-1783669342,human-readable slug,1,wss://newlay.relay.tools
invite-club,招待コード制クラブ,human-readable slug,1,wss://r.iqbqioza.com
ipreakrutroo,Hearts in Nature,random letters,1,wss://spatia-arcana.com
iqe3zftnuraf,Wisperers,random alnum,1,wss://groups.0xchat.com
jM5meTKUuxJGn4IP,shdwcommunity,random alnum,1,wss://groups.0xchat.com
jcdf9u8xasVOEY0k,i2p,random alnum,1,wss://groups.0xchat.com
jsAzLwtOZ48Y2GKa,hguehgeua,random alnum,1,wss://groups.0xchat.com
jumble,Jumble Complainers,human-readable slug,1,wss://chat.wisp.talk
k1lMcEyjZjcY6426,Bitcoin Safe,random alnum,1,wss://relay29.notoshi.win
kUI72KZRCNOHODWK,BitcoinWalk in Madeira,random alnum,1,wss://groups.0xchat.com
koudsaviot,TheCave,random letters,1,wss://relay.zap.stream
kreeslegraytr,Nyves,random letters,1,wss://relay.nyves.nl
kvv8l0pb0fsz,,random alnum,1,wss://groups.0xchat.com
kz56bmn5cy7b,,random alnum,1,wss://chat.wisp.talk
l5Ii0ACQYa6QujEO,One Piece,random alnum,1,wss://groups.0xchat.com
lGhFx19JLqHMpQc4,grimoire,random alnum,1,wss://pyramid.fiatjaf.com
lWGD0gVg2fjUvfbh,Dev Talk,random alnum,1,wss://groups.0xchat.com
ljx8rdw3oyie6axjw71ezg,,human-readable slug,1,wss://groups.0xchat.com
lola,,human-readable slug,1,wss://groups.0xchat.com
lotus,Lotus Public Community,human-readable slug,1,wss://groups.0xchat.com
lotus-sunday-long-table,Sunday Long Table,human-readable slug,1,wss://groups.0xchat.com
m1dsbyESA42sCbkL,,random alnum,1,wss://groups.0xchat.com
m1lx1yZJSeN7uYwo,ko,random alnum,1,wss://groups.0xchat.com
mWqdQiHdc8aGq1dy,learn english,random alnum,1,wss://groups.0xchat.com
mblrwtf1m81nhbhmakkm,,human-readable slug,1,wss://groups.0xchat.com
memes,memes,human-readable slug,1,wss://groups.satsdisco.com
meycharghge,Kubo User Group,random letters,1,wss://relay.kubo.watch
mg6usxpc0gl8,,random alnum,1,wss://groups.0xchat.com
mgd2que0,,random alnum,1,wss://mihhdu.org/nostr
mint-test-5673,BDK Wallet,human-readable slug,1,wss://groups.0xchat.com
moughskisleap,Omarchy,random letters,1,wss://inner.sebastix.social
mount-pleasant,,human-readable slug,1,wss://groups.0xchat.com
mti0mjf3tjb7996gbcpo,,human-readable slug,1,wss://groups.0xchat.com
my-editor-public-talk,My Editor - Public Talk,human-readable slug,1,wss://groups.0xchat.com
myolxh7kgeiw,The Beave's Experimental Room of Nonsense,random alnum,1,wss://groups.0xchat.com
n1s2pZnOzlntmqDZ,Currency,random alnum,1,wss://groups.0xchat.com
ncUWNmGtoQD1DUwA,aaa,random alnum,1,wss://groups.0xchat.com
nd-2a852d4dcdd528f4,,human-readable slug,1,wss://groups.0xchat.com
nd-5990c9d99265ec41,,human-readable slug,1,wss://groups.0xchat.com
nd-6d0f8e299159408e,,human-readable slug,1,wss://groups.0xchat.com
nd-9c20fbe960bc2424,,human-readable slug,1,wss://groups.0xchat.com
nd-aab0c14bc0fd9e44,,human-readable slug,1,wss://groups.0xchat.com
nd-ca8f00c28f2fb64b,,human-readable slug,1,wss://groups.0xchat.com
nd-eae6b17f82333b2b,,human-readable slug,1,wss://groups.0xchat.com
nd-ec0764cf9016c497,,human-readable slug,1,wss://groups.0xchat.com
nf2if82603,,random alnum,1,wss://groups.0xchat.com
nffjosgk3jsh,,random alnum,1,wss://chat.wisp.talk
nghyvnfgk7h4,nghyvnfgk7h4,random alnum,1,key:2798982f
niadreafoo,chatter,random letters,1,wss://relay.og.coop
nionsheskour,Plaza,random letters,1,wss://chat.wisp.talk
nip-29,Relay-based groups,human-readable slug,1,wss://groups.0xchat.com
nja43n5v9evh,Wisp Tester,random alnum,1,wss://groups.0xchat.com
nostr,nostr,human-readable slug,1,wss://groups.satsdisco.com
nostrd-test,nostrd テストグループ,human-readable slug,1,wss://r.iqbqioza.com
npub1tlp32g7mpjmvephc2s4kf6nc32nmcnpuk9u8cnhshhnklzxxrhks60855t:testyPrivates,testy privates,npub-namespaced,1,key:5fc31523
nq4L7uOltVPbbDJj,t,random alnum,1,wss://groups.0xchat.com
nscduo2pa2,,random alnum,1,wss://groups.0xchat.com
nscyn3c3b,,random alnum,1,wss://groups.0xchat.com
nwoglDQgBAmig4jM,,random alnum,1,wss://groups.0xchat.com
nzgckm6dp1tu,,random alnum,1,wss://groups.0xchat.com
o8x9rhp3crpb0j3g0ptd,ExtremeFucktardery,human-readable slug,1,wss://groups.0xchat.com
oSF1n20yrsVAfZA7,AcsTr3Am,random alnum,1,wss://groups.0xchat.com
olFnB4Mw0oQQwJ0w,NSFW,random alnum,1,wss://groups.0xchat.com
ootagrarghs7,Guides,random alnum,1,wss://support.flotilla.social
oprarghtaybl,Board Members,random letters,1,wss://myvoiceourstory.org
orbee-private-u8,,human-readable slug,1,wss://groups.0xchat.com
orbee-real-5u8,Spaces Protocol,human-readable slug,1,wss://groups.0xchat.com
orbee-real-6u8,RISC0,human-readable slug,1,wss://groups.0xchat.com
orbee-real-7u8,Drivechain,human-readable slug,1,wss://groups.0xchat.com
orbee-real-8u8,Bitvm,human-readable slug,1,wss://groups.0xchat.com
orbee-trial-sx2,,human-readable slug,1,wss://groups.0xchat.com
os5nenk0g91b,,random alnum,1,wss://groups.0xchat.com
oughglarghstreafr2,Web Development,human-readable slug,1,wss://object-pascal.spaces.flotilla.social
oughploufeybr,feral women,random letters,1,wss://spatia-arcana.com
oughsooskoubloy,Alley Cats,human-readable slug,1,wss://pyramid.fiatjaf.com
ouglootrafrough,Offtopic,human-readable slug,1,wss://relay.scuba323.com
oukoughseachi,kampsite,random letters,1,wss://pymd.kamp.site
oyliazip7,Graphics and Cad,random alnum,1,wss://object-pascal.spaces.flotilla.social
oythoupreno,Mindustry,random letters,1,wss://relay.scuba323.com
pAxf0stC7eK1QdVC,,random alnum,1,wss://groups.0xchat.com
panamia-public,Pana MIA Public,human-readable slug,1,key:556d290d
panamia-test,Pana MIA Community,human-readable slug,1,key:556d290d
pb9ej9715xqu,,random alnum,1,key:931ea02a
peVxyYkswCAIWMPg,Teetime,human-readable slug,1,wss://groups.0xchat.com
peilaedmok,SXZ,random letters,1,wss://groups.0xchat.com
pekmudrou,XXIX,random letters,1,wss://groups.0xchat.com
pill-test-kitchen,Pill Test Kitchen,human-readable slug,1,wss://groups.0xchat.com
pilot-6kqfeu,Pilot,human-readable slug,1,wss://bunk-test.feeds.relay.tools
pin-test-group,,human-readable slug,1,wss://groups.0xchat.com
pj9uppf1ogj9,,random alnum,1,wss://groups.0xchat.com
platoscavesubgroup,Test subgroup Plato’s cave,human-readable slug,1,wss://chat.wisp.talk
plavarghtroothr,Blockchain Neuchâtel,human-readable slug,1,wss://nestr.nedao.ch
pleyfoubloo,Orionis,random letters,1,wss://spatia-arcana.com
pligeiproul,Inference Provider API,random letters,1,wss://chat.wisp.talk
pprgb,PPRGB,human-readable slug,1,wss://groups.0xchat.com
private-club,プライベートクラブ,human-readable slug,1,wss://r.iqbqioza.com
prod-test-68611,Prod Restricted,human-readable slug,1,wss://r.iqbqioza.com
qa-9002-probe-287534,PROBE NAME,human-readable slug,1,wss://bunk-test.feeds.relay.tools
qa-9002b-257839,CHANGED NAME,human-readable slug,1,wss://bunk-test.feeds.relay.tools
qa-door2-45471,door2,human-readable slug,1,wss://bunk-test.feeds.relay.tools
qa-rep-482446,report probe,human-readable slug,1,wss://bunk-test.feeds.relay.tools
qmdmajzz0rp9i1nc,fffffffffffffffffffffff,random alnum,1,wss://frens.nostr1.com
qo3hpzqpatuYQDLx,,random alnum,1,wss://groups.0xchat.com
rIb2M1LD9Lj9TdPA,wsancho,random alnum,1,wss://groups.0xchat.com
race-25881,race-25881,human-readable slug,1,wss://newlay.relay.tools
race-28612,race-28612,human-readable slug,1,wss://newlay.relay.tools
race-29243,race-29243,human-readable slug,1,wss://newlay.relay.tools
race-30082,race-30082,human-readable slug,1,wss://newlay.relay.tools
race-6893,race-6893,human-readable slug,1,wss://newlay.relay.tools
race-test-1314,Ark Community,human-readable slug,1,wss://groups.0xchat.com
rbRZY7f2hmpVu3ZK,Openletter,random alnum,1,wss://groups.0xchat.com
rblNQUoPtlGbWamK,PictureRoom,human-readable slug,1,key:00bb97ab
rbrvofbedhl52wmq,RelayTools Test Group,random alnum,1,wss://newlay.relay.tools
relay-ops,Relay Ops,human-readable slug,1,wss://groups.sharegap.net
relay-outpost-test-mqbqjlhg,Relayop.xyz - test,human-readable slug,1,wss://spatia-arcana.com
renrunio,あいう,human-readable slug,1,wss://r.iqbqioza.com
request-flow,承認制クラブ,human-readable slug,1,wss://r.iqbqioza.com
request-join-flow,オープン参加テスト,human-readable slug,1,wss://r.iqbqioza.com
rn9xp4iyybj1wvm57o4pe6,,human-readable slug,1,wss://groups.0xchat.com
ro-qa-99e19c0102,,human-readable slug,1,wss://groups.0xchat.com
ro-qa-c05a8940,,human-readable slug,1,wss://groups.0xchat.com
rootstock,Rootstock Believers,human-readable slug,1,wss://chat.wisp.talk
ryPuLUlk9LZyMLOE,Mira_Community,random alnum,1,wss://groups.0xchat.com
sT8rZghCY7bH0Pf5,Hablemos en espaÑol,random alnum,1,wss://groups.0xchat.com
sa8jZVZB9evB4EMp,PictureRoom,random alnum,1,key:00bb97ab
scYmKxjZxAfcXB2Z,swaws fan3,random alnum,1,wss://relay29.notoshi.win
scattered-absurdity,A SCATTERED ABSURDITY,human-readable slug,1,wss://groups.0xchat.com
secret,,human-readable slug,1,wss://mihhdu.org/nostr
sel6txjj7duw,,random alnum,1,wss://chat.wisp.talk
shapoorji,Shukhobrishti,random letters,1,wss://groups.0xchat.com
shukhobrishti,Shapoorji Pallonji Housing Complex,random letters,1,wss://groups.0xchat.com
signals-fa168eba1d32,,human-readable slug,1,wss://groups.0xchat.com
sleastoubroughg,general,human-readable slug,1,wss://relay.littlebitstudios.com
slibepoy,welcome,human-readable slug,1,wss://relay.kcbitcoiners.com
sludfrolsheil,Gurizada,random letters,1,wss://groups.0xchat.com
snar4e59nbxw,,random alnum,1,wss://chat.wisp.talk
some-test-signal,,human-readable slug,1,wss://groups.0xchat.com
spaytoupleyth5,GUI,random alnum,1,wss://object-pascal.spaces.flotilla.social
stocks-ec5a77a72f6e,,human-readable slug,1,wss://groups.0xchat.com
stridootre8,Off Topic,random alnum,1,wss://object-pascal.spaces.flotilla.social
stuthablou,Alleycats,random letters,1,wss://pyramid.fiatjaf.com
t5rf-s2v5u6,t5rf,human-readable slug,1,wss://groups.0xchat.com
tFOvsgNua0CL1mEm,DarkVeil_Community,random alnum,1,wss://groups.0xchat.com
te-probe-18b76747ad9b71a8,,human-readable slug,1,wss://groups.0xchat.com
test,,human-readable slug,1,key:eaa2823b
test-77qwa6p,Test,human-readable slug,1,wss://relay.cloistr.xyz
test-784b11,,human-readable slug,1,wss://groups.0xchat.com
test-8c92a5,,human-readable slug,1,wss://groups.0xchat.com
test-group-qh4ffl,test group,human-readable slug,1,wss://groups.0xchat.com
test-join-29674,test-join-29674,human-readable slug,1,wss://newlay.relay.tools
test-one-two-three-gsds,Test-one-two-three,human-readable slug,1,wss://groups.0xchat.com
testing-124-testing,Spaces Protocol,human-readable slug,1,wss://groups.0xchat.com
thegarage,The C-137 Garage,human-readable slug,1,wss://relay.scuba323.com
threechogapr5,Algorithms,random alnum,1,wss://object-pascal.spaces.flotilla.social
thregroostrargh,The White Elephant ,human-readable slug,1,wss://spatia-arcana.com
thudhoujor,ghhhh,random letters,1,wss://groups.0xchat.com
tj2-27761,tj2-27761,human-readable slug,1,wss://newlay.relay.tools
tog99ybej5e1i73m,fffffffffffffffffffffff,random alnum,1,wss://frens.nostr1.com
triabreebeyf7,General,random alnum,1,wss://support.flotilla.social
trnmtuRK4nRdoxbr,Bible Study and Q & A,random alnum,1,wss://groups.0xchat.com
tt9PaypSZ1sq9DkU,Testeando que es gerundio,random alnum,1,wss://groups.0xchat.com
twqQAyRVo4Vz0cu5,Dollars2.0,random alnum,1,wss://groups.0xchat.com
uGrOS8RCEJXBHkop,,random alnum,1,wss://relay29.notoshi.win
ud2c5kxrur,Testing new room,random alnum,1,wss://groups.0xchat.com
ueilck53,,random alnum,1,wss://groups.0xchat.com
uglarghmoythay9,Databases,random alnum,1,wss://object-pascal.spaces.flotilla.social
undawonda,𝕲𝖊𝖆𝖗𝖟'𝖓'𝕿𝖊𝖆𝖗𝖘,human-readable slug,1,wss://basspistol.org
utxopocket,UtxoPocket,random letters,1,wss://groups.0xchat.com
uveaneybl,Czas,random letters,1,wss://czas.plus
uvi74l6hqxdnm2kh,fffffffffffffffffffffff,random alnum,1,wss://frens.nostr1.com
vebushoor6,Networking,random alnum,1,wss://object-pascal.spaces.flotilla.social
verify-1785337901,Engineering,human-readable slug,1,wss://newlay.relay.tools
vzKN6qemNxigK4trILI0,Free Cities,human-readable slug,1,wss://relay.fountain.fm
w3z0pwj0ehyu2674byc8,test group,human-readable slug,1,wss://groups.0xchat.com
w8bv7fnp,Stix11,random alnum,1,wss://groups.0xchat.com
wV6HUByz8X0k83F0,Nodestrich,random alnum,1,wss://groups.0xchat.com
wbxbo93wllet,biggest secret,random alnum,1,wss://chat.wisp.talk
wedges-34f8d3f05bee,,human-readable slug,1,wss://groups.0xchat.com
wh0ngtbtaphe,,random alnum,1,wss://groups.0xchat.com
wkXlrOyk5Oo5Q1Ht,frens,random alnum,1,wss://relay29.notoshi.win
wo8zqCXTEKhec2St,SatsBySW Speakers,random alnum,1,wss://groups.0xchat.com
xIlbUfGPN68YFs3i,locutor995,random alnum,1,wss://groups.0xchat.com
xW2SCXXWJ48OYpXI,fgfg,random alnum,1,wss://groups.0xchat.com
xabSOUk1YQ7eqqUK,Linux,random alnum,1,wss://groups.0xchat.com
xrrvc8tcjaoromx7ytb0rj,,human-readable slug,1,wss://groups.0xchat.com
yaxyz5jsv8n3,"everyone shut up, thank you",random alnum,1,wss://groups.0xchat.com
yiao28dykh,,random alnum,1,wss://groups.0xchat.com
z2aortp0q1bl,Yoooo,random alnum,1,wss://chat.wisp.talk
z95zsyq83b7r,Dev Chat,random alnum,1,key:2798982f
zcfCdcfn7b27TYtw,Hivetalk,random alnum,1,wss://groups.0xchat.com
zjNxIBykvu58NfJH,foo,random alnum,1,wss://groups.0xchat.com
zrdIioINoxAbigsD,chachi test,human-readable slug,1,wss://groups.0xchat.com
/no-bitcoin-talk,,human-readable slug,1,key:805efff5
/nostr-relay-discussion,,human-readable slug,1,key:805efff5
/nostrdevs-2reu71TY5CKj,,human-readable slug,1,key:805efff5
/nostrdevs-4VIX1HaV7alU,name,human-readable slug,1,key:805efff5
/nostrdevs-4VIX1HaV7alU/subgroup,name,human-readable slug,1,key:805efff5
/nostrdevs-5Wr4d1upZukn,This is a super shadowy group,human-readable slug,1,key:805efff5
/nostrdevs-5Wr4d1upZukn/subgroup,This is a super shadowy sub group,human-readable slug,1,key:805efff5
/nostrdevs-5aLEFgCg8a3f,name,human-readable slug,1,key:805efff5
/nostrdevs-5aLEFgCg8a3f/subgroup,name,human-readable slug,1,key:805efff5
/nostrdevs-JEDkLJ3omnxV,name,human-readable slug,1,key:805efff5
/nostrdevs-JEDkLJ3omnxV/subgroup,name,human-readable slug,1,key:805efff5
/nostrdevs-SDfqpBAx1Ha0,,human-readable slug,1,key:805efff5
/nostrdevs-WgMDUa4qzq9N,This is a super shadowy group,human-readable slug,1,key:805efff5
/nostrdevs-WgMDUa4qzq9N/subgroup,This is a super shadowy sub group,human-readable slug,1,key:805efff5
/nostrdevs-dyhTvjiu1lTC,name,human-readable slug,1,key:805efff5
/nostrdevs-dyhTvjiu1lTC/subgroup,name,human-readable slug,1,key:805efff5
/nostrdevs-gpUNoQ7CLjQS,This is a super shadowy group,human-readable slug,1,key:805efff5
/nostrdevs-gpUNoQ7CLjQS/subgroup,This is a super shadowy sub group,human-readable slug,1,key:805efff5
/nostrdevs-nKN0hlM6T9D9,name,human-readable slug,1,key:805efff5
/nostrdevs-nKN0hlM6T9D9/subgroup,name,human-readable slug,1,key:805efff5
/nostrdevs-oOXekJwokRSd,name,human-readable slug,1,key:805efff5
0008dced-8153-4fcb-8194-154bed4130f9,nostr-test-repo,uuid,1,key:6eea9ee9
00647b40e24c9a33b58df785c55208ce2d8f3820a16741d6184b4d610d3b1b00,,random hex-64,1,key:19b233f3
013af963-2e90-47c5-9d37-7a97f1e6e35d,smoke-repo,uuid,1,key:1928b449
025af68f-bec1-4989-862e-5738812c94fe,test-mic-private,uuid,1,key:c5539971
026236145d5a55c1,public,random hex-16,1,key:03acb388
026a6f30631cb55b30f6dac67e73bae9ccf9eab05e92662d7ff63ccaa437059c,Risk OS,random hex-64,1,key:94f4f62a
038af0fb-0ef7-4879-804b-5b1538145784,new-chan-mic,uuid,1,key:c5539971
03d011ac-2cd6-48d2-b3b9-6faf404e2167,mic-private2,uuid,1,key:c5539971
04ea1872-e0f3-4d1e-a533-b08995ee929f,host-smoke,uuid,1,key:6e118a80
05247c,,random hex-6,1,key:00bb97ab
05fe192f03b458923eee2ba0c943aff13e35e6a2444ba818f5017017cae85830,asdsad,random hex-64,1,key:c50d195f
06e5db3c-740d-472f-979f-aecb759efcb2,live-goose-priv,uuid,1,key:c5539971
078b7d68feaa921462c3c4d1ffada19b11bd4ebec69e4eea38a396c98e10c9ad,,random hex-64,1,key:5578828a
080d38dc3d96ed1d377870416bbc5cb6aaed8fb67fa3af3e27a07744905572e0,fooshapasta,random hex-64,1,key:9590e436
08f9b0045cdf8f940131c9eeb940026d,test,random hex-32,1,key:e03af5d7
091465f71afe29c1,general,random hex-16,1,key:03acb388
094a44,Osty,random hex-6,1,key:00bb97ab
0a28f5,test,random hex-6,1,key:00bb97ab
0adfa730-d25a-427b-b051-6823dbbfe93e,live-goose-private,uuid,1,key:c5539971
0dcab2a6f625e300,0dcab2a6f625e300,random hex-16,1,key:285314c8
0df0674466a57555,0df0674466a57555,random hex-16,1,key:7b1a2aa4
0ecaa68b91c98e4da04428a1e22714d9e6e3aa3c7b8fdbb817387ff09f0ee3e1,Test Activist Collective,random hex-64,1,key:14296605
0ef6422cd75fc2d57ec2f519a7c29b4c2714bcd45f73798a1514accaed9b3a2a,Example,random hex-64,1,key:a8b8a709
0fcdc1579eea5697856373c20dffb41f82fd8443b6db6ff43121b09d06f51e5b,asd,random hex-64,1,key:365fb122
0fdaf02a0f12e175,0fdaf02a0f12e175,random hex-16,1,key:cebdd42b
0wsjmidg7ci8p80w,,random alnum,1,key:611021ea
10f6fbecf1ce33a2309d41198285ac7e,tSDS,random hex-32,1,key:13bf883e
11b201e8615e4610,,random hex-16,1,key:2cea8e74
131e35a5-03c0-47c4-a357-b16ed4b444f2,e2e-agent-test,uuid,1,key:6be6a178
143d86b73d2fda46cf7be8a9876e3ed6902625ca85b5933309e73ec069a27ada,asdasdasd,random hex-64,1,key:9eedab76
175c75,,random hex-6,1,key:00bb97ab
19955c16264020042417562e4c8caf6d,"Test2,",random hex-32,1,key:c46aa64c
1a8ad4435170c625e4bf6f6fcc9a76cbea57846fbcd3b17456daf7a6c3461522-1782205576963,,human-readable slug,1,key:1a8ad443
1adecf79-b9b8-4974-9b79-97bed78d4eab,e2e-agent-test,uuid,1,key:37a5390e
1ae5ca9f-0041-4842-a066-2118a7cade78,e2e-agent-test,uuid,1,key:30b34d7c
1b5e2c004ba3abfca38f842fddc00f40,test,random hex-32,1,key:94ffe478
1b7566,,random hex-6,1,key:00bb97ab
1b905386092cf622,1b905386092cf622,random hex-16,1,key:384bf414
1ca76472-a5fc-4af6-9df1-12f88f413caf,host-smoke,uuid,1,key:6a0268f4
1cb14ab335876fc9efc37d838ba287cf17e5adcccb20bf6d49f9da9695d52462,hes ⚡️,random hex-64,1,key:73c6bb92
1f1e8d93562dda3f3a23ed4362fcc099539bac96f6b4c13ff9ff2cff55f0b909,asdasdsad,random hex-64,1,key:492a1f10
1fc1307e-b92f-417c-a0da-d7aa99f7719e,e2e-agent-test,uuid,1,key:0f42f5c3
2163930d610faac2,2163930d610faac2,random hex-16,1,key:4d249d60
21b34d82-9798-42ac-ac5a-fd6ec27993bb,Welcome,uuid,1,key:c5539971
2282eb944407a8c3,2282eb944407a8c3,random hex-16,1,key:4ad4cd6d
2359adb5cdcf819d,📊 Finances ,random hex-16,1,key:f9b3bad7
24f2556c-d5e7-4e78-bb1b-ecfea74ca6f0,tsk-playgrounf,uuid,1,key:6bfbb078
256399,Testing This,random hex-6,1,key:00bb97ab
26052c05-93c6-46e5-8605-bf605e74a59a,cdk-reviews,uuid,1,key:6bfbb078
2643f1bf0cf04a37,2643f1bf0cf04a37,random hex-16,1,key:384bf414
267072fd-8e54-49bf-8e8c-a5db5a958fd2,Design,uuid,1,key:6bfbb078
273e5c8bbc7e2f8030193ed48b6bc1ad7c5f9523d40da872309e5bc6eccc6246,Test Activist Group,random hex-64,1,key:79d4fa6e
27b66f68-a8c7-4dfc-82dd-ebfecad8ca21,testmic22,uuid,1,key:c5539971
29f73fd6c804e7ac83f26dec9183b7a2,tnsoera,random hex-32,1,key:050a4f39
2c160a23-2bbc-4c82-bf85-e6c7a6aeb003,smoke-repo,uuid,1,key:822805c5
2c16d28d-7db4-43c1-8b6a-b5004e6e00dd,e2e-agent-test,uuid,1,key:0eca7e9a
2e1xk1ojshlz,new test relay,random alnum,1,key:5fc31523
2f0b129e-41f8-4cd2-b55a-fb54cd38f19b,gitremote-host,uuid,1,key:338ff93e
2f8c0e91-2d07-417b-9ecb-96d20ff7c210,locktest,uuid,1,key:16f5f50a
30bf6763-a414-4026-9597-1e14746e39d1,e2e-agent-test,uuid,1,key:48804893
31180db035024d8f,Forum 2,random hex-16,1,key:f9b3bad7
311ef5a2-5e4e-4ed6-aad1-63d7d779bc35,live-goose-priv,uuid,1,key:c5539971
31e048eb-2c41-4b96-ab20-c1b5bf52e901,e2e-agent-test,uuid,1,key:44c28414
3309ce97defceb08,,random hex-16,1,key:2cea8e74
334006c5d8fb2c35bf809364c91955f33b11408de95df47f9f22c1f3fe610189,,random hex-64,1,key:334006c5
33a5o8329s,stl1988-2,random alnum,1,key:a99a869e
351ddecf-e291-417e-8201-58b3dafc305d,,uuid,1,key:7e7e9c42
359a894c45487fae83761a1a0054361337a9fccd599e22efd893e9d959d561a9,fooble gob,random hex-64,1,key:eaca2fe1
35db5b08-796e-43b6-b41f-0b273dbb5cff,quiet-test,uuid,1,key:54e0e074
36b0151e3169c247,36b0151e3169c247,random hex-16,1,key:4ad4cd6d
3781a729-8a33-4906-bbd7-61fc90726149,mic44,uuid,1,key:b9f0bd59
37ae7d35-f585-455a-8bb7-b81d8f99cb22,e2e-private-test,uuid,1,key:6971e221
3855e05ee3f329ec8c42a01e4d14429f99be25538ca665da15915787c05fa1b3,finkletown,random hex-64,1,key:68121a41
3aae051a450c29fea0909e5ddc74b204,Weird Flavor Pairings,random hex-32,1,key:34263017
3aaf4cdb808b6d88,3aaf4cdb808b6d88,random hex-16,1,key:7b1a2aa4
3c9849383bdea883b0bd16fece1ed36d37e37cdde3ce43b17ea4e9192ec11289,Onigirl,random hex-64,1,key:73c6bb92
3cc02b7e2c538553f27c9522a05f81c5084b262afb0d9a4d79dd724a37050cff-1786515268368,,human-readable slug,1,key:3cc02b7e
3d95f811042075d050b2dda1c0b6b8b296ff0540aff9554436e164375f77d1f2,Test Activist Collective,random hex-64,1,key:10d0fbc9
408cb2de8c31ceef69db9f98f2b438d796043984d136b2012c2023b456d6c208,,random hex-64,1,key:408cb2de
40n1ycndvx,,random alnum,1,key:a99a869e
410237,,random hex-6,1,key:00bb97ab
4104ebe2d2e9a8115dad445d191d0100750be594b3ff33d05cc4e1be6d88b4fe,Test Navigation Group,random hex-64,1,key:cb11675a
41dd11544e5f58d1977b09da0525f68c,Test,random hex-32,1,key:c46aa64c
42a205f6a30db64206ce884f31bb81d8509c0989a67e9f13773be45ce025da92,asdasdas,random hex-64,1,key:5afc2aa5
431c17dc0a8a8688f6edbf6475c822eae5656803e2a88e33f65821a84cd52f83,,random hex-64,1,key:ac8ef4a7
43473e,Aathivithyah,random hex-6,1,key:00bb97ab
43b8ddef00cf0b6f6a64afaeee738abe,tSDS,random hex-32,1,key:13bf883e
43c64722-3c23-491e-b5c5-0627ec8d9abc,this-is-cool,uuid,1,key:c5539971
44ddc5b35c0a9521,🙋 Introductions,random hex-16,1,key:385c3a6e
4514506d-f16d-436a-9f92-e0c6e38b6442,,uuid,1,key:7e7e9c42
45a8c803d5864bb9,,random hex-16,1,key:94ffe478
47d433dd-9e8d-4f1f-a5ca-52464eb699fa,priv-1780371319,uuid,1,key:9528daf6
48d2c09dbb617731,48d2c09dbb617731,random hex-16,1,key:52b38b2e
496b0ae2-4c6c-47b8-bf57-fe071d08cb88,,uuid,1,key:16e2c2ea
4c8758a1-e921-4bbd-9086-4d4e3fcd3bfe,it-4c8758a1,uuid,1,key:dd1166b4
4c93083f-da99-488e-a42c-210ac98003d5,e2e-agent-test,uuid,1,key:cbdc2785
4eeeb3c2-65d9-4f64-a9b0-ceec4a255a67,e2e-agent-test,uuid,1,key:9b2d2b9e
4f0c2b,AGtester,random hex-6,1,key:00bb97ab
502069150214833890f70fd3dc3adab4e5cffdd1186efe2af84f0fa24873d4de,,random hex-64,1,key:50206915
50240e8c-108a-40d9-bfe2-766f38b60f2a,e2e-private-test,uuid,1,key:0259f9d5
52efd6,Nostr,random hex-6,1,key:00bb97ab
54a6858d20bc18109b010003e924545d01e87ad480ef17652edf86e8076d505a,Example test,random hex-64,1,key:e1465e1b
575e547f-508a-4491-a932-1edc3b442dbb,,uuid,1,key:34227dd7
5851fa467ed86ebde49de60baaffd827b7b3b95aa6eac86784583d5953fe8d50,Test Navigation Group,random hex-64,1,key:73f18292
5857409ce23f1ee6286a7e7a7c9f8deb,dstdts,random hex-32,1,key:0dcc5c17
58b523c9-c5b3-439e-9f6d-ed1dc3cadf99,e2e-agent-test,uuid,1,key:b964177f
5b10d6,Mica Unire 🇷🇴,random hex-6,1,key:00bb97ab
5bc01e5a-8beb-4efb-82f7-74d29548a0ab,e2e-agent-test,uuid,1,key:13b20cd7
5cd4d4122183d8b5ea808ba7d5f7fdbd,Test,random hex-32,1,key:c46aa64c
5e46e9e6-52aa-51a0-b0ef-f7e7b4eee2ac,Direct message,uuid,1,key:2c1d5e0e
5eb1e291-b21a-40b6-a898-8243b39bd638,cdk,uuid,1,key:6bfbb078
5f2b3f548128410712a73d5d965dcb98988b800c7ff3690db330ef8adbc8a2ef,kgjhgjhg,random hex-64,1,key:5afc2aa5
5gcb9yvgk1,Example station,random alnum,1,key:a99a869e
60bed1d7cca5ad6445109126f884748025a1d7ed3b7b8c8aa2903229745946b5,pushafoop,random hex-64,1,key:89eeeef0
6197a89147ecf9bc1d5a5016a24d61aec781e206e7d067f8408a914d9f105e3a,Hello,random hex-64,1,key:4a87d0d6
61dda93a-4e44-4b89-a417-ca81135b8877,random,uuid,1,key:6bfbb078
6230a59a-a9b5-4722-a43f-a6cd38d98019,mesh-llm-developers,uuid,1,key:cb295abd
640911,,random hex-6,1,key:00bb97ab
6419aec0-6ce1-4de5-b418-1816d3ef838b,e2e-agent-test,uuid,1,key:ba7f08cd
6453cdae-bcfa-45b9-9e53-b0a655133e09,my-nostr-repo,uuid,1,key:7a943c77
65745994ace4f9e81505d82334df5729844b405a977e146996e36137bba9775b,asdasd,random hex-64,1,key:4b511bdc
6595359a801d754f5de8522cccbcc5ec3863ff985ed3631e3e211fe3c6af3966,floppenheimer,random hex-64,1,key:c5769d2c
659e5d,sad,random hex-6,1,key:00bb97ab
670nIwZY,Nicky,random alnum,1,key:00bb97ab
670teT2oOJ,Great concept... keep working on this.,random alnum,1,key:00bb97ab
670yYerI,Notoshi2,random alnum,1,key:00bb97ab
67137612-5365-47c9-8aba-3b00b9e47efc,delete-test,uuid,1,key:06906d93
672FhVaUHK,ayugo2,random alnum,1,key:00bb97ab
67f9bc54cf04a165,,random hex-16,1,key:2cea8e74
69c5f2a1e9391aa15a7ffe5d40d5f319,tSDS,random hex-32,1,key:13bf883e
6a1e0113-ca21-4b29-93a2-d5d0a33b26de,test,uuid,1,key:6bfbb078
6b410812-f489-4d05-8ea4-47e2db163594,pullfix-test,uuid,1,key:b6e59d2d
6b6acdbe-d967-49a8-b68f-3ed01228ef3f,Teste,uuid,1,key:6bfbb078
6bbed681-6892-4be7-8fac-7a5e390a2bf1,,uuid,1,key:c2837ca2
6c09f8,czat,random hex-6,1,key:00bb97ab
6cb714f7-2abe-41be-becc-1b51f6297777,hi-mic,uuid,1,key:ed1f3dac
6d4645746c5a9c93,🏃🏻 RUNSTR,random hex-16,1,key:f9b3bad7
6eb6eaf1-a334-4a70-a7ac-50500624e78a,delete-test,uuid,1,key:4d462152
6f452fb1-f3fd-4f2c-beb3-27556fa189fd,e2e-agent-test,uuid,1,key:f3dce082
7316f1c3-b42e-4121-b504-313a5207495b,delete-test,uuid,1,key:bd7efbb6
7326d9de4c997ab4,,random hex-16,1,key:d980d4c8
74a4a84f-f261-4011-86b8-efa54d5e276c,e2e-agent-test,uuid,1,key:e925836b
751cd13dcaa62ca0,test,random hex-16,1,key:a99a869e
7646257ba6953753c2c5d41ebafc11b834828c73133d30795e9f223cc1e8f299,Test Navigation Group,random hex-64,1,key:9bfed176
7666c426-c713-4147-82f9-16fe11eb9ac8,mic-private,uuid,1,key:c5539971
781d1867c8b2f01c8d999ea4c322cb627f79a123f5672af8742b37bc25a77784-1782193527302,,human-readable slug,1,key:781d1867
7861cd2c-6d8d-4087-bc3d-0a8ae2c8a59a,,uuid,1,key:16e2c2ea
795f4591eda0f5006204d93cd001e3c5,mnggmngmgm nm nqngm mgnq,random hex-32,1,key:62e0bb76
7a02dab5f003d2018fdaf456fc8dd408b877d54387bad18c55dc4578da39142d,asdsad,random hex-64,1,key:86a8913a
7a6784,test_nostr_group,random hex-6,1,key:00bb97ab
7c0e3344-a260-4955-b556-c70739b7d695,e2e-agent-test,uuid,1,key:05ad0593
7c6d40fc570dfe59bf2e46ac60b07fac322b238a31df5c827f6d483385958b70,Barbie Brigade,random hex-64,1,key:e07d40b4
7d4b26,Ʌ Group,random hex-6,1,key:00bb97ab
7e21b461-cccd-48bc-8c64-d9f637b51705,delete-test,uuid,1,key:e8fff9e1
7ee5af88-dd01-413d-9ca5-1474daec7cdc,e2e-agent-test,uuid,1,key:af25b377
7facbf7f-159d-48f3-ba6f-37020caef17c,showcase,uuid,1,key:6bfbb078
80edb8,teste,random hex-6,1,key:00bb97ab
817eb71757381dd87779e028d3b86e75,tSDStsdntsnddstdstn,random hex-32,1,key:13bf883e
81870f53b033c1e593b36dd6d9b688946b5f032cfb7f9293511fc14729bef6a6,81870f53b033c1e593b36dd6d9b688946b5f032cfb7f9293511fc14729bef6a6,random hex-64,1,key:73c6bb92
81c995d4-f8c8-4cd8-b4fd-7c8fd8d52da3,live-goose-priv,uuid,1,key:c5539971
827068a0-41e9-46ef-894b-cb7dc5a0a08f,mic987,uuid,1,key:c5539971
82d63476-356f-4604-81c9-e17e83a4e974,e2e-agent-test,uuid,1,key:892446e6
82f51f73cb7eab5678b773dd34ce6e0f,test,random hex-32,1,key:b85aca36
8412a356-aac6-41de-b2c9-14493c42c712,gitremote-host,uuid,1,key:54724fe8
8415735992c0aaea,🎪 Showcase,random hex-16,1,key:385c3a6e
8577cd,,random hex-6,1,key:00bb97ab
86e8134c-eb63-4e30-94c2-3132d4b09522,live-goose-priv,uuid,1,key:c5539971
8794a1a9-d724-460f-9caa-a285371fa488,mic77,uuid,1,key:c5539971
87c25f,IRA_NIP29,random hex-6,1,key:00bb97ab
881dcb762ac73fa5,🏃🏻 RUNSTR,random hex-16,1,key:385c3a6e
896f526a3f69a93f,896f526a3f69a93f,random hex-16,1,key:ce7f0912
89aef02850905385,89aef02850905385,random hex-16,1,key:621b61c9
89cd4fa3-8558-4afc-891a-09f3e78b8efd,e2e-agent-test,uuid,1,key:f51e493f
8a1505,333,random hex-6,1,key:00bb97ab
8a35f0d39b9d2298a635c6ed05633491,tSDS,random hex-32,1,key:13bf883e
8a43fb994ec4e570e0f1bd1f85eee8932c177035cdc55f3359440988cd107c3a,Example Group,random hex-64,1,key:3daeddaf
8a6d0150-7596-474b-ba58-3a3c4887c1f7,dev,uuid,1,key:6bfbb078
8a747f64fa06b41c2441a30faee43f907a98bf70477812e9751a0d8807bc5ca5,stankTUNA,random hex-64,1,key:14e161c5
8afc16b7ea9acef6f37daed55995f80f,"Test2,",random hex-32,1,key:c46aa64c
8bbed61b-4c9f-4aab-baea-67a4d0bea334,Cashu-TS & Coco,uuid,1,key:6bfbb078
8bdce88d-7f68-4e0a-9148-d50250696491,mic987,uuid,1,key:c5539971
8bff946997abcd60,🪲 Feedback / Bugs,random hex-16,1,key:385c3a6e
8c30640d449f7ef7cb6f651304652d2886a372bec037e1b0c0b79c0302a5db0f,fooogabooga,random hex-64,1,key:aea377b9
8c6a8d39-e8eb-54b2-9d92-34db391c8508,general,uuid,1,key:6bfbb078
8d64c5a6532f8aa73c8b8e90d01ea24163792e68b5a362120408c4f577ddc037,test,random hex-64,1,key:00bb97ab
8e360c1a28591a772142626ebb393a9e48c902023f12e832d2b9fa1a09561cfc,garbanzo taco meat,random hex-64,1,key:e882ec39
9089b19eb0ded8dc,The Chatter,random hex-16,1,key:6560fc46
90aadf8e2d689ca96c4bd297972a22cec818d5d7a25d658a9a82257582074679,pooppoo,random hex-64,1,key:9590e436
91f2acad54f917ed,,random hex-16,1,key:5fb8875b
92a8201c217bb5b26f26b11a708b21ac2a247a8ae1a5c8cbc5aa070d18083e28,asdasdasd,random hex-64,1,key:7f809503
95244b57-f891-41bb-b55c-52c52a365a9d,pullfix-test,uuid,1,key:2b0e5f18
95315f81f98b78aa,95315f81f98b78aa,random hex-16,1,key:621b61c9
955e5a041806dad5f8c088b926eab4c5545710588988c4761443ebb1c03b3cc3,955e5a041806dad5f8c088b926eab4c5545710588988c4761443ebb1c03b3cc3,random hex-64,1,key:73c6bb92
9789616d8be82777781a374c1b1b3f6b,tSDS,random hex-32,1,key:13bf883e
97a64be4-8182-4513-8d44-196916ade24e,e2e-agent-test,uuid,1,key:a651a0b5
97ac7cee3efa5e30ad68af64900163cc27cbc1396761765415658c1652c69161-1786516025489,,human-readable slug,1,key:97ac7cee
98347d20-bcaa-49a3-b53c-4c7bab5da74b,e2e-agent-test,uuid,1,key:c72d5cb8
98b0ce8f-bd67-4570-bc3f-1e03522f263d,new-channel-mic,uuid,1,key:c5539971
996f61713e9ece012971a06042956be090eef083694745071b468afeddebc4b5-1786496026185,,human-readable slug,1,key:996f6171
9ac63eb47739a397,9ac63eb47739a397,random hex-16,1,key:621b61c9
9ada2ad0-8a57-4dc3-9ddb-3a0acd8dda74,testmic88,uuid,1,key:c5539971
9b12b689-a732-4fd4-a57d-0f4e52244a0e,#mic44,uuid,1,key:cb295abd
9c1cdbb27615ad368f1c3cf18af79869c03b7d9864f975e78badc505e7274c31,asdasda,random hex-64,1,key:f779439e
9d03cad7-152d-448d-a8fa-196b9cab37ec,nostr-manage-smoke,uuid,1,key:bac00bab
9d1e863c-d904-4157-bd01-79dc54cc9dd2,numo-reports,uuid,1,key:6bfbb078
9df98266-661f-4852-b823-2a36cca074e5,Bee,uuid,1,key:6bfbb078
9f03d4f5-5000-452c-b157-292be022ce7e,mic-test,uuid,1,key:c5539971
9f37f6,test,random hex-6,1,key:00bb97ab
9f55c6988f7819ba65955ff2427796d0c38e1e0eee993ebd6411e3ced5b48ba5,asdasd,random hex-64,1,key:ffe07f4b
9f5623,test post,random hex-6,1,key:00bb97ab
9f6ce99b-461c-4553-b61d-3b2a50b629ba,e2e-agent-test,uuid,1,key:8f912173
9fe9eeeff080a769,,random hex-16,1,key:b005b7ae
9fsm4fio89znebfu,,random alnum,1,key:30ceb64e
Core-Project,,human-readable slug,1,key:aa9353cd
DXpy5zoAWh7ss7fc,Test Room by Colin,random alnum,1,key:00bb97ab
GROUP_1e92f1a5,DENEME,human-readable slug,1,key:dfeeef3e
GROUP_367cda0a,Kurtlar Vadisi,human-readable slug,1,key:dfeeef3e
GROUP_a2e2abbb,KURTLAR VADISI,human-readable slug,1,key:dfeeef3e
GROUP_a742d80a,Kurtlar Vadisi,human-readable slug,1,key:dfeeef3e
PHPZ3xjdXrgYVuHG,VIKINGS KODI,random alnum,1,key:65e2b561
U6txVlaT6sjwZQ5J,captjackpubdeck,random alnum,1,key:00bb97ab
a1132ec764efa7aa733a0c30eac63320b0f6a87882fc07ba6c7f49b30f4bc5c0,goofenshlag,random hex-64,1,key:14e161c5
a3d0565943f0f3a234ee8558c35c927c1711886f7fccfea743ae00a4e9a24afe,,random hex-64,1,key:b19477ce
a41c97c6e17f41a602de937a367b10c2,test,random hex-32,1,key:80c77231
a42569dc0eef5e10f07fa8ce338cdc4ee3ab7373efbb47da5cd6e86a585c00a8,Hello,random hex-64,1,key:4a87d0d6
a5bf32afa12b6b96,,random hex-16,1,key:51bdabe5
a7e5816d4653096b,,random hex-16,1,key:265e03bf
a85b1b79e3b6046c20dc01f4431a348be59d8ccaeebe06604c50bfb6a9fb290f,54654,random hex-64,1,key:84246e80
a97ea024afb071fa46720ecf832adf3c,Gardening and Homesteading,random hex-32,1,key:34263017
abc55477ca3fdc451229dacd2937afba,"Test2,",random hex-32,1,key:c46aa64c
acb4ff,test-12,random hex-6,1,key:00bb97ab
ae5553c7-5a8e-449d-8717-0ba360582dc2,e2e-private-test,uuid,1,key:64c74089
aebd4c73f1f81e6e,,random hex-16,1,key:2cea8e74
aee5e94e-f592-4ac1-b1df-895477823869,e2e-agent-test,uuid,1,key:e4ed1e7c
ankara,Ankara,human-readable slug,1,key:bc2c83cc
audit-fix-test-1786541107687-021be9,,human-readable slug,1,key:bfc931f6
audit-fix-test-1786541107687-02963b,,human-readable slug,1,key:bfc931f6
avail-1782989321318,,human-readable slug,1,key:90ff5b62
b002fa5b12a6066e,,random hex-16,1,key:80c77231
b0155bb3-77d3-403c-9325-e5c2b8f1272f,#goose-dev,uuid,1,key:c5539971
b2006e8d-75bb-46c5-9a67-43adad6c3530,NUTS,uuid,1,key:6bfbb078
b233f6,test,random hex-6,1,key:00bb97ab
b31b16360012fac107191f8876f82e4be5dad1022bd1824201ed57030cdd5cee,,random hex-64,1,key:0c58bf3a
b38db6b271a53057b808b07c5772ff5069d8a010b47ea9a78972b57aee297d3a,khjjkhk,random hex-64,1,key:c45f3ae3
b3b6f8e54fd602b227aaa9b74a4fd6251bdaebc7723714a37add40eb90efe9ed,,random hex-64,1,key:0c58bf3a
b3fa150b67904d92d4b5c45241a17139,tSDStsdntsnddstdstn,random hex-32,1,key:13bf883e
b5b4ea070cddee18e2cfd1ba41e057a960c16f0bc254585e12a73e9ad8b170f5,fimnble sham,random hex-64,1,key:1eb36bd6
b735ad950696e16f,,random hex-16,1,key:d69f10a4
b7787c47-3091-4141-be84-0abbed94120f,mic-private4,uuid,1,key:c5539971
b846a0c2-4643-411b-bb26-6ac322999ad1,debug-clone,uuid,1,key:fefa0cdf
b92c8317-3f17-410d-aee6-b1b537c31c7e,spec,uuid,1,key:6bfbb078
b9682a41ec1ce282286e3be4140192df365cd068d6c702e0c48b042fbc5421ce,Community Hub Test,random hex-64,1,key:79d4fa6e
bao-community-markets,BAO Markets Community,human-readable slug,1,key:73d9e19e
bao-room-ai-tech,AI & Tech,human-readable slug,1,key:73d9e19e
bao-room-bitcoin,Bitcoin,human-readable slug,1,key:73d9e19e
bao-room-bots,Bots,human-readable slug,1,key:73d9e19e
bao-room-help,Help,human-readable slug,1,key:73d9e19e
bao-room-long-term,Long-Term,human-readable slug,1,key:73d9e19e
bao-room-politics,Politics,human-readable slug,1,key:73d9e19e
bao-room-short-term,Short Term,human-readable slug,1,key:73d9e19e
bao-room-sports,Sports,human-readable slug,1,key:73d9e19e
bao-room-strategy,Strategy,human-readable slug,1,key:73d9e19e
baptism-d13c0e2f,,human-readable slug,1,key:d13c0e2f
bb50d584a6ba4b3e730c2de68cc7502a,"Test2,",random hex-32,1,key:c46aa64c
bc4e1474a0c6e577a126011054513315e294fc80d2a82a33484c17e7e881b84e,asdasd,random hex-64,1,key:5afc2aa5
bceaf8,ZOMG,random hex-6,1,key:00bb97ab
bd01806c-bd6f-476c-ba7a-b9a3eb38fcd6,e2e-agent-test,uuid,1,key:1d87d18b
bd80eb90-d824-4f40-a1cd-4c9d05de727a,e2e-agent-test,uuid,1,key:3f028114
bf18f3bf943addda31da99445bf68c68b784c69fa95920fbe9d9cd0c2091f9f0,us-we-side,random hex-64,1,key:00bb97ab
bf484aaec2de2ea1c79eac1a51a1e718,"Test2,",random hex-32,1,key:c46aa64c
bff1f295-54c0-4dae-9390-4f9d2bd94243,e2e-private-test,uuid,1,key:f4e6ea7d
boynton-beach-uxah3j,Boynton beach,human-readable slug,1,key:556d290d
buzzster.xyz,,human-readable slug,1,key:b8a9e7be
c203083430a9a0498775cfe389a80454,dstn,random hex-32,1,key:84ea427c
c20dd644e0476328e71672489a280c3ebb17c6304bb0f25937802f1e5135a438,,random hex-64,1,key:c20dd644
c32005e0-9b48-41ea-95f7-aa915e016f44,diag-1780353548,uuid,1,key:0e54a5a1
c35295d9-3b29-42c4-b3e3-80e7a1e91a1c,serverless-test-1780353113,uuid,1,key:8db768be
c44401c9891c064d8f343566a03a6e89,test,random hex-32,1,key:94ffe478
c4788a59-584d-4e7f-bf99-847fa4f9cc0b,,uuid,1,key:16e2c2ea
c4ea6be363dbbf929a613a13070835fc8c6b7582cf74be1703e88872aa043620,test nip29 closed group,random hex-64,1,key:00bb97ab
c585aff06ce45dff0c2cc11ea5fdb1a33df80c040adae757678b39d161958ffc,,random hex-64,1,key:1df323ca
c5f77418b3719a17335296810553c9708775c2575650c2300088f62490f86d12,Ibn Maghreb,random hex-64,1,key:73c6bb92
c73818cc95d6adf098fbff289cda4c3cf50d5f370d25f0b6f3677231ccd5c890,c73818cc95d6adf098fbff289cda4c3cf50d5f370d25f0b6f3677231ccd5c890,random hex-64,1,key:73c6bb92
c7567215-5dac-4e3c-9bb4-addb682754a4,test99mic,uuid,1,key:c5539971
c7d70732-49f0-4bf4-8bb3-9bc300d92c70,e2e-private-test,uuid,1,key:5e486512
c7f52314ffebdc39b7b8abf5e2751cc1,dS,random hex-32,1,key:8326fad2
c95efd90-9fe9-45a4-accf-dc37e9a1b555,,uuid,1,key:0acf2d26
c9d79a817469f3ef183c2a82eb1ad9de,test,random hex-32,1,key:d69f10a4
camp_0pHyrwkX9n,,human-readable slug,1,key:e5e56929
camp_12VGf5jRvd,,human-readable slug,1,key:e5e56929
camp_3g0B95LSX6,,human-readable slug,1,key:8c0fdf14
camp_DSYnXS1Yp4,,human-readable slug,1,key:e5e56929
camp_DdyDeUrRzE,,human-readable slug,1,key:e5e56929
camp_FkpfiqK1Ye,,human-readable slug,1,key:e5e56929
camp_M19iGhBDSh,,human-readable slug,1,key:e5e56929
camp_Ulq1IJj77k,,human-readable slug,1,key:e5e56929
camp_YMxPDAKL4y,,human-readable slug,1,key:e5e56929
camp_ZYfoBe2yef,,human-readable slug,1,key:e5e56929
camp_aowrZDPrmp,,human-readable slug,1,key:a55e335c
camp_aqblOMjln5,,human-readable slug,1,key:e5e56929
camp_b0lQwalU5Q,,human-readable slug,1,key:e5e56929
camp_default_9f3a927998d675386494d9d00da74900c25de3f79e58f6c81439b4c933d8bac5,,human-readable slug,1,key:a55e335c
camp_default_ad0d4195d728a2bc22395769f2583f68c72f0ea086ae3bcedcb0bfdc8ecedbdc,,human-readable slug,1,key:a55e335c
camp_default_c19621bcad2c9d502618dfaf25a6be0fde23bd730e51889dc883376c91cca6c4,,human-readable slug,1,key:a55e335c
camp_n9o9Lqqn6I,,human-readable slug,1,key:e5e56929
camp_nuP0D2J8V0,,human-readable slug,1,key:e5e56929
camp_oN5IXIlR4v,,human-readable slug,1,key:e5e56929
camp_oma2tq3KUq,,human-readable slug,1,key:e5e56929
camp_tE2kwWyaqI,,human-readable slug,1,key:e5e56929
camp_yVGltzBX00,,human-readable slug,1,key:e5e56929
cb76798e-a936-4f27-ac95-6cf2c08f0f2a,it-cb76798e,uuid,1,key:74814337
cca2befb-6b40-4991-b744-fc8ccdd134bb,ninx,uuid,1,key:6bfbb078
cdacadf2fe5c88e6403a9c84686d3e7a,test,random hex-32,1,key:94ffe478
ce2c8160cc94a5d676a4031e2b654544664a1332b3372ef565a536c52314cac6,finkus templesause,random hex-64,1,key:9590e436
ce4ddb0a-1b02-41a8-ba73-02d1ac00be4b,releases,uuid,1,key:6bfbb078
cea5ba73-1af4-49f9-913d-67e561c1ba2b,live-goose-priv,uuid,1,key:c5539971
channel-56708de0b3747a7d564469b63d7a1a67bde7ef4be37096f469b0bf7b618f61b0,Channel 56708de0,human-readable slug,1,key:56708de0
chesstr-lobby,,human-readable slug,1,key:382557a6
civic-group,Aux,human-readable slug,1,key:21ed5cf5
clan-9test,,human-readable slug,1,key:f6554311
clan-rest,,human-readable slug,1,key:04737ed4
clan-soot,,human-readable slug,1,key:c5e3cde6
clan-test-space,,human-readable slug,1,key:da082743
clan-test21,,human-readable slug,1,key:32d1f284
clan-this-is-a-space,,human-readable slug,1,key:c2051021
d03e7e6a096acde3b5957d606b95fa0ef87a50166bccf55ab876cd14c64f3c06,Test Navigation Group,random hex-64,1,key:47ead569
d07b27273b9843dfbb6516afc389da0ba0b37abeed58a3c3dc79ad1dc1400bac,Test Collective 3,random hex-64,1,key:4ecb4cc3
d19e7f88-f701-42a1-b787-fd7e0664d3a2,private-mic,uuid,1,key:c5539971
d291f144a3a7f386,d291f144a3a7f386,random hex-16,1,key:4d249d60
d4110e581bd3df806040d6579112a93380ac1bd05aa71359cc389f29c45f2c22,Test Activist Collective,random hex-64,1,key:0a8a06e6
d42d4472a9698b8968bf26ae4022910d79a0cce1b2b8935780d05486065a7716,zoombaFISH,random hex-64,1,key:12daea05
d46ecad5672615d9ecbcca93ce2db20d,dstn,random hex-32,1,key:d980d4c8
d632c3ade788e0cc,d632c3ade788e0cc,random hex-16,1,key:926266ef
d81185b6-1ba2-5efa-9ae1-f2df4fa19f90,welcome,uuid,1,key:6bfbb078
d8e25a7c23841d9e203e12063f76c0ef44772b4b297eddf232ff330ddeb09bb7,,random hex-64,1,key:d8e25a7c
da497e157040fd7cde406f3ee51f7941,gqmgmq,random hex-32,1,key:d11f7e97
db47f506-6b22-4be7-b65b-b78e38b6d947,nutshell,uuid,1,key:6bfbb078
db7cd040-ba23-4e85-a59a-eeb4ac5cad9f,nostr-manage-smoke,uuid,1,key:67f2ce46
dca-community,,human-readable slug,1,key:382557a6
dca-dark-cloud-commmunity-1771034700430,,human-readable slug,1,key:bfe2c9b0
dee0248c-61ae-4b92-bde3-e8232d6dcbef,e2e-agent-test,uuid,1,key:f391276b
def08d,,random hex-6,1,key:00bb97ab
demo-dispute,,human-readable slug,1,key:1d7e037b
df76b295-edad-40c8-9124-12752692592c,mic8976,uuid,1,key:c5539971
dfe20c,AcsTr3Am,random hex-6,1,key:00bb97ab
dns:google.com,,human-readable slug,1,key:b8a9e7be
dns:kevvogeek.io,,human-readable slug,1,key:b8a9e7be
dns:kevvogeek.xyz,,human-readable slug,1,key:b8a9e7be
dns:tubyte.io,,human-readable slug,1,key:b8a9e7be
e000b173cb82348886b3a8040a9a7c21,Test,random hex-32,1,key:c46aa64c
e2ee3dce-061e-4e7d-a9cd-3ab255fb5527,hello-mic,uuid,1,key:c5539971
e3f4a89e0b47b9c76662eef2a61f100ba7c8618d051d7b17d1755b7cadd42592,focaccia bread,random hex-64,1,key:68121a41
e52a0adbe2a252c4b30e02d0191ea498de07c0fbff7072b6bc48e09a3728fb74,,random hex-64,1,key:f501f002
e6297c,,random hex-6,1,key:00bb97ab
e6445e,test-nip29ira,random hex-6,1,key:00bb97ab
e9ec3c40-7d24-4ceb-9683-9bc0f03059f6,it-e9ec3c40,uuid,1,key:7d66ccb0
ea74345a15b67e99,ea74345a15b67e99,random hex-16,1,key:52b38b2e
eab371,Test Group Chat,random hex-6,1,key:00bb97ab
eafb5ce0a2797ae91dc0a59c6656250c46010f189c3d15b1d72b77ff56842608,gooba,random hex-64,1,key:9590e436
eb33ae74-04f5-48eb-b454-8f119e817741,e2e-private-test,uuid,1,key:7c711b02
ebb0beb8842629c9,,random hex-16,1,key:d980d4c8
ed9a5577927a9431e322c3589559938626df00ee0e29e5d8fb5600473599144a,asdasd,random hex-64,1,key:365fb122
ee157839-ee6e-4b48-95ac-8b34f26a684a,live-goose-priv,uuid,1,key:c5539971
eefc7a10cd1da5e0e20bb0b1db8c42c00db1857bf4308b378f3ddd1e154b9d15,,random hex-64,1,key:bc0f5391
eengae0IeThaiPh4,,random alnum,1,key:b9db56ca
enr_69sWcJRrYM,,human-readable slug,1,key:e5e56929
enr_7v6hZxkFGc,,human-readable slug,1,key:e5e56929
enr_A0no41oXUY,,human-readable slug,1,key:e5e56929
enr_Avgl6bngE3,,human-readable slug,1,key:e5e56929
enr_DXIzs0pkgQ,,human-readable slug,1,key:e5e56929
enr_Ej5rFaH5KR,,human-readable slug,1,key:a55e335c
enr_JexBFCm0dD,,human-readable slug,1,key:a55e335c
enr_MNpo25sHje,,human-readable slug,1,key:e5e56929
enr_Pg3sPxFRXc,,human-readable slug,1,key:e5e56929
enr_QTukQZGg9X,,human-readable slug,1,key:a55e335c
enr_QjzJYCegqg,,human-readable slug,1,key:a55e335c
enr_SuoVg2tkRM,,human-readable slug,1,key:e5e56929
enr_V4gpQTizTQ,,human-readable slug,1,key:e5e56929
enr_XGfotd0AhC,,human-readable slug,1,key:e5e56929
enr_a1wXoz8Po5,,human-readable slug,1,key:e5e56929
enr_ajOlyBS77x,,human-readable slug,1,key:e5e56929
enr_kkygw0IgUM,,human-readable slug,1,key:e5e56929
enr_rzvaPfmRbt,,human-readable slug,1,key:e5e56929
enr_snUSabnUvc,,human-readable slug,1,key:a55e335c
enr_uVhWd2EdpQ,,human-readable slug,1,key:e5e56929
enr_xQZOWAyNnk,,human-readable slug,1,key:e5e56929
enr_zJ6ob5Lod0,,human-readable slug,1,key:e5e56929
et6hgntfjel4qxli,,random alnum,1,key:611021ea
f1ba903f0aebfacefe5b0576ca9d83e6b868804392347cf66a2d43653b9dc065,,random hex-64,1,key:f1ba903f
f1de8c5357d62b48200231c0bffa93a2ae45569a10503c016619695e646b71b0,finklestash,random hex-64,1,key:89eeeef0
f2c93209-365b-4adf-9a3f-f91e369058ee,OpO9A,uuid,1,key:8b75f05e
f2f30fc6-e07b-4912-9fdb-030bb933deee,Nostras Users,uuid,1,key:0da1a169
f330c1e7cb60a72780710bf43eec8c354e65c7690b7ea916487b06a55ec8a78d,Herllo,random hex-64,1,key:31c0a07b
f34cda83-1b4a-43df-b3bc-0bb4c2de7d12,e2e-agent-test,uuid,1,key:a3d78751
f3a7f4a7-1fef-4b3d-9c41-e205b974d20a,multi-f3a7f4a7,uuid,1,key:b6e4de30
f4a48986-a86d-4636-9bc6-aa47c5e02e45,moneyball playground,uuid,1,key:6bfbb078
f525570ac0663bf4e655620fe49cfe721bf30da19b96a55d8f7667d608fcb3ca,jimmy changa,random hex-64,1,key:aea377b9
f60ab5,Yo!,random hex-6,1,key:00bb97ab
f8196a1d-d9ea-455a-986f-72fa68fca3cf,e2e-private-test,uuid,1,key:2cef1571
f877f6aa-6a0f-4f8b-9f19-1d116334f84a,mictet88,uuid,1,key:c5539971
f8c1fc26c1f4f121acfc765d06085947,test,random hex-32,1,key:265e03bf
f927f51f-507d-4609-a5fe-292fb06d6554,e2e-agent-test,uuid,1,key:063a4632
f9e7315be6c09486c4b2957ca3383aa4849d5e7b87a90e3e5ad36d6f3ca8774d,,random hex-64,1,key:8df8b2ed
fa069b,spice,random hex-6,1,key:00bb97ab
fa5928,test110324,random hex-6,1,key:00bb97ab
fb369e0ba8d2d433f7284999ee796626847c3fd3f2c11981023b7e3baaf1e8ef,fimble tops,random hex-64,1,key:1eb36bd6
fc9ff6beeac6b08929725fa3150e9a700544abd2f19aa2e63c158650385af25c,,random hex-64,1,key:8d5a25c5
fd799da5ab8a5173,fd799da5ab8a5173,random hex-16,1,key:52b38b2e
fe5223c9e30ecbe16cae364422b9ebb7105f33ece5b0da55a97e878ec0ff0d80,adsffsa,random hex-64,1,key:ae5b85bf
feeb965a576e778045f33045ee92d9522773235c4be22736078b10e0b89d5980,,random hex-64,1,key:feeb965a
ffacd905-837d-4379-90c6-baa7496a26e7,testing123,uuid,1,key:cb295abd
friend:c20dd644e0476328e71672489a280c3ebb17c6304bb0f25937802f1e5135a438:16ff498f84ec29ae77eac25eae36c48618c95a135bf38df1ba03aed4d25073ca,,human-readable slug,1,key:c20dd644
friend:f1ba903f0aebfacefe5b0576ca9d83e6b868804392347cf66a2d43653b9dc065:10ce08b45e1185612879d7d83f68faef3499d7d531c17c29a85aaf2aed8b9672,,human-readable slug,1,key:f1ba903f
frsggrgrsgrg,frsggrgrsgrg,human-readable slug,1,key:3ab4c8ea
gyhcgnov2b,spam,random alnum,1,key:a99a869e
h6w5nh8x_i6s,test relay,human-readable slug,1,key:5fc31523
hpvrromhay,,random letters,1,key:a99a869e
isloograrghn5,corny on the bob,random alnum,1,key:3b8d0e1b
jwyS3qcOYfGTdVJK,Test Room by Colin,random alnum,1,key:00bb97ab
kbdfqk5s6ylz,chill lil relay,random alnum,1,key:5fc31523
kfw3mud28w,Sunny Chat,random alnum,1,key:a99a869e
listing_0098240c1ddb7b80552b7c9f,,human-readable slug,1,key:66e8514f
listing_dafe36ee8cfcdca80a677d67,,human-readable slug,1,key:63abbc98
mzri5b4pf0105m0t,test,random alnum,1,key:44ecbc30
naddr1qvzqqqrkcgpzq57hxzdkw672x2x6vg5z8a56juexh9k8wfma802jm9mdluxuxq6xqyd8wumn8ghj7un9d3shjtnwv4shy6r0dajzucm09e6kkqpvwajhxardd9h8xar9wgkhg6r994kx7mnydahz6cnfw33k76tw94mkzmrt95erqv3kxqmrydcpc29ax,The London Bitcoin Walk chat,human-readable slug,1,key:24789485
naddr1qvzqqqrkcgpzqfrcjjzewsl9fkwcjceexxc5y4yqtw6tgdywv7wxdehfdf6qcvmhqyd8wumn8ghj7un9d3shjtnwv4shy6r0dajzucm09e6kkqppd3jhw6tndpsk6ttzwfhkx6mvv4uj6mtpwf4k2apdxgcryd3sxucnsxn9cvc,Brockley Market chat,human-readable slug,1,key:53d7309b
naddr1qvzqqqrkcgpzqfrcjjzewsl9fkwcjceexxc5y4yqtw6tgdywv7wxdehfdf6qcvmhqyd8wumn8ghj7un9d3shjtnwv4shy6r0dajzucm09e6kkqpwd3sk6cn9w35z6um4d4kk2u3dwd3hyet9deen5ttrdahkcttjw4hxu6twvaej6v3sxgmrqde3xsk7xsvx,Summer Screens: Cool Runnings chat,human-readable slug,1,key:53d7309b
npub102epesdpq77ruydgjnr9yucktqvhs8f7cttra6rm3qrjgt8u9l8sd778lu:closed-relay-reg-closed-online-gateway-offline,closed-relay-reg-closed-online-gateway-offline,npub-namespaced,1,key:7ab21cc1
npub1047y4kvncwtxd9ka5lfncepwp7k5y9mg75mphwwzrdj4cyfpcz7srj06x8:closed-gw-inherit-mmd70hb4-ho7h7l,closed-gw-inherit-mmd70hb4-ho7h7l,npub-namespaced,1,key:7d7c4ad9
npub104mv73nhk2wy8ur6m6qxecf2rykqjayjms2w3ncsu5scym9lymrse20cyq:s05-19c8320795e-bf73-group,S05-19c8320795e-bf73-group,npub-namespaced,1,key:7d76cf46
npub108e25llpwfc0gdyzcrh48v60m82kgduxdqd3k52868xj4ll3erpqv7slth:pub-closed-admin-mm5t7xmr,pub-closed-admin-mm5t7xmr,npub-namespaced,1,key:79f2aa7f
npub108e25llpwfc0gdyzcrh48v60m82kgduxdqd3k52868xj4ll3erpqv7slth:pub-closed-request-mm5t2cyh,pub-closed-request-mm5t2cyh,npub-namespaced,1,key:79f2aa7f
npub108e25llpwfc0gdyzcrh48v60m82kgduxdqd3k52868xj4ll3erpqv7slth:pub-open-mm5sz8fj,pub-open-mm5sz8fj,npub-namespaced,1,key:79f2aa7f
npub10994fj6lj03ackd0cfa2mjqgw5grx9vvzk8jmtmy0teysr9geyhqf75462:direct-host-online-mnxvu6kg,direct-host-online-mnxvu6kg,npub-namespaced,1,key:794b54cb
npub10ce4v2as3ejsrdht4zr6wdwktjp508nfr4wzu5eg9x7h5pwfufhsxcmluy:closed-gw-inherit-mmehzob5-wujqh9,closed-gw-inherit-mmehzob5-wujqh9,npub-namespaced,1,key:7e33562b
npub10darl6vvhc979u83065ke8a88utpmfxrxztft5vlfr3lcgheqf3qlrh0je:poolapogosIslands,poolapogos islands,npub-namespaced,1,key:7b7a3fe9
npub10e2jwsuw9hq3jqcpngxw87u6lt4lkt2dfv3sj3napkxq73ssgyesr36aw5:stretchyPussBoys,Stretchy Puss Boys,npub-namespaced,1,key:7e552743
npub10equlsvngx0ek6mfq575etvnzpjnvqvk9tnr60sell5tes3uyacqzp3u63:s17-19c84249bf7-f453-group,S17-19c84249bf7-f453-group,npub-namespaced,1,key:7e41cfc1
npub10gwj8txdxvnvec6kaedu8xhtk62svx3wr62kwf3pn6s7yuhmpspshg7u6h:closedjoine2e-1772306478400,ClosedJoinE2E-1772306478400,npub-namespaced,1,key:7a1d23ac
npub10jdv3prxgcmdzql3lfj2f4yk9780e8lnarsay6d2gj3uu4q27c9suh4jdz:direct-host-online-mnxypujx,direct-host-online-mnxypujx,npub-namespaced,1,key:7c9ac884
npub10mmwg5gdy33wh7j9geu5c70anwhjnxj2wdya5t86sx6kee8pel0s2h6m7y:closed-relay-reg-closed-direct-join-only,closed-relay-reg-closed-direct-join-only,npub-namespaced,1,key:7ef6e451
npub10pjvm327whyx0agm9akdff4h4wtktnll7c5rcwuv9wc6u044e45qc8pgts:closed-relay-reg-closed-offline-gateway-online,closed-relay-reg-closed-offline-gateway-online,npub-namespaced,1,key:7864cdc5
npub10pldjk7cdmw5qp5sft44gja08j8thk3v3wh7qtql452pwm6460aq3v34me:gooble,gooble,npub-namespaced,1,key:787ed95b
npub10rp0mj86rrzcs8gezv4m6tjwzhr882nrkflnq9aarcrdf8xu9qequdxj4m:cross-machine-open-mm4h5kzl,cross-machine-open-mm4h5kzl,npub-namespaced,1,key:78c2fdc8
npub10spe6dy3d0ccqpxmg73am4m93vhv4k4l2ue7ykryn4llhpjkrypqtastty:houseOfBlobs,HOUSE OF BLOBS,npub-namespaced,1,key:7c039d34
npub10wyss3h6gzrpvrdm43jr6rlnm6cxtfdrnfr66j0c6gqg8sp0tu7s9ku7cx:billGateFanClub,Bill Gate fan club,npub-namespaced,1,key:7b890846
npub10zuy3lmku2adl8dxllly7wvhqn2s7wl5ytg38r0cgj47zqywpmkqkr8epa:open-relay-reg-open-online-gateway-offline,open-relay-reg-open-online-gateway-offline,npub-namespaced,1,key:78b848ff
npub120524ftgly6jzvzfelpnnkeg7kd78m9w390a2lval70lzhlc6u6q2smstk:relaysOfText,relays of text,npub-namespaced,1,key:53e8aaa5
npub125gfj2k4su3uc5a6jzzwvxc6wwwy6y8vadaacj6a60vxn5euraysjjg3w5:cross-open-mmmctrlp-4d27cb,cross-open-mmmctrlp-4d27cb,npub-namespaced,1,key:5510992a
npub126vf2vv4hs8ktzsrwmsn7zu0mup66fdsan2x7cv8q5t8a0mc7qcs403y0c:open-gw-inherit-mmecy2b0-iavxo0,open-gw-inherit-mmecy2b0-iavxo0,npub-namespaced,1,key:56989531
npub128htsrn96d9e6yfey4gwan9j3je00kgjzlwclz45fy2zcaaykc0snh4juv:s06-19c83222a95-cead-group,S06-19c83222a95-cead-group,npub-namespaced,1,key:51eeb80e
npub12dncupmqhu3kjd4wh46llf0a4avq2zlyaz3gka2zuyg5llz98q7sjtdwtk:stankydonk,stankyDONK,npub-namespaced,1,key:53678e07
npub12dtmmwcjha7wjvpn4fafja9p99hqk6dvvzh2f5gf6gfgqzav0nzqh88fh7:slenderDongGentlemensClub,Slender Dong Gentlemens club,npub-namespaced,1,key:5357bdbb
npub12dw89yfdmzr9x8rtc2kpfav79x44fck0jzjx4qjh2heal3w0vtssp5u0lq:s13-19c832f034a-294e-group,S13-19c832f034a-294e-group,npub-namespaced,1,key:535c7291
npub12dwwvm6ax4uwfal02dzuw92ggnpc0uq0az05zjs4v07879f0ve6suq00zp:toppapa,toppapa,npub-namespaced,1,key:535ce66f
npub12gxgfjaece4smd2959xg876x73awtdk92yr3gh0utkk6ar62exgq902946:open-relay-open-offline-gateway-online-instrumentation,open-relay-open-offline-gateway-online-instrumentation,npub-namespaced,1,key:520c84cb
npub12jve5ctu4fzksjhvt6v470luaa7wf608z6en848p047npmhup6qs8927m7:funkyChickens,funky chickens,npub-namespaced,1,key:54999a61
npub12k4krew2mp3my0vgh5evwdu62clsszfpetmknjwghxevmwem25wqes2mnz:cross-open-mmmex9rn-9ab31c,cross-open-mmmex9rn-9ab31c,npub-namespaced,1,key:55ab61e5
npub12mejam55x4rh0lla3zu5yz9lshz97qnn74kvy8x5tlctphsqp62sxf59g5:frexChomble,frex chomble,npub-namespaced,1,key:56f32eee
npub12mejam55x4rh0lla3zu5yz9lshz97qnn74kvy8x5tlctphsqp62sxf59g5:jiminyChanga,jiminy CHANGA,npub-namespaced,1,key:56f32eee
npub12mejam55x4rh0lla3zu5yz9lshz97qnn74kvy8x5tlctphsqp62sxf59g5:stewChalupa,stew chalupa,npub-namespaced,1,key:56f32eee
npub12q0pclt5vjrj4vfsmr8qes2e94n8p3rekrhx4jtuad6m840e37ms8pxch6:open-gw-inherit-mmedcw5b-2a23yh,open-gw-inherit-mmedcw5b-2a23yh,npub-namespaced,1,key:501e1c7d
npub12s0vxgzmkz42v05tprc7qxx2z4sdhfqlqzuzv0l2x2uu0ec9gumqqrz30p:cross-machine-open-mm4mwg93,cross-machine-open-mm4mwg93,npub-namespaced,1,key:541ec320
npub12tw9tax8ay4mft328etk4guz5694tctaahftkmn8swzl2xsqvtuqfwqse0:blobFishy,blob fishy,npub-namespaced,1,key:52dc55f4
npub12y9lsd53ulna0d3xk3lljf2sj8kse0976zs8xsk376lamm5487jsfp8kgp:s14-19c8390b99e-7f34-group,S14-19c8390b99e-7f34-group,npub-namespaced,1,key:510bf836
npub12yuzy48n5qa33efv203gfn6vc5z5cq4e0yk5e3xha3nc9ed624aqsqhp33:open-relay-open-offline-gateway-online-instrumentation,open-relay-open-offline-gateway-online-instrumentation,npub-namespaced,1,key:51382254
npub12zvj8a95eaqke368yptaz82p4qdwz34k66tt7ewhj0k8nwp4hgxq3dy9j5:s21-19c8382e0ce-49fc-group,S21-19c8382e0ce-49fc-group,npub-namespaced,1,key:509923f4
npub130atkgqzqhsm5t3tzqws8gzpf6s0yfwvykufx626y0qsl692e0us8u84dh:shitPantBoys,Shit Pant Boys,npub-namespaced,1,key:8bfabb20
npub132dr3tmvyjsw6a8d74mcs9easm6dp74775h4jstk8suxu5hd27csfqr949:pajamaMama,pajama mama,npub-namespaced,1,key:8a9a38af
npub132dr3tmvyjsw6a8d74mcs9easm6dp74775h4jstk8suxu5hd27csfqr949:pajamaPapa,pajama papa,npub-namespaced,1,key:8a9a38af
npub1347ryd98vp29uw4pxtc87ahfx386c9rrv023krmufu58una32uyq3dc7j8:test-Nice,test - nice,npub-namespaced,1,key:8d7c3234
npub134k8x73wkxtdxymf6yxgwx4snl2vj8g8s9qs6j433z8qq9l2wzkqr5t4a9:closed-gw-inherit-mmcsw52n-wm3r31,closed-gw-inherit-mmcsw52n-wm3r31,npub-namespaced,1,key:8d6c737a
npub135rg7xe6l00jm299j7er6n6f09k7cg6wl99lqhsfnnucxwhytxwqmxf7ya:open-relay-isolation-relay-a-gateway-1,open-relay-isolation-relay-a-gateway-1,npub-namespaced,1,key:8d068f1b
npub136n3wj8zaet4r64xsc66zdhgpj3apdrnymqeccqqzyu0jrhxw4zqkwkr7s:closed-gw-inherit-mme4o7yb-pi0ltp,closed-gw-inherit-mme4o7yb-pi0ltp,npub-namespaced,1,key:8ea71748
npub137p2r4sgk8xvdcz6fl8pzmv5pyz0da9f4w03pr57ca47e3j8jtrslna5hr:theIceGuys,The Ice Guys,npub-namespaced,1,key:8f82a1d6
npub138y48ql5rugqgqvw947l68w4780jegpcz2wvnyc093gsp2zpjekswazacn:direct-host-online-mmciqyqh,,npub-namespaced,1,key:89c95383
npub13977khsv20nqneyerzdfjy2udhua0erz2785ccdsdh7zss3n2gzq24ccz8:cross-machine-open-mm4hnm1f,cross-machine-open-mm4hnm1f,npub-namespaced,1,key:897deb5e
npub13a303pqq9kfkadzkk657t9rm4uk8lj2vs45v0t93h8p9ta74laxqe68pam:cross-machine-open-mm4l115y,cross-machine-open-mm4l115y,npub-namespaced,1,key:8f62f884
npub13emftx37e3kt4skrx88jrs9wr82zrs4j4e63ekuv02km6emqnlzs9gkux7:s21-19c83e30eac-9abe-group,S21-19c83e30eac-9abe-group,npub-namespaced,1,key:8e76959a
npub13f89t0fzpfklwvynjmg4eknqjsd0dcqjdl5pwnn9yl58trvqhszq3z6j9q:icyFrostyBoys,Icy Frosty Boys,npub-namespaced,1,key:8a4e55bd
npub13fq9002wut5mywkpf7f2dt5llj7rfsapjjmenm09w8ztphwuclgsf6fcuc:freddyFronz,freddy fronz,npub-namespaced,1,key:8a4057bd
npub13gqkad4hsdplrz3ntpd9ygc72j3s2zq7wv64fnmkjqk3v2wglktqqg5lcp:slimeyCitySlickers,Slimey City Slickers,npub-namespaced,1,key:8a016eb6
npub13hx7l85zsj5muxdmc99taw8d2wrtvm47chyncqjyhlzrep4sukmquf2ndz:s01-19c8405318d-4e90-group,S01-19c8405318d-4e90-group,npub-namespaced,1,key:8dcdef9e
npub13kq05unksy8pmtrxlemq07tucnmv54me2jt3mxxza38dm7c0hgnsavc4q9:closed-gw-inherit-mmd5wdsz-3cw9hs,closed-gw-inherit-mmd5wdsz-3cw9hs,npub-namespaced,1,key:8d80fa72
npub13kttnf8r4qv6lf4vkypnj79dq6q3nmdg6885xpsvfrp55pgm2akqthcrmj:s15-19c8420a6c9-7a5a-group,S15-19c8420a6c9-7a5a-group,npub-namespaced,1,key:8d96b9a4
npub13lnen6tq3zvsht7vv4dzlkkh5n6zhrhwlnn6qaj0whfe8ndq4ssqdw7me7:s20-19c837f2375-dfa7-group,S20-19c837f2375-dfa7-group,npub-namespaced,1,key:8fe799e9
npub13mqvjq52emdsk6xwp3tlzda9hnzd53pna0kxmjqqap50dp4p98kqalk4qz:closed-gw-inherit-mme9lvmw-9a0qu3,closed-gw-inherit-mme9lvmw-9a0qu3,npub-namespaced,1,key:8ec0c902
npub13n2g99xr8qmfs7gywnjhunu86yz04qhx3yv8jk4skqm8y26rk33s9v85td:pub-closed-admin-mm60ujmu,pub-closed-admin-mm60ujmu,npub-namespaced,1,key:8cd48294
npub13n2g99xr8qmfs7gywnjhunu86yz04qhx3yv8jk4skqm8y26rk33s9v85td:pub-closed-request-mm60phsq,pub-closed-request-mm60phsq,npub-namespaced,1,key:8cd48294
npub13n2g99xr8qmfs7gywnjhunu86yz04qhx3yv8jk4skqm8y26rk33s9v85td:pub-open-mm60mm0g,pub-open-mm60mm0g,npub-namespaced,1,key:8cd48294
npub13n3m8572n29rxs03tks4y2st7v87vnuazzhemkakwtc4qzcgv8asn85pax:testToppy,test toppy,npub-namespaced,1,key:8ce3b3d3
npub13njhtgfk52damf2ce9jv73s273um2zycyx9tpuz689lw7qla8egs7ywyhc:tubliusMaximus,tublius maximus,npub-namespaced,1,key:8ce575a1
npub13nl7pm6xvzvzay539zt485k5h35w3ud0fqzpwz5t7l6qhwqqyh9q63zjrd:s16-19c82c62402-7dbb-group,S16-19c82c62402-7dbb-group,npub-namespaced,1,key:8cffe0ef
npub13pjqz84aaav6s97pr9v9wm8zmmk3q78jalgq6aggy6h6ca4utskse47grk:closed-gw-inherit-mmdqdpm5-xbugvx,closed-gw-inherit-mmdqdpm5-xbugvx,npub-namespaced,1,key:8864011e
npub13rphull7v2exl8wydkxvf4de85wlwjsrq93u7lkpsultf0mzswhsm6760k:s14-19c833164af-a7e9-group,S14-19c833164af-a7e9-group,npub-namespaced,1,key:88c37e7f
npub13s4ny2lej8rkvmrdnun4j68n0pkneudzvd0jwttunuknq53dchssvg8z8f:s20-19c82cf698e-ddd0-group,S20-19c82cf698e-ddd0-group,npub-namespaced,1,key:8c2b322b
npub13u2h3c2tu665fu5vzex27a9qt806nsu2g80hxr9fezue93gz9kmsr64anl:pub-closed-admin-mm6n3s8m,pub-closed-admin-mm6n3s8m,npub-namespaced,1,key:8f1578e1
npub13u2h3c2tu665fu5vzex27a9qt806nsu2g80hxr9fezue93gz9kmsr64anl:pub-closed-request-mm6mxyju,pub-closed-request-mm6mxyju,npub-namespaced,1,key:8f1578e1
npub13u2h3c2tu665fu5vzex27a9qt806nsu2g80hxr9fezue93gz9kmsr64anl:pub-open-mm6mv0xp,pub-open-mm6mv0xp,npub-namespaced,1,key:8f1578e1
npub13xmtdeye56arcnvdqzmcp4u39xk4wqlkqdvxr6z7y4k9z5ugwzpqkssgu4:s14-19c8377574e-36ca-group,S14-19c8377574e-36ca-group,npub-namespaced,1,key:89b6b6e4
npub13ywkjm8thpsj0p7g883prsdw7w8q0uuvhjxt9mpg0x7n3rstaa4st8tap9:closed-gw-inherit-mmcmteqx,closed-gw-inherit-mmcmteqx,npub-namespaced,1,key:891d696c
npub13yy4a247leqp6eaa2smv9ktjzywlft3v0ahzdx66945nmh7aktfs09l09z:s12-19c82fb1353-10f3-group,S12-19c82fb1353-10f3-group,npub-namespaced,1,key:89095eaa
npub13zhdy2xc045n4nxu00gjf9ljjq9lwpzx662ql4jvwc20a8k5gamqyqzt59:closedjoine2e-1772306978984,ClosedJoinE2E-1772306978984,npub-namespaced,1,key:88aed228
npub142r7k98ta3ltzuz2fpu7jd5739lxpwzfgxrurlsr4h70vf82247qakz97d:s05-19c82e3bd7e-963d-group,S05-19c82e3bd7e-963d-group,npub-namespaced,1,key:aa87eb14
npub145pxptfataesqtm7nsts4cte757zvzl4x2wwz8ts6ca9g3qj4qjqv44nq3:cross-open-mmmfk0cb-2a6e31,cross-open-mmmfk0cb-2a6e31,npub-namespaced,1,key:ad0260ad
npub149dtgnga2c89e37s5fl9uaawv8tqs5kdun06zc7858g9ec8r324sns7qpr:s21-19c831042a0-a819-group,S21-19c831042a0-a819-group,npub-namespaced,1,key:a95ab44d
npub149gfal30rukkvr7vvmyr9lhn8z807llqua28j3kmhxrpe6l62akq8qh4lp:direct-host-online-mny03665,direct-host-online-mny03665,npub-namespaced,1,key:a9509efe
npub14avr50gdyrn26ugjtwdcywhf6j6sme944052amuxkra8ltes6has6p5up7:s19-19c9e1a8635-7661-group,S19-19c9e1a8635-7661-group,npub-namespaced,1,key:af583a3d
npub14dqfyhrp8c200uz8hqe4swachy0urxy0rjxtdzs7sw8dpwgfeekqu89sf2:fingablastPubicHaus,Fingablast Pubic Haus,npub-namespaced,1,key:ab40925c
npub14e0jzj8yukr4ygqh48us4rs8zpgg8yjggfdh2l4vtry87d0cpa3sd2stav:matrix-group-mm5xyq26,matrix-group-mm5xyq26,npub-namespaced,1,key:ae5f2148
npub14eaxca45jgl69qjxphn3j2qp63sy0jkl5jy87ha098gamtacw46q5jnh02:openLlamaLabias,Open Llama Labias,npub-namespaced,1,key:ae7a6c76
npub14elsptzkrn53w25cm2u7rqh6tpdlnpnvk3508z5f9qy9aua2335sh5rqsw:sansSerifClub,sans serif club,npub-namespaced,1,key:ae7f00ac
npub14jj9z4mcf2mytnklhrr4mtdl0pmhsgmwn6a0qghmxpyqa4wazw4qt5npa8:closed-gw-inherit-mmeadv78-sx9njz,closed-gw-inherit-mmeadv78-sx9njz,npub-namespaced,1,key:aca45157
npub14kg7l7ea9yh42ufzw2ek85cgzz26l89emq9wptkaefah345z4vnsrlfe67:bobs4Bros,bobs 4 bros,npub-namespaced,1,key:ad91effb
npub14kg7l7ea9yh42ufzw2ek85cgzz26l89emq9wptkaefah345z4vnsrlfe67:vagenePixGentlemensClub,vagene pix gentlemens club,npub-namespaced,1,key:ad91effb
npub14m9qvww4m7eq2xt6ykq6cq7h9cmlusp7j5qf5p424h7pq60rtfzqwmk7l6:open-gw-inherit-mmeg2qgw-4crug6,open-gw-inherit-mmeg2qgw-4crug6,npub-namespaced,1,key:aeca0639
npub14mysmdpd9ng5ntg3uhwjfe4ghy567uucp6rn6h077r080z034g6q48tfpk:closed-relay-reg-closed-online-gateway-offline,closed-relay-reg-closed-online-gateway-offline,npub-namespaced,1,key:aec90db4
npub14myv9t9qgu660tum442fez48d57l7wc54m37af324gnc8jjg97fq4lsuzn:stickyVelcroBoys,Sticky Velcro Boys,npub-namespaced,1,key:aec8c2ac
npub14qvlexg2d2jk79kjmw7utm9uwajy27atr4p06mggpnyvwlzyn40qwn0362:s13-19c82c17cf9-2306-group,S13-19c82c17cf9-2306-group,npub-namespaced,1,key:a819fc99
npub14sgdvn446hmpez3g7xg6m3jgd9arttqugt47grhhkws58hwjnvtqf5qmkn:s01-19c8256d1ed-93fd-group,S01-19c8256d1ed-93fd-group,npub-namespaced,1,key:ac10d64e
npub14sr6vj83nm7ve54gyeeeucn3sg88ep6780vzwyqrcu2j3cheth3q22ymuv:chachapoo,,npub-namespaced,1,key:ac07a648
npub14tl6sc3zy2ygqsrc4wectq6qfls7wqytv4u6308ez0z24vcna4kq5hk8mq:matrix-group-mm62ck7i,matrix-group-mm62ck7i,npub-namespaced,1,key:aaffa862
npub14wjyvpna90shhsm8ry0zku4uk7suhfl4gp50pcrzllgvn9uk54pq5n5ate:open-relay-single-open-offline-gateway-online,open-relay-single-open-offline-gateway-online,npub-namespaced,1,key:aba44606
npub14yy24lhzjl9tnhlypr0r4980q6e7vayccxwe5k4k7dknlkr0gueq26hpld:aggressivePedestrians,aggressive pedestrians,npub-namespaced,1,key:a908aafe
npub14yy24lhzjl9tnhlypr0r4980q6e7vayccxwe5k4k7dknlkr0gueq26hpld:hi,hi,npub-namespaced,1,key:a908aafe
npub152x3vnxnghjpu477h82yw50jw6v72p3cu5aduemuxlgf82yttt7s54njc2:open-relay-single-open-offline-gateway-online,open-relay-single-open-offline-gateway-online,npub-namespaced,1,key:a28d164c
npub155q224nefhq3enfzav7rjvd0l9cqkrtexyxnz7cj5392r2gvnn4s8nmwfr:bigSackCeos,Big Sack CEOs,npub-namespaced,1,key:a500a556
npub156nhsrxenvc4e4e6qxgzezstp4fv90dszde40p4l3qpr8sum5n8q822st6:closed-relay-reg-closed-direct-join-only,closed-relay-reg-closed-direct-join-only,npub-namespaced,1,key:a6a7780c
npub15avzj5u3vu0jzau7xstz4n5n4x4trveh29lzctyf8svc2ddurkhqm8rsnj:open-gw-inherit-mme7rhx1-ipyy83,open-gw-inherit-mme7rhx1-ipyy83,npub-namespaced,1,key:a7582953
npub15cc3vwcekq54zl572zfcphtrtghdcdkvvpjav2tvcekc66rufyaqrz25dk:direct-host-online-mml5gp5t,direct-host-online-mml5gp5t,npub-namespaced,1,key:a631163b
npub15cemjha9xuftg932q577wu0n68c5dcsrn9jhqvxtj56hltqc6q9q63e02m:closed-relay-reg-closed-online-gateway-offline,closed-relay-reg-closed-online-gateway-offline,npub-namespaced,1,key:a633b95f
npub15cld6pc0cdwmpy8t0v5g6tvgx8j4tnfsuz9n6xvh9mgjd8995tws8655wg:closed-gw-inherit-mmd4crqt-0gnffe,closed-gw-inherit-mmd4crqt-0gnffe,npub-namespaced,1,key:a63edd07
npub15f0g52h2c0t9m3vnhjfrjqjq09ehlcnntu7kk450eysa58g4ge9s94k67r:cleanTest,clean test,npub-namespaced,1,key:a25e8a2a
npub15fjuck35qgfnhzdrlenqm9nqk7s9ec08uhklvw6lafyrmaxc6taqjcafaw:toiletFlushSimple,toilet flush simple,npub-namespaced,1,key:a265cc5a
npub15fk92awmny8qw42vxnja0893xvj2nukvxf6d3sef9hadcqjl256slwam7c:open-relay-single-open-offline-gateway-online,open-relay-single-open-offline-gateway-online,npub-namespaced,1,key:a26c5575
npub15he2zu0qv2k4758rhm0vnr7x47yt98e0fpxuam2nmwtnr83ahpasgz5dwm:closed-gw-inherit-mmec648y-0damgb,closed-gw-inherit-mmec648y-0damgb,npub-namespaced,1,key:a5f2a171
npub15kqgqtcsdx3qgg9njntm2h90n739ta50sv0w2eynnnk2pzsgjnhsyd2xec:bobbyZonks,bobby ZONKS,npub-namespaced,1,key:a580802f
npub15l0qec2n400j4atw5m6rexkvxj9f2qh26pjgku99xme5hj8teqasrtr8cr:closed-gw-inherit-mmcxh2qw-mibayi,closed-gw-inherit-mmcxh2qw-mibayi,npub-namespaced,1,key:a7de0ce1
npub15qscnrhjlqd0phsc9r7alfq3tljazdagsu5fjynmlkh9zjqprqdsj0k8ef:fingerbangersClub,fingerbangers club,npub-namespaced,1,key:a021898e
npub15r53hxnvcy5g2r9qer36n3chmhsekwca6lqtmq7j45vstvpzsqhqhx6nee:probe-mm77u8qs,probe-mm77u8qs,npub-namespaced,1,key:a0e91b9a
npub15spjfqcgca74ungaslwdxfacnrxep9vtk3zm0h6hhg2gusrz7zqqfkekp9:closed-relay-single-closed-offline-gateway-online,closed-relay-single-closed-offline-gateway-online,npub-namespaced,1,key:a4032483
npub15t93xmj3fhmhm2vz4hhaxp98gcewyhv6agyfyuxux0lk78r4ux8qnd8m68:s13-19c841ca147-25fe-group,S13-19c841ca147-25fe-group,npub-namespaced,1,key:a2cb136e
npub15tqwhnj86r6wqdyfq7cn9j5tdx8euy5nd44npsjwsq3r2p6jkxgsh2mkcn:closed-relay-single-closed-offline-gateway-online,closed-relay-single-closed-offline-gateway-online,npub-namespaced,1,key:a2c0ebce
npub15v73dnttgmlpm8mz67hgmpax9p0r7cx69x4t2yu3jq8vft8hq0ms7y97up:open-relay-single-open-offline-gateway-online,open-relay-single-open-offline-gateway-online,npub-namespaced,1,key:a33d16cd
npub15x2729qdseclmxtf929tu7xx0f9vtg4u7237fc89mfpetazveegsh875mw:open-relay-single-open-offline-gateway-online,open-relay-single-open-offline-gateway-online,npub-namespaced,1,key:a195e514
npub15zc9cpjgf0paayg8qgxv6q99d3m9fndvg3dzxn866uuu75s2tyvq5np9kq:bagelBoysClub,Bagel Boys Club,npub-namespaced,1,key:a0b05c06
npub15zc9cpjgf0paayg8qgxv6q99d3m9fndvg3dzxn866uuu75s2tyvq5np9kq:billGateFanFictionClub,BILL GATE fan fiction club,npub-namespaced,1,key:a0b05c06
npub15zcev5f2652uajxezmg37lt4paajhyudu48zvaj2uzm6eycamv7qr98s4n:closed-gw-inherit-docker-mmcndins,closed-gw-inherit-docker-mmcndins,npub-namespaced,1,key:a0b19651
npub15zmjtku472tcnnfxjpvwc3shr7lyd8mqd546k4t84sdmzfzwmn2sn92j9a:s06-19c82b13b24-99d2-group,S06-19c82b13b24-99d2-group,npub-namespaced,1,key:a0b725db
npub160w7m49p9fqc73lku6ruu4acyrqcnf9l5cp7q883lff4gr0g0ahsfq6cnr:nogatewaysallowed,nogatewaysallowed,npub-namespaced,1,key:d3ddedd4
npub162jn9nqeaj9xg3fmvkwdc9znfjykngl0wwphcrrfahk80z30vngsap232p:hotboyFudge,Hotboy Fudge,npub-namespaced,1,key:d2a532cc
npub162wh5ssfe0dcwz082n2umd2xt90p6cf7cf0vh6g22c3vghl5tacq8z3cum:closed-relay-auth-lifecycle-closed-offline-gateway-online,closed-relay-auth-lifecycle-closed-offline-gateway-online,npub-namespaced,1,key:d29d7a42
npub1632y0ak72j32n499fnwf6y3twhymkhwm2jyjdeda2fuq3d03ncwq9ylmlg:testTooga,test tooga,npub-namespaced,1,key:d45447f6
npub1637xrmeg5vq6e47tt4kt8t4artda03mgpx7xn2437ud9r3nhvtmql6tefa:girthyPantalones,Girthy Pantalones,npub-namespaced,1,key:d47c61ef
npub164umskxpgtyr2p3t9lk63f9tuvtgp4alxlhrwpcjncz8teaawrtq5uf0tm:bigDaddyPipe,Big Daddy Pipe,npub-namespaced,1,key:d579b858
npub164umskxpgtyr2p3t9lk63f9tuvtgp4alxlhrwpcjncz8teaawrtq5uf0tm:helloMan,hello man,npub-namespaced,1,key:d579b858
npub167schqy7t8dh35lne3edec7js3ngrrruecvuyxv5vch9z34a4wssgz9mxh:direct-host-online-mnxyejrg,direct-host-online-mnxyejrg,npub-namespaced,1,key:d7a18b80
npub167vc9zwuemue4p0l659x59y0qyjzevu9j83j3yayradnanvnzn0qlrsukk:closed-relay-auth-lifecycle-closed-offline-gateway-online,closed-relay-auth-lifecycle-closed-offline-gateway-online,npub-namespaced,1,key:d7998289
npub168m34c8e7xt8s3gkvhrz0j06dmalx4tr6k40flx80mtgu55pfnvsj96su4:bigFatHogBoyz,big fat hog boyz,npub-namespaced,1,key:d1f71ae0
npub168m34c8e7xt8s3gkvhrz0j06dmalx4tr6k40flx80mtgu55pfnvsj96su4:bigFatMeatBoyz,big fat meat boyz,npub-namespaced,1,key:d1f71ae0
npub168m34c8e7xt8s3gkvhrz0j06dmalx4tr6k40flx80mtgu55pfnvsj96su4:theTrueTunafishElite,the true tunafish elite,npub-namespaced,1,key:d1f71ae0
npub16a70pa25we9622qxnq7zye80n7qv4h5wvmuhnj4997mns0rqxylsf9xue4:closed-relay-reg-closed-direct-join-only,closed-relay-reg-closed-direct-join-only,npub-namespaced,1,key:d77cf0f5
npub16atyjdcsm9y9qzxctkqxl4x8vclgaq9a8pf8hmxk80da4a69t8jqepuyyz:closed-gw-inherit-mmcxkk1g-jeaz3y,closed-gw-inherit-mmcxkk1g-jeaz3y,npub-namespaced,1,key:d7564937
npub16cqe643geed29tj558h5dtfjxvc6vuwp7002rj0dfk9ea0mvua4qmq9zel:s04-19c83b8dea2-481d-group,S04-19c83b8dea2-481d-group,npub-namespaced,1,key:d6019d56
npub16d44pjdyh04nkv7neq42u2d6wyg2j3qsjn0xa8ckdpzy750n5kms765zdc:closedjoine2e-1772305659080,ClosedJoinE2E-1772305659080,npub-namespaced,1,key:d36b50c9
npub16ekd972lfrer00w580sp2gxapqjq9x0ecp38099ndxm2xwglmlnq9kjcfn:mamacitaEmporium,mamacita emporium,npub-namespaced,1,key:d66cd2f9
npub16ekd972lfrer00w580sp2gxapqjq9x0ecp38099ndxm2xwglmlnq9kjcfn:supersloppy,superSLOPPY,npub-namespaced,1,key:d66cd2f9
npub16enecjcqe2zd0ahzjkawuhnevmdxxvcl4npyfp6kke6xsunx364qglpyyy:matrix-group-mm5s7qiz,matrix-group-mm5s7qiz,npub-namespaced,1,key:d6679c4b
npub16fgucjfunmm5arasqfr3stua0h5fvylkepn0m5mzalk4cv5jtlgqsdu04r:velcroIceDawgs,Velcro Ice Dawgs,npub-namespaced,1,key:d251cc49
npub16h3c2a70uulsmmzdntmq46qe0g0dphc236c7m4elxadlk2yzj3rs2lgn9w:cross-open-mmliaprj-7aa672,cross-open-mmliaprj-7aa672,npub-namespaced,1,key:d5e38577
npub16hsv8cj2a0ek22xq4urza7p0yjes8xgk390wnjm7gtm82cqhkz3qkegw9r:pinned-open-mnybszfa,pinned-open-mnybszfa,npub-namespaced,1,key:d5e0c3e2
npub16j9hahm27tvrfncsnryl8ymwfw0adtev8pmdxy8vmy0yvvfupcxsq3yfzl:open-relay-reg-open-offline-gateway-online,open-relay-reg-open-offline-gateway-online,npub-namespaced,1,key:d48b7edf
npub16l3eynxq20kh07hfn20lr9jxxcaq5hew04l6pks2gak427kcd6psc6ty84:closed-gw-inherit-mme5te1p-jm85om,closed-gw-inherit-mme5te1p-jm85om,npub-namespaced,1,key:d7e3924c
npub16mln98mlmt2avu0ck80qe8tyd5zphnr0rs7ujz57fe6qyxqxyflsetd2kp:open-relay-single-open-offline-gateway-online,open-relay-single-open-offline-gateway-online,npub-namespaced,1,key:d6ff329f
npub16p5rqvlcn0hn4a6p2e5myqjelsldn2fw8s024p43494mm34n64gsjuyrnq:cross-open-mmmgm16z-1c4242,cross-open-mmmgm16z-1c4242,npub-namespaced,1,key:d0683033
npub16qdlxs0jv5qu6p3q4a04whfel7frkwmr6g2yhf377x8cga27kazq0464rr:s20-19c829867aa-9c4e-group,S20-19c829867aa-9c4e-group,npub-namespaced,1,key:d01bf341
npub16u52wfkv9e62nn4s8swtv6wg3jhjfyqeggwnducq6nm6usk065zq9shq7l:testerFamilyDivorceSettlement,Tester Family Divorce Settlement,npub-namespaced,1,key:d728a726
npub16v0esqqzxxqpux427r7e97du96h2pugj54e0exsna0sfa6m9gneqmw3yp3:testClosenschtuuben,test closenschtuuben,npub-namespaced,1,key:d31f9800
npub16w8pe8qp6ufwl0565t6agqjknxzgdd75pvl59qdr79epxcfdx5eqtn62lw:girthySausageBoys,Girthy Sausage Boys,npub-namespaced,1,key:d38e1c9c
npub16w98mhrhwd5gzk5n0q4ek9wuywwjj7fy800ekvur5j5hs0djl4uq6h6kl0:cross-machine-open-mm4kkbob,cross-machine-open-mm4kkbob,npub-namespaced,1,key:d38a7ddc
npub16wltaqvvu0a480fxfhvez8xyau4ugdrg5khy5ll6swl65fd249dszpx6rd:cross-open-mmme4wzi-95e6e8,cross-open-mmme4wzi-95e6e8,npub-namespaced,1,key:d3bebe81
npub16xa6py6p7eqs4fpd2vzmhuy24fvmjat43yr3nt70mmquhmh8tm7swk93av:open-gw-inherit-mme8sw2s-0iuial,open-gw-inherit-mme8sw2s-0iuial,npub-namespaced,1,key:d1bba093
npub16y22jrnahaaq7l5jk0stpgznfjerfuc9m2ngvyw2sylpd7lclj9skt2plm:puppyEnthusiasts,Puppy Enthusiasts,npub-namespaced,1,key:d114a90e
npub16ywntfyjf4wm4pk9tc8f4l5vea8t73qt3jxfad83ku0akcc7vrrsaxxj8r:s21-19c839acc32-406a-group,S21-19c839acc32-406a-group,npub-namespaced,1,key:d11d35a4
npub170eng9tfnaprf5q9k87mp85r9x8v2gkh0pcnqx345mj0vz8xwkuqtjzeyr:open-gw-inherit-mme8mag0-2pfqcr,open-gw-inherit-mme8mag0-2pfqcr,npub-namespaced,1,key:f3f33415
npub170xc37nrz53rhrdm8sznqefardsyqkete43fy98rw66kgpuv0jqq9477kv:closed-relay-single-closed-offline-gateway-online,closed-relay-single-closed-offline-gateway-online,npub-namespaced,1,key:f3cd88fa
npub172wt9rewwx7e06424c0kyrdfu6uaapmp9z6n68yv3ke6eavcxhasc9dzrs:itsATuna,its a tuna,npub-namespaced,1,key:f29cb28f
npub173tuzhs8wyjdj8uf2n35kn6fgqchxgcckysdpkwt4f82t2k5qqrqqg8rjh:testIraqObama,test iraq obama,npub-namespaced,1,key:f457c15e
npub1744qsxsp994mucgchpv24fsxtdcx0pwnd0m7mquqg47wyjlla8jsfq80c0:open-relay-open-offline-gateway-online-instrumentation,open-relay-open-offline-gateway-online-instrumentation,npub-namespaced,1,key:f56a081a
npub175uuhfv8m9hk52dtt2e9vw6j9j9ajr693xpk8wkcs753l9qmtcdsygg9eh:closedTuna,closed tuna,npub-namespaced,1,key:f539cba5
npub175uuhfv8m9hk52dtt2e9vw6j9j9ajr693xpk8wkcs753l9qmtcdsygg9eh:papacitoPaco,papacito paco,npub-namespaced,1,key:f539cba5
npub175uuhfv8m9hk52dtt2e9vw6j9j9ajr693xpk8wkcs753l9qmtcdsygg9eh:yesYes,yes yes,npub-namespaced,1,key:f539cba5
npub17662gc70zghpa23ff4a9jay57c6md5hpzeyld52w0jv9drxfe2qs2d27w6:direct-host-online-mm7dr4v7,direct-host-online-mm7dr4v7,npub-namespaced,1,key:f6b4a463
npub176nvs2qg9ln73yd94dtz5un82ezt4jh8m7javguavjjv98lekvnqlaenyt:open-relay-contract-gateway-unassigned-error,open-relay-contract-gateway-unassigned-error,npub-namespaced,1,key:f6a6c828
npub176x0xhpx058uerymr05xe0l3wgdk86vdujt99jh6nqjtmpfwduusqyszjp:sexyPicsClub,sexy pics club,npub-namespaced,1,key:f68cf35c
npub17e87ywagr0vkzeza8lduwk6huhzf783l3y25gc88zhns50vplkps2m5gd0:open-gw-inherit-mme9fg2d-6p3xyj,open-gw-inherit-mme9fg2d-6p3xyj,npub-namespaced,1,key:f64fe23b
npub17ehp35wjxwt5qqd853vg6wkqxcr6cfmfefg4f369usgzlscljxls0knp94:toothSalad,tooth salad,npub-namespaced,1,key:f66e18d1
npub17g36yktuzzuu8z7jngcgfzpw2s5jlr2c220jrhvdwle87ueaut4qy73q38:s14-19c841e582f-1f58-group,S14-19c841e582f-1f58-group,npub-namespaced,1,key:f223a259
npub17gehvuwyle0lavrs9zzuvxswxm0g6h8cx9zpce6en78h3a5cn2hszfdmnq:noodleLovinNudists,Noodle lovin Nudists,npub-namespaced,1,key:f2337671
npub17hdryxcfuexvhm8st8twusy35smfl4ea9ll7h87uzxyge2l5w89smudlg2:open-gw-inherit-mme6foxq-rzfkrt,open-gw-inherit-mme6foxq-rzfkrt,npub-namespaced,1,key:f5da321b
npub17jwhhz0wu7pmv0uk786husrk00khqhpn22q222vt4ua6zcs944qq920l3h:closedjoine2e-1772305515461,ClosedJoinE2E-1772305515461,npub-namespaced,1,key:f49d7b89
npub17k5uw0lk9p53zsq4vhjl5stdn0f3htqqd0wx7mj09n8hfshjz82s3zzwpn:s18-19c83057e5e-8ca5-group,S18-19c83057e5e-8ca5-group,npub-namespaced,1,key:f5a9c73f
npub17kmdsuc3nqxcwhyscscp69a55fz88vfjt5u8pj037799v7avmlkqalp39f:rodrigoPeepee,Rodrigo Peepee,npub-namespaced,1,key:f5b6d873
npub17l0mrr9xnwxh2wt7ky473gxve0e6wgnytp6877ycpck9pxz8enqskreczm:open-relay-reg-open-direct-join-only,open-relay-reg-open-direct-join-only,npub-namespaced,1,key:f7dfb18c
npub17l9vg30tf5q8w2l3jersy4dfrd8wt5rj4zqmwugd05wyc4w35gsq2vnj4l:closed-relay-reg-closed-online-gateway-offline,closed-relay-reg-closed-online-gateway-offline,npub-namespaced,1,key:f7cac445
npub17nqwge2tzz4dxr2p2a3476lcqmhu050tez9hegsn5hmwf4wx0ynquhr2k3:closed-gw-inherit-mmcwy9xp-ymfk25,closed-gw-inherit-mmcwy9xp-ymfk25,npub-namespaced,1,key:f4c0e465
npub17nrxfx43m6gc8aclqpqkpgce7jmhnu03wf4fu3jfmjp7hen2jgkqp0hwa2:joinmatrixe2e-open-1772302940350,JoinMatrixE2E-open-1772302940350,npub-namespaced,1,key:f4c6649a
npub17nrxfx43m6gc8aclqpqkpgce7jmhnu03wf4fu3jfmjp7hen2jgkqp0hwa2:joinmatrixe2e-open-1772303288072,JoinMatrixE2E-open-1772303288072,npub-namespaced,1,key:f4c6649a
npub17q03k62y25sky9jfr6hk3xhq442qcznmuaux2hvzsx8234txxn2sc9j2m2:markZockerbargs,Mark Zockerbargs,npub-namespaced,1,key:f01f1b69
npub17qfqv7828ywf3h6h2rkze3rtzjn2tzlulxrr5nvknv99ta43vmvsdfj7kp:direct-host-online-mnxw87ae,direct-host-online-mnxw87ae,npub-namespaced,1,key:f0120678
npub17tc9c94geqjz6efz8wkuh4ujv7elg0e2pjth9950yuf848u36axqgaj0n5:closed-relay-single-closed-offline-gateway-online,closed-relay-single-closed-offline-gateway-online,npub-namespaced,1,key:f2f05c16
npub17trzm4gg68fgvd6643kraql4z405xwutpdmrvg4e6rgms42qgtpqn24698:open-relay-single-open-offline-gateway-online,open-relay-single-open-offline-gateway-online,npub-namespaced,1,key:f2c62dd5
npub17uh380ug0lhw5xu37dd9jganqaymqj0tdpnmpwh6h2jetnplf2lq62fg55:pub-closed-admin-mm5zpf9m,pub-closed-admin-mm5zpf9m,npub-namespaced,1,key:f72f13bf
npub17uh380ug0lhw5xu37dd9jganqaymqj0tdpnmpwh6h2jetnplf2lq62fg55:pub-closed-request-mm5zja8y,pub-closed-request-mm5zja8y,npub-namespaced,1,key:f72f13bf
npub17uh380ug0lhw5xu37dd9jganqaymqj0tdpnmpwh6h2jetnplf2lq62fg55:pub-open-mm5zg0wt,pub-open-mm5zg0wt,npub-namespaced,1,key:f72f13bf
npub17w52uwtzj08v4wq08mx420qd7h0secd7lmhnw8vexx8z5uc6r50q8mma09:bonjourTown,Bonjour Town,npub-namespaced,1,key:f3a8ae39
npub17wkvnzxljc4tn0p4jpsrfgpjcu4gdlx2r9npayymw7az4ww7tanssp8q9m:s04-19c840ae54d-72b4-group,S04-19c840ae54d-72b4-group,npub-namespaced,1,key:f3acc988
npub17wqr75d0hsd67ntypfp67fmg09udl8e6jv7388tywk93f7f9968quvay3d:closed-gw-inherit-mmctsr9k-bx1n9q,closed-gw-inherit-mmctsr9k-bx1n9q,npub-namespaced,1,key:f3803f51
npub17x358nuc88k89yqff0nmhdjp86ncpnjhg955z6au9v04u5gmfecs7n42u9:s05-19c827b7dc4-ac9d-group,S05-19c827b7dc4-ac9d-group,npub-namespaced,1,key:f1a343cf
npub17yc8v53k4m2wrefyx8lxnfd765f2eh2qlxw79n5dxmlwpulc0uasly8s07:rootfixopen-1772309606402,RootFixOpen-1772309606402,npub-namespaced,1,key:f1307652
npub17z8h7tt6ed38v2686cgr78dhefqmemmwmnrmdhl9cgsxewzh5teqca8fqw:vagenePics4U,vagene pics 4 u,npub-namespaced,1,key:f08f7f2d
npub182c9f50999mnjds52r22q5ftkemt9y69u4zhh0s6veq6hny6n4aqf7aqvk:closed-relay-single-closed-offline-gateway-online,closed-relay-single-closed-offline-gateway-online,npub-namespaced,1,key:3ab054d1
npub183e2mk60muy6l98se9xhl6f28p48uux03gwctytrs6aj2dw8kxcsw0rcm2:s01-19c7d56152b-9ce3-group,S01-19c7d56152b-9ce3-group,npub-namespaced,1,key:3c72addb
npub183e2mk60muy6l98se9xhl6f28p48uux03gwctytrs6aj2dw8kxcsw0rcm2:s01-19c7d57b7c5-156d-group,S01-19c7d57b7c5-156d-group,npub-namespaced,1,key:3c72addb
npub183e2mk60muy6l98se9xhl6f28p48uux03gwctytrs6aj2dw8kxcsw0rcm2:s01-19c7d591fe1-3409-group,S01-19c7d591fe1-3409-group,npub-namespaced,1,key:3c72addb
npub183e2mk60muy6l98se9xhl6f28p48uux03gwctytrs6aj2dw8kxcsw0rcm2:s01-19c7d5aacac-0d32-group,S01-19c7d5aacac-0d32-group,npub-namespaced,1,key:3c72addb
npub183e2mk60muy6l98se9xhl6f28p48uux03gwctytrs6aj2dw8kxcsw0rcm2:s01-19c7d5e59e9-224a-group,S01-19c7d5e59e9-224a-group,npub-namespaced,1,key:3c72addb
npub183e2mk60muy6l98se9xhl6f28p48uux03gwctytrs6aj2dw8kxcsw0rcm2:s01-19c7d63c8bc-3b9b-group,S01-19c7d63c8bc-3b9b-group,npub-namespaced,1,key:3c72addb
npub183e2mk60muy6l98se9xhl6f28p48uux03gwctytrs6aj2dw8kxcsw0rcm2:s01-19c82489362-267f-group,S01-19c82489362-267f-group,npub-namespaced,1,key:3c72addb
npub183e2mk60muy6l98se9xhl6f28p48uux03gwctytrs6aj2dw8kxcsw0rcm2:s01-19c824ea488-4ac6-group,S01-19c824ea488-4ac6-group,npub-namespaced,1,key:3c72addb
npub183e2mk60muy6l98se9xhl6f28p48uux03gwctytrs6aj2dw8kxcsw0rcm2:s19-19c7d654e37-597d-group,S19-19c7d654e37-597d-group,npub-namespaced,1,key:3c72addb
npub183e2mk60muy6l98se9xhl6f28p48uux03gwctytrs6aj2dw8kxcsw0rcm2:s19-19c7d68f20e-66b9-group,S19-19c7d68f20e-66b9-group,npub-namespaced,1,key:3c72addb
npub183e2mk60muy6l98se9xhl6f28p48uux03gwctytrs6aj2dw8kxcsw0rcm2:s19-19c7d6e5e9e-67b3-group,S19-19c7d6e5e9e-67b3-group,npub-namespaced,1,key:3c72addb
npub183e2mk60muy6l98se9xhl6f28p48uux03gwctytrs6aj2dw8kxcsw0rcm2:s19-19c7d745944-7c3b-group,S19-19c7d745944-7c3b-group,npub-namespaced,1,key:3c72addb
npub183e2mk60muy6l98se9xhl6f28p48uux03gwctytrs6aj2dw8kxcsw0rcm2:s19-19c7d79674b-302c-group,S19-19c7d79674b-302c-group,npub-namespaced,1,key:3c72addb
npub183e2mk60muy6l98se9xhl6f28p48uux03gwctytrs6aj2dw8kxcsw0rcm2:s19-19c7d83fd9e-b7f4-group,S19-19c7d83fd9e-b7f4-group,npub-namespaced,1,key:3c72addb
npub183e2mk60muy6l98se9xhl6f28p48uux03gwctytrs6aj2dw8kxcsw0rcm2:s19-19c7dd0dca8-29fb-group,S19-19c7dd0dca8-29fb-group,npub-namespaced,1,key:3c72addb
npub183e2mk60muy6l98se9xhl6f28p48uux03gwctytrs6aj2dw8kxcsw0rcm2:s19-19c7dd4f795-2bc3-group,S19-19c7dd4f795-2bc3-group,npub-namespaced,1,key:3c72addb
npub183e2mk60muy6l98se9xhl6f28p48uux03gwctytrs6aj2dw8kxcsw0rcm2:s19-19c7ddcffe6-fe1a-group,S19-19c7ddcffe6-fe1a-group,npub-namespaced,1,key:3c72addb
npub183e2mk60muy6l98se9xhl6f28p48uux03gwctytrs6aj2dw8kxcsw0rcm2:s19-19c7de01f20-fb3a-group,S19-19c7de01f20-fb3a-group,npub-namespaced,1,key:3c72addb
npub183e2mk60muy6l98se9xhl6f28p48uux03gwctytrs6aj2dw8kxcsw0rcm2:s19-19c7de2f939-df6f-group,S19-19c7de2f939-df6f-group,npub-namespaced,1,key:3c72addb
npub183e2mk60muy6l98se9xhl6f28p48uux03gwctytrs6aj2dw8kxcsw0rcm2:s19-19c7de72aba-b640-group,S19-19c7de72aba-b640-group,npub-namespaced,1,key:3c72addb
npub183e2mk60muy6l98se9xhl6f28p48uux03gwctytrs6aj2dw8kxcsw0rcm2:s19-19c7ded3111-23de-group,S19-19c7ded3111-23de-group,npub-namespaced,1,key:3c72addb
npub183e2mk60muy6l98se9xhl6f28p48uux03gwctytrs6aj2dw8kxcsw0rcm2:s19-19c7df430ff-68c7-group,S19-19c7df430ff-68c7-group,npub-namespaced,1,key:3c72addb
npub183e2mk60muy6l98se9xhl6f28p48uux03gwctytrs6aj2dw8kxcsw0rcm2:s19-19c7df7e02a-7499-group,S19-19c7df7e02a-7499-group,npub-namespaced,1,key:3c72addb
npub183e2mk60muy6l98se9xhl6f28p48uux03gwctytrs6aj2dw8kxcsw0rcm2:s19-19c7dfada23-45e6-group,S19-19c7dfada23-45e6-group,npub-namespaced,1,key:3c72addb
npub183e2mk60muy6l98se9xhl6f28p48uux03gwctytrs6aj2dw8kxcsw0rcm2:s20-19c7d923549-b65c-group,S20-19c7d923549-b65c-group,npub-namespaced,1,key:3c72addb
npub183e2mk60muy6l98se9xhl6f28p48uux03gwctytrs6aj2dw8kxcsw0rcm2:s20-19c7d969555-795c-group,S20-19c7d969555-795c-group,npub-namespaced,1,key:3c72addb
npub183e2mk60muy6l98se9xhl6f28p48uux03gwctytrs6aj2dw8kxcsw0rcm2:s20-19c7d9c1f5e-f37d-group,S20-19c7d9c1f5e-f37d-group,npub-namespaced,1,key:3c72addb
npub183e2mk60muy6l98se9xhl6f28p48uux03gwctytrs6aj2dw8kxcsw0rcm2:s20-19c7d9fcc9d-957f-group,S20-19c7d9fcc9d-957f-group,npub-namespaced,1,key:3c72addb
npub183e2mk60muy6l98se9xhl6f28p48uux03gwctytrs6aj2dw8kxcsw0rcm2:s20-19c7da226b7-68f5-group,S20-19c7da226b7-68f5-group,npub-namespaced,1,key:3c72addb
npub183e2mk60muy6l98se9xhl6f28p48uux03gwctytrs6aj2dw8kxcsw0rcm2:s20-19c7da7a845-0f2a-group,S20-19c7da7a845-0f2a-group,npub-namespaced,1,key:3c72addb
npub183e2mk60muy6l98se9xhl6f28p48uux03gwctytrs6aj2dw8kxcsw0rcm2:s20-19c7dad3f78-7a25-group,S20-19c7dad3f78-7a25-group,npub-namespaced,1,key:3c72addb
npub183e2mk60muy6l98se9xhl6f28p48uux03gwctytrs6aj2dw8kxcsw0rcm2:s20-19c7db04e9c-426f-group,S20-19c7db04e9c-426f-group,npub-namespaced,1,key:3c72addb
npub183e2mk60muy6l98se9xhl6f28p48uux03gwctytrs6aj2dw8kxcsw0rcm2:s20-19c7db4cc04-dbb3-group,S20-19c7db4cc04-dbb3-group,npub-namespaced,1,key:3c72addb
npub183e2mk60muy6l98se9xhl6f28p48uux03gwctytrs6aj2dw8kxcsw0rcm2:s20-19c7dbbfe53-cbdb-group,S20-19c7dbbfe53-cbdb-group,npub-namespaced,1,key:3c72addb
npub183e2mk60muy6l98se9xhl6f28p48uux03gwctytrs6aj2dw8kxcsw0rcm2:s20-19c7dfdb2a3-b482-group,S20-19c7dfdb2a3-b482-group,npub-namespaced,1,key:3c72addb
npub183e2mk60muy6l98se9xhl6f28p48uux03gwctytrs6aj2dw8kxcsw0rcm2:s20-19c7e0324b7-db5b-group,S20-19c7e0324b7-db5b-group,npub-namespaced,1,key:3c72addb
npub183e2mk60muy6l98se9xhl6f28p48uux03gwctytrs6aj2dw8kxcsw0rcm2:s20-19c7e08b004-1538-group,S20-19c7e08b004-1538-group,npub-namespaced,1,key:3c72addb
npub183e2mk60muy6l98se9xhl6f28p48uux03gwctytrs6aj2dw8kxcsw0rcm2:s20-19c7e1418d0-69fa-group,S20-19c7e1418d0-69fa-group,npub-namespaced,1,key:3c72addb
npub183e2mk60muy6l98se9xhl6f28p48uux03gwctytrs6aj2dw8kxcsw0rcm2:s20-19c7e19415d-0378-group,S20-19c7e19415d-0378-group,npub-namespaced,1,key:3c72addb
npub183e2mk60muy6l98se9xhl6f28p48uux03gwctytrs6aj2dw8kxcsw0rcm2:s20-19c7e1c2d7a-aca7-group,S20-19c7e1c2d7a-aca7-group,npub-namespaced,1,key:3c72addb
npub183e2mk60muy6l98se9xhl6f28p48uux03gwctytrs6aj2dw8kxcsw0rcm2:s20-19c7e1f203e-c5d8-group,S20-19c7e1f203e-c5d8-group,npub-namespaced,1,key:3c72addb
npub183e2mk60muy6l98se9xhl6f28p48uux03gwctytrs6aj2dw8kxcsw0rcm2:s20-19c7e238ff3-6202-group,S20-19c7e238ff3-6202-group,npub-namespaced,1,key:3c72addb
npub183e2mk60muy6l98se9xhl6f28p48uux03gwctytrs6aj2dw8kxcsw0rcm2:s20-19c7e287753-8e13-group,S20-19c7e287753-8e13-group,npub-namespaced,1,key:3c72addb
npub183e2mk60muy6l98se9xhl6f28p48uux03gwctytrs6aj2dw8kxcsw0rcm2:s20-19c7e2d1648-83b0-group,S20-19c7e2d1648-83b0-group,npub-namespaced,1,key:3c72addb
npub183e2mk60muy6l98se9xhl6f28p48uux03gwctytrs6aj2dw8kxcsw0rcm2:s20-19c7e3089ac-85e9-group,S20-19c7e3089ac-85e9-group,npub-namespaced,1,key:3c72addb
npub183e2mk60muy6l98se9xhl6f28p48uux03gwctytrs6aj2dw8kxcsw0rcm2:s20-19c7e366460-11a5-group,S20-19c7e366460-11a5-group,npub-namespaced,1,key:3c72addb
npub183e2mk60muy6l98se9xhl6f28p48uux03gwctytrs6aj2dw8kxcsw0rcm2:s20-19c7e3afaec-5e13-group,S20-19c7e3afaec-5e13-group,npub-namespaced,1,key:3c72addb
npub183e2mk60muy6l98se9xhl6f28p48uux03gwctytrs6aj2dw8kxcsw0rcm2:s20-19c7e41fed3-3b82-group,S20-19c7e41fed3-3b82-group,npub-namespaced,1,key:3c72addb
npub183e2mk60muy6l98se9xhl6f28p48uux03gwctytrs6aj2dw8kxcsw0rcm2:s20-19c7e467bbf-926c-group,S20-19c7e467bbf-926c-group,npub-namespaced,1,key:3c72addb
npub183e2mk60muy6l98se9xhl6f28p48uux03gwctytrs6aj2dw8kxcsw0rcm2:s20-19c7e4b3113-b40a-group,S20-19c7e4b3113-b40a-group,npub-namespaced,1,key:3c72addb
npub183e2mk60muy6l98se9xhl6f28p48uux03gwctytrs6aj2dw8kxcsw0rcm2:s20-19c7e4f8c8b-fb38-group,S20-19c7e4f8c8b-fb38-group,npub-namespaced,1,key:3c72addb
npub183e2mk60muy6l98se9xhl6f28p48uux03gwctytrs6aj2dw8kxcsw0rcm2:s20-19c7e55469a-124f-group,S20-19c7e55469a-124f-group,npub-namespaced,1,key:3c72addb
npub183e2mk60muy6l98se9xhl6f28p48uux03gwctytrs6aj2dw8kxcsw0rcm2:s21-19c7dbe60be-9770-group,S21-19c7dbe60be-9770-group,npub-namespaced,1,key:3c72addb
npub183e2mk60muy6l98se9xhl6f28p48uux03gwctytrs6aj2dw8kxcsw0rcm2:s22-19c7dc0c5fa-f98e-group,S22-19c7dc0c5fa-f98e-group,npub-namespaced,1,key:3c72addb
npub185en2u7dhh5r66cyhqtwvk9sl4gt3g92q77hhe24ul9z6saaff0squ2jyz:open-gw-inherit-mmed34yv-2th1me,open-gw-inherit-mmed34yv-2th1me,npub-namespaced,1,key:3d333573
npub1864l8gjmm0mxlsd69japkduhm82dcjdx56aah633umlksze5l2cscu0cc3:s20-19c8317d34e-7ac1-group,S20-19c8317d34e-7ac1-group,npub-namespaced,1,key:3eabf3a2
npub188d5nfjgts3frrfear6q5whedatm0g8262uds5cf97q9ah40gprsy9u5jg:s12-19c832cfc87-e194-group,S12-19c832cfc87-e194-group,npub-namespaced,1,key:39db49a6
npub18d63akgkx7mg5jlr7qvygtfgf5qw6x2506qcemshuma2ydfcn78quhqq33:direct-host-online-mnxu78jg,direct-host-online-mnxu78jg,npub-namespaced,1,key:3b751ed9
npub18euzc6w7064wr67h56ma04ywp9jk74cl4tvpyk92jg3dsa4nzc6qhh0xg0:open-relay-reg-open-direct-join-only,open-relay-reg-open-direct-join-only,npub-namespaced,1,key:3e782c69
npub18j56v8qqgm8y4vujhnd3rg7pmlx9pkxf89y798a6f07swd4qz5rsynv3pz:closed-gw-inherit-mmcuflaz-i758wv,closed-gw-inherit-mmcuflaz-i758wv,npub-namespaced,1,key:3ca9a61c
npub18jg8jfsglag27g263lnmymacrjwsqdrc67snpmpkl380eayj829ssy5z76:peepeePapas,PeePee Papas,npub-namespaced,1,key:3c907926
npub18jxclt47hhhxutazcr5ephg66vxh25h3vc09uxjpkhldd5ps2qvs0w75np:open-relay-single-open-offline-gateway-online,open-relay-single-open-offline-gateway-online,npub-namespaced,1,key:3c8d8fae
npub18khdwufjvvyy250sdj9wep8awhxgfvs92w88hmegn0h36sgrx96qt47xdd:testScrumbledore,test scrumbledore,npub-namespaced,1,key:3daed771
npub18mckhkmtahlu2s6gmj0nmcpz66dwcd0c2awwk7w4qnpapwypc5cs6c20cq:gilbertGrapeSoda,Gilbert Grape Soda,npub-namespaced,1,key:3ef16bdb
npub18mj47cnwychurageadd74ddg88hhp6unrcfjvdkv8g45jfljcr8qj90v32:s02-19c83a323e6-cee6-group,S02-19c83a323e6-cee6-group,npub-namespaced,1,key:3ee55f62
npub18plfm2gcy6vy3lj7du7dgpewrs394xyychqkcth40yexelqlydrqhnqwvt:open-gw-inherit-mmecf1x6-lfj7n3,open-gw-inherit-mmecf1x6-lfj7n3,npub-namespaced,1,key:387e9da9
npub18q6w7s8pr80uhjrkc2dj7sdmvalxtxnqqftv00z2aj47mflt8grscpc0fr:pub-closed-admin-mnxshkx6,pub-closed-admin-mnxshkx6,npub-namespaced,1,key:3834ef40
npub18q6w7s8pr80uhjrkc2dj7sdmvalxtxnqqftv00z2aj47mflt8grscpc0fr:pub-closed-request-mnxsd88r,pub-closed-request-mnxsd88r,npub-namespaced,1,key:3834ef40
npub18q6w7s8pr80uhjrkc2dj7sdmvalxtxnqqftv00z2aj47mflt8grscpc0fr:pub-open-mnxsavfe,pub-open-mnxsavfe,npub-namespaced,1,key:3834ef40
npub18tcl0uwv9p5nc54h6eq5y8q9rnxyswwm066vaye64y2rawt54wjsqfe379:peePeeBoys,Pee Pee Boys,npub-namespaced,1,key:3af1f7f1
npub18wq7tgp9z0erpfp0l53dnxky5uwm58ydw54v2mtqtuye6dxv2xpq2afyyr:elSansSerifo,el sans serifo,npub-namespaced,1,key:3b81e5a0
npub192hz7nd22vj6ffczecqf7cwcwq6gl04tlkecf6lsqq0fy9v94lqsaepc24:closed-relay-contract-direct-join-only-no-gateway,closed-relay-contract-direct-join-only-no-gateway,npub-namespaced,1,key:2aae2f4d
npub1937n2p9qj8d2dlyn7l4h2d9x83fpuw2udyv4r00hltc6sqjmyf2sxa068j:s08-19c82e90e5b-92f6-group,S08-19c82e90e5b-92f6-group,npub-namespaced,1,key:2c7d3504
npub195vuejygvu3n6kte03vm8lm9nyu629chvzackqehdjelnur8dn9qrplcrv:pub-closed-admin-mm61do1d,pub-closed-admin-mm61do1d,npub-namespaced,1,key:2d19ccc8
npub195vuejygvu3n6kte03vm8lm9nyu629chvzackqehdjelnur8dn9qrplcrv:pub-closed-request-mm618vuf,pub-closed-request-mm618vuf,npub-namespaced,1,key:2d19ccc8
npub195vuejygvu3n6kte03vm8lm9nyu629chvzackqehdjelnur8dn9qrplcrv:pub-open-mm615rot,pub-open-mm615rot,npub-namespaced,1,key:2d19ccc8
npub196p2lu6jng27w5dzzvkp6qgxzmfeyf9uufdyvqqhnq8k64zteuyqe0l22d:theIceGuys,The Ice Guys,npub-namespaced,1,key:2e82aff3
npub197d7lhm52w3e43smsqz0myz235zpar04px4vqs3stp4grdedwaxs2p4q3m:closed-gw-inherit-docker-mmcq1vnt,closed-gw-inherit-docker-mmcq1vnt,npub-namespaced,1,key:2f9befdf
npub19882608wej3acc348wr4fekxx7p7sl7mn8ry0y70kna2866h6f4sxcc23z:closed-gw-inherit-mmctvw8c-bqcgqr,closed-gw-inherit-mmctvw8c-bqcgqr,npub-namespaced,1,key:29cead3c
npub19ag7fjzgsmx46gqj3wh3385m5nczsrvykeat09ax8nstdehgmz6qc6ta7l:open-relay-single-open-offline-gateway-online,open-relay-single-open-offline-gateway-online,npub-namespaced,1,key:2f51e4c8
npub19eqxwjk9uceldwhuzjmywxqdyltpu8tvmfpl8szxqfa766y6kaxst6r6av:matrix-group-mm5yjooc,matrix-group-mm5yjooc,npub-namespaced,1,key:2e40674a
npub19ghgc03dm0v8jmuqc9usytgjn9rtyxwjxjjduerfazyr5ssme7ssrpx2vt:direct-host-online-mnxvywo9,direct-host-online-mnxvywo9,npub-namespaced,1,key:2a2e8c3e
npub19gn55q8gv3gr7xkne74uwy7e8rz6swqtuj6x4cqhlqs5zhazdz9q9pjnr8:direct-host-online-mml5u6lt,direct-host-online-mml5u6lt,npub-namespaced,1,key:2a274a00
npub19gwjkvgmz02lr8h6ykh2jrlkkwemq6jtv42qmlz4yfz4e4p6dc2qw3zq6g:open-relay-single-open-offline-gateway-online,open-relay-single-open-offline-gateway-online,npub-namespaced,1,key:2a1d2b31
npub19jzsrf5m7jtnxn8hnrs8sg4vcjr4qrw4gqvvt5jtvx7amgjrpv8s9mg8af:vps-smoke-mmb55t45,vps-smoke-mmb55t45,npub-namespaced,1,key:2c8501a6
npub19p6kfvzvns4e346a90heqxhar73nppjrr4tm5wuvmkxmlhy5zlas87t3u7:s13-19c83f88f84-c3a3-group,S13-19c83f88f84-c3a3-group,npub-namespaced,1,key:287564b0
npub19penllvnt03vdqv59lhdem529krkptz83atg3rptpq2aspam8q8qynrr0r:hosted-open-mnxzayep,hosted-open-mnxzayep,npub-namespaced,1,key:28733ffd
npub19q42emwez44alpmtqsw3l2ehd8l20t9gc42c093he5476uueajhssj6j23:meefFoobTest,MEEF FOOB test,npub-namespaced,1,key:282aaced
npub19q4ewpc9nvmu5juvd85pknzv0tuszfgdmkyqcqk5jrsthquv4qssz6xjfl:s05-19c82b6c031-996f-group,S05-19c82b6c031-996f-group,npub-namespaced,1,key:282b9707
npub19sndafc3x84dtym8yc3lpehwfp7kg6uq6n3xnfhfkmc9rtm02tws5mlr2l:s07-19c83af8dae-d463-group,S07-19c83af8dae-d463-group,npub-namespaced,1,key:2c26dea7
npub19t24trkl5fyyt23fs9f0tl55a8jsuwjex08hpgjhcv6d0p54e5gq3t7t47:open-relay-single-open-offline-gateway-online,open-relay-single-open-offline-gateway-online,npub-namespaced,1,key:2ad5558e
npub19xprsl4sc7qqczha4qxs00hpv6q0dc83zxe67h788zkzgtm66rrsq4a8h5:s02-19c826ddd4f-3dfd-group,S02-19c826ddd4f-3dfd-group,npub-namespaced,1,key:2982387e
npub19y42e79s53y5emls4zc6jrk6gxzlyv03htf5ghxrzrxsp7q352vqjkvkp4:closed-gw-inherit-mmd5f8lj-llavfk,closed-gw-inherit-mmd5f8lj-llavfk,npub-namespaced,1,key:292aacf8
npub19yhx9pe85zn4mmx7hahwedrsklst0sjjrvjwpfz48cnzv8lm3mcqth6hy4:theChangaFamilyChat,The Changa Family Chat,npub-namespaced,1,key:292e6287
npub1a0pcua49z6za84d92l0ujgcp0ns8jqx32g08gsgp7mkntxjy5kys3s09dz:closed-gw-inherit-docker-mmcqbbin,closed-gw-inherit-docker-mmcqbbin,npub-namespaced,1,key:ebc38e76
npub1a5pfhyj023fmfne0tmp6rzhw84vwxn2mmct3p36wm8ala0ykhnksghlylq:open-relay-reg-open-offline-gateway-online,open-relay-reg-open-offline-gateway-online,npub-namespaced,1,key:ed029b92
npub1a5qyvu90nu6crkvsudeqhxl6t5cnegzawafpgc42ccugqhcsswrsqjcwl7:closed-gw-inherit-mmcxtnsk-bpculb,closed-gw-inherit-mmcxtnsk-bpculb,npub-namespaced,1,key:ed004670
npub1a78uw8rmk2qh6u2f9nx4nwrtpwxshm2fxdfegx5dss3mxf4lyy0sfdgl73:bobsTuna,bobs tuna,npub-namespaced,1,key:ef8fc71c
npub1a78uw8rmk2qh6u2f9nx4nwrtpwxshm2fxdfegx5dss3mxf4lyy0sfdgl73:fuckmycock,fuckmycock,npub-namespaced,1,key:ef8fc71c
npub1a9c7n25e2fp8f70un50a6zje7f4g66d50tcsmsvtefgzheuwhhaq84n4f5:direct-host-online-mnxx6r7i,direct-host-online-mnxx6r7i,npub-namespaced,1,key:e971e9aa
npub1a9wp02dn2dwz0khafd9mkf37mkcu6t2xjthfgkmw2g7qws999fmq6ngae2:yuckyButtzBobs,yucky buttz BOBs,npub-namespaced,1,key:e95c17a9
npub1aafxc5d8kxtwcza4htwm45dkf6sxdav26yrqcxzcjylktxxastjs63kzpt:s09-19c83c666a1-0315-group,S09-19c83c666a1-0315-group,npub-namespaced,1,key:ef526c51
npub1acsacha3kfqlsuqukx90s7nh92zrc3ja4ctz8xam7qc20pyrukmqteute9:closed-relay-reg-closed-online-gateway-offline,closed-relay-reg-closed-online-gateway-offline,npub-namespaced,1,key:ee21dc5f
npub1adfju4g5smqs3k70gvva94dvjfevhk6d747rk6aardl7fcc606vsxl4t66:closed-gw-inherit-mmd5srll-t3723c,closed-gw-inherit-mmd5srll-t3723c,npub-namespaced,1,key:eb532e55
npub1af8kr22vglk0ts0uwemd8n49xu5dztc54t98tkcayut9hj98vucqk82lmx:closed-gw-inherit-docker-mmcqqek0,closed-gw-inherit-docker-mmcqqek0,npub-namespaced,1,key:ea4f61a9
npub1afcm25h5zt2urnjqyfc5ntztch4p0h3ja5hcvtmx85dlhyjy6hzqru5rvv:gloriousBobs,Glorious BOBS,npub-namespaced,1,key:ea71b552
npub1ahw6legpwt8jw2zpcp6kelegsnqsjaxpx40ltqk3w69pl2ru07xsmj49cc:girthyDonks,Girthy DONKS,npub-namespaced,1,key:edddafe5
npub1anmrkx563uerg373r8p4cunud3e5kkpl07yz2jaq2kf9nzuwazcqd3xwlc:theSillyBoys,The Silly Boys,npub-namespaced,1,key:ecf63b1a
npub1ap7xk3aakzaur0rr68ww5gzqhc3jlpsvy7mxwd5afhughakw857qr5gk53:test134Fresh,test 134 fresh,npub-namespaced,1,key:e87c6b47
npub1apcss2mj3xjlx6u50nv7edstux6e2zjvkm6ykwrngmgpc4fuazmsm669xa:closed-gw-inherit-mme5l7jm-9rnfqp,closed-gw-inherit-mme5l7jm-9rnfqp,npub-namespaced,1,key:e871082b
npub1aqe6nqfxewzkpltkfkfu8kgnwsenylq3cessssul572p8rhkmuzsktsuy0:stinkyBolls,Stinky BOLLS,npub-namespaced,1,key:e833a981
npub1av6qxwtussryanx2zv7z9wyqdu3gsh7ps33fhe84vh32rzqhjdfqe0uhj4:open-relay-reg-open-direct-join-only,open-relay-reg-open-direct-join-only,npub-namespaced,1,key:eb340339
npub1avq4kvf9y6jvx95t36qhcm9j7y8gh9wkmwrz5cxdt90zf6kcw92qnzm5jg:retardCity,retard city,npub-namespaced,1,key:eb015b31
npub1ax5stccads7qju3z902neun372ghjntggtwe9ec4xrn2gq8gruyq64t8ev:senorCoyote,senor coyote,npub-namespaced,1,key:e9a905e3
npub1ax5stccads7qju3z902neun372ghjntggtwe9ec4xrn2gq8gruyq64t8ev:senoritaTubes,senorita tubes,npub-namespaced,1,key:e9a905e3
npub1ax5stccads7qju3z902neun372ghjntggtwe9ec4xrn2gq8gruyq64t8ev:stinkfinky,stinkfinky,npub-namespaced,1,key:e9a905e3
npub1ax5stccads7qju3z902neun372ghjntggtwe9ec4xrn2gq8gruyq64t8ev:stinkypinky,stinkypinky,npub-namespaced,1,key:e9a905e3
npub1ax5stccads7qju3z902neun372ghjntggtwe9ec4xrn2gq8gruyq64t8ev:timeforRelay,timefor relay,npub-namespaced,1,key:e9a905e3
npub1ay65xdf7y3res8nnqvy7nkyjswq2n64zk96uwe4p6cx8kdmyg03svdvqm9:closedjoine2e-1772305806604,ClosedJoinE2E-1772305806604,npub-namespaced,1,key:e9354335
npub1c0jsgh3zc336h3mwzk09k2a6jsv30m9fp2uuleddk0qc84gtqh7sax8dkv:open-relay-single-open-offline-gateway-online,open-relay-single-open-offline-gateway-online,npub-namespaced,1,key:c3e5045e
npub1c3299w0ya40wldq9hg3hmdq7ke00gtm3n677uyksjx5suzme6qsssa7kks:cross-machine-open-mm4jvpo5,cross-machine-open-mm4jvpo5,npub-namespaced,1,key:c45452b9
npub1c3yq96esu9mequpntdnyx5svhur6g0ac4cvdy495a2ll2exvxjyqze3kf4:closed-gw-inherit-mmd5nois-vy0syf,closed-gw-inherit-mmd5nois-vy0syf,npub-namespaced,1,key:c44802eb
npub1c400w2mlcq5aka9eg2cup60jjp380flyl45zxcdy7y9fpzt7s7kshqxwf3:s10-19c82f85a38-900d-group,S10-19c82f85a38-900d-group,npub-namespaced,1,key:c55ef72b
npub1c45er022vf3yh00v2wc4agzj3cg8nw9c2qtpqd63evqdfmv8cpmsk7gr5f:cross-open-mmli7ilo-85fcb8,cross-open-mmli7ilo-85fcb8,npub-namespaced,1,key:c56991bd
npub1c6kxrrsrz4srhykd0w64xh2d3rvnljx9gmcrrgv7y2mmu6g4wj0s9hav80:sillyboyPooCrew,SIllyBoy Poo Crew,npub-namespaced,1,key:c6ac618e
npub1c7h5r7drwlhnjtlf2q0ap3e7ypwckknv5qcfhjrrpwg85zpp8h3sam20qy:cross-machine-open-mm4gjuh8,cross-machine-open-mm4gjuh8,npub-namespaced,1,key:c7af41f9
npub1c86frpdadu73v626lmke8yte0acvewsjm0x4wt2057sjw9c2kq9s3p0570:open-gw-inherit-mmee31ic-gkwv1p,open-gw-inherit-mmee31ic-gkwv1p,npub-namespaced,1,key:c1f49185
npub1c8vsamrd3h4ar8s3mznz0ejh9k2jpwrx6a33zjev7lxphptqsrdqg2439l:s11-19c828515eb-6052-group,S11-19c828515eb-6052-group,npub-namespaced,1,key:c1d90eec
npub1c8wg5ghxyr5kv3kk0n0rn0zuxdzx6wy60nr6uved4du0r76jq5ysy0tac8:s08-19c82bb77bc-83c7-group,S08-19c82bb77bc-83c7-group,npub-namespaced,1,key:c1dc8a22
npub1c99vf8qlwhqw6fs3ka0my58dev43azxstqxer7g7za48rlewcxas95pn9f:testPogopompo,test pogopompo,npub-namespaced,1,key:c14ac49c
npub1ccz3ag6thxxrqdqen9sayahwwf5mde7hat7rq3zvrfnm6qfruq7s0gxtp6:cross-open-mmmcmqfy-4ad06b,cross-open-mmmcmqfy-4ad06b,npub-namespaced,1,key:c6051ea3
npub1cdwgu38629cr52whapvdha59ssdd9q6lcccgxa84l6e433dvjcgsk372az:testerFamilyEstate,Tester Family Estate,npub-namespaced,1,key:c35c8e44
npub1ce3wfpm4jns9xwem804eqzh4yny8je3a6jffxdve6s5khcs9m8gqxu4fpn:direct-host-online-mm7dnr2k,direct-host-online-mm7dnr2k,npub-namespaced,1,key:c662e487
npub1cfjtpna4h0yvmc8k26tqhras7ata2vp2z0lckwyhxqx5fv4r9hnsm0s6zv:closed-gw-inherit-mmd6hcmn-vvx10q,closed-gw-inherit-mmd6hcmn-vvx10q,npub-namespaced,1,key:c264b0cf
npub1cfxg2dnen7cgqxrqt8twmpwcnuws2ud822g6w3wrecv3jrhv8kvss646qn:open-relay-reg-open-direct-join-only,open-relay-reg-open-direct-join-only,npub-namespaced,1,key:c24c8536
npub1cg27ckhsuqhh7ykwa9cq4etg2u88eudweay9yf224ley6njulf6sk3ns9d:gilbertGrops,gilbert grops,npub-namespaced,1,key:c215ec5a
npub1chdtnccxw9h7fl954d35gvvh6mf4nxfvj6uemhts3saa9u6x729s8d689s:hugoChavez,Hugo Chavez,npub-namespaced,1,key:c5dab9e3
npub1chwgd2luznergrpna96mfwj4ywx04re7lxmp9ye3swrpnas8u6wqrtnqav:stankboyButtz,Stankboy Buttz,npub-namespaced,1,key:c5dc86ab
npub1cpmhl5jqh6ndte7f9y9pypp8rykg0d3aja0h7ykt5k80nz27veksg525zl:pizzaPieGuy,pizza pie guy,npub-namespaced,1,key:c0777fd2
npub1cst5tx9vlu0ur73qzr6jqmu6wrgvpxgxfyyyexh7hrmpvd8uzj4s8tqr8f:joinmatrixe2e-open-1772303748139,JoinMatrixE2E-open-1772303748139,npub-namespaced,1,key:c4174598
npub1ctr0rrp3dpgztp7697n29ed6kdclkzmcwnz8pmcgppmhxk5f3h6sh96fsp:s01-19c83a12423-4f6d-group,S01-19c83a12423-4f6d-group,npub-namespaced,1,key:c2c6f18c
npub1cx96nkwsyee9h5k44nd8lxys9p3mq7vlx5rfr0wtgk0523h6humsy4fyvx:chimneyBeans,chimney beans,npub-namespaced,1,key:c18ba9d9
npub1cx96nkwsyee9h5k44nd8lxys9p3mq7vlx5rfr0wtgk0523h6humsy4fyvx:diggitydogSloppy,,npub-namespaced,1,key:c18ba9d9
npub1cx96nkwsyee9h5k44nd8lxys9p3mq7vlx5rfr0wtgk0523h6humsy4fyvx:golapagosIslandTuna,golapagos island tuna,npub-namespaced,1,key:c18ba9d9
npub1cx96nkwsyee9h5k44nd8lxys9p3mq7vlx5rfr0wtgk0523h6humsy4fyvx:monkeybizniss,,npub-namespaced,1,key:c18ba9d9
npub1cx96nkwsyee9h5k44nd8lxys9p3mq7vlx5rfr0wtgk0523h6humsy4fyvx:poopooPlatter,poopoo platter,npub-namespaced,1,key:c18ba9d9
npub1cx96nkwsyee9h5k44nd8lxys9p3mq7vlx5rfr0wtgk0523h6humsy4fyvx:pushinpoops,pushinPOOPS,npub-namespaced,1,key:c18ba9d9
npub1cx96nkwsyee9h5k44nd8lxys9p3mq7vlx5rfr0wtgk0523h6humsy4fyvx:saladaTossy,salada tossy,npub-namespaced,1,key:c18ba9d9
npub1cx96nkwsyee9h5k44nd8lxys9p3mq7vlx5rfr0wtgk0523h6humsy4fyvx:sloppinPupusa,sloppin pupusa,npub-namespaced,1,key:c18ba9d9
npub1cx96nkwsyee9h5k44nd8lxys9p3mq7vlx5rfr0wtgk0523h6humsy4fyvx:soupychacha,,npub-namespaced,1,key:c18ba9d9
npub1cx96nkwsyee9h5k44nd8lxys9p3mq7vlx5rfr0wtgk0523h6humsy4fyvx:stinkyChalupa,stinky chalupa,npub-namespaced,1,key:c18ba9d9
npub1cx96nkwsyee9h5k44nd8lxys9p3mq7vlx5rfr0wtgk0523h6humsy4fyvx:tossySalada,tossy salada,npub-namespaced,1,key:c18ba9d9
npub1czqy4leqdjf7apyvamjsusy34p6kxuwuzuhqryssd9he38sx0zfq9vt4lp:rootfixopen-1772308751983,RootFixOpen-1772308751983,npub-namespaced,1,key:c0804aff
npub1czuegh66xz4tpluggqhuez2rggqajepttuysusmvr6l0t6xatsfs8yxx4l:cross-machine-open-mm4fmb20,cross-machine-open-mm4fmb20,npub-namespaced,1,key:c0b9945f
npub1d2ydn3p0h43y602lnc39a8dpmjl5r3n9wkpved5t0ge935z7emtsz5eqcd:s18-19c8394dfbe-ec46-group,S18-19c8394dfbe-ec46-group,npub-namespaced,1,key:6a88d9c4
npub1d39cckkhpkdn8gq44tsx4j4gdp9ardzma457wtyksj0f90ysruhql8wa4t:testBooga,test booga,npub-namespaced,1,key:6c4b8c5a
npub1d3m6ezhakvncnsacqvjuxe0eml2zwrtdswkf0jlq30n3jh9tql6sd3kj3q:stankyLadies,Stanky Ladies,npub-namespaced,1,key:6c77ac8a
npub1d5rtzxrr482a6ampchxca06dzhhnq868kg84sz477muwqkvfsatq3xkhj8:direct-host-online-mnxztzr3,direct-host-online-mnxztzr3,npub-namespaced,1,key:6d06b118
npub1d6t3l9spmqr46v69dp65r4ettuhwrns3ylk7wp0qg5943fdfey2q8x8wpk:theDentists,The Dentists,npub-namespaced,1,key:6e971f96
npub1d8p7cv00x52thr5qvmtzd3prp8dyycdp58mk6v4uxwr2vapwrhwsqezm47:indeedItIsNice,indeed it is nice,npub-namespaced,1,key:69c3ec31
npub1d8vgx7c09uhrczv7t33arjlyduwnt3rq5yckpxha5p66m5wgaersg0r3u9:closed-gw-inherit-mmcmfqxc,closed-gw-inherit-mmcmfqxc,npub-namespaced,1,key:69d8837b
npub1d9u6r3aun7xcj87n5kexntcs2kpe7sz8a8unxftzdqmecyfm2gzqf7kwht:s08-19c836dab04-802e-group,S08-19c836dab04-802e-group,npub-namespaced,1,key:6979a1c7
npub1daa4nr3ralyjqua2swej30jrkah3c7udsudwxg0uxz459zdtl4cszg6fwl:closed-relay-single-closed-offline-gateway-online,closed-relay-single-closed-offline-gateway-online,npub-namespaced,1,key:6f7b598e
npub1dackxz89249mkfeyywwua8ud2sgr5zs8uaj7jr2lfs0gxn44tvws4c6p2g:s18-19c8293f898-c38d-group,S18-19c8293f898-c38d-group,npub-namespaced,1,key:6f716308
npub1ddjh7fpehz0zk8fv2udvttna5d2h53ua07epaf98fttex5z88nyqagnk0e:closed-gw-inherit-mmd5bn5n-365b1v,closed-gw-inherit-mmd5bn5n-365b1v,npub-namespaced,1,key:6b657f24
npub1ddx5rz4z0uvlsq8fcpzhg6myedy27wdj6payux659sqgyazkw8eqf5r398:pub-closed-admin-mm60avyc,pub-closed-admin-mm60avyc,npub-namespaced,1,key:6b4d418a
npub1ddx5rz4z0uvlsq8fcpzhg6myedy27wdj6payux659sqgyazkw8eqf5r398:pub-closed-request-mm60644z,pub-closed-request-mm60644z,npub-namespaced,1,key:6b4d418a
npub1ddx5rz4z0uvlsq8fcpzhg6myedy27wdj6payux659sqgyazkw8eqf5r398:pub-open-mm602ulo,pub-open-mm602ulo,npub-namespaced,1,key:6b4d418a
npub1dedtf4ap3778t5554zsehl9hufhvqut3gyr0zpzsu23aq3n2pfxqek7sjf:open-relay-contract-gateway-unassigned-error,open-relay-contract-gateway-unassigned-error,npub-namespaced,1,key:6e5ab4d7
npub1dg69dekcl9949xn3pjpmpm5r48g4g7ujswlnqjnxpgpmmp5eu9zqmcmuuj:open-relay-single-open-offline-gateway-online,open-relay-single-open-offline-gateway-online,npub-namespaced,1,key:6a3456e6
npub1dhu2c70f6zlvcyvwwtgveuws8jp6035s0aq73vajnpqf34cad5asltd3r2:frogeCity,froge city,npub-namespaced,1,key:6df8ac79
npub1dj82spacdy2245s86233cvtntvhcas50atwqjgcwt6m22e7ku92s9ghvdn:testDentist,test dentist,npub-namespaced,1,key:6c8ea807
npub1dq69ha6xlwcsv5ghpt56xg4nazhjl0tplsqp2sgf6dhyhklu7w4s24vqe8:s12-19c82bf7324-8e64-group,S12-19c82bf7324-8e64-group,npub-namespaced,1,key:68345bf7
npub1ds2naxsd3qjx7mwyqmctwm45a6ndy0wz9wskw80wg32e8wz08vhqfdpkk8:papadrive,papadrive,npub-namespaced,1,key:6c153e9a
npub1ds9fsvv9wvp0mlq8szmq97uj6par5hnazxktmfwg2tesjn7g5ljsf4k7sw:closedjoine2e-1772306710662,ClosedJoinE2E-1772306710662,npub-namespaced,1,key:6c0a9831
npub1dsw29ny8s57r02gnnj4dpakply2r8wqm4t52gm6vhq8p42mv3vlsvc3g50:skibidiCountryClub,skibidi country club,npub-namespaced,1,key:6c1ca2cc
npub1dsw29ny8s57r02gnnj4dpakply2r8wqm4t52gm6vhq8p42mv3vlsvc3g50:skibidiYachtClub,skibidi yacht club,npub-namespaced,1,key:6c1ca2cc
npub1dsw29ny8s57r02gnnj4dpakply2r8wqm4t52gm6vhq8p42mv3vlsvc3g50:supremeMachine,supreme machine,npub-namespaced,1,key:6c1ca2cc
npub1dtw7r034rxmy8qxwwkdknfev7n6thzwaytugu9hrutf8nl4rdd3smym7rm:floppersBeanBagToysForChildren,floppers bean bag toys for children,npub-namespaced,1,key:6adde1be
npub1dtw7r034rxmy8qxwwkdknfev7n6thzwaytugu9hrutf8nl4rdd3smym7rm:goomba,goomba,npub-namespaced,1,key:6adde1be
npub1duyyc2zgtu7ekjcsq89yf89ddp4nnkd0zyca0a79967x4srw7klq28fsy4:open-relay-reg-open-offline-gateway-online,open-relay-reg-open-offline-gateway-online,npub-namespaced,1,key:6f084c28
npub1dvpdh5mr5zzaxdw0lvv3r7cu77nvwp97zapz6qzdc2gywgyd5r3q5r8kew:testToopa,test toopa,npub-namespaced,1,key:6b02dbd3
npub1dwhnh3nlqautr877lkxqz8rtclkcffkfqzwxqr0tw6r2fe5x8sdq05p6fj:direct-host-online-mny0isgc,direct-host-online-mny0isgc,npub-namespaced,1,key:6baf3bc6
npub1e2kgas2c9wyzds5eq93gqzzep79lfcjn7zhymdp20cpsvyk6t6rsnnxlp9:s17-19c83d8bc5b-ce0e-group,S17-19c83d8bc5b-ce0e-group,npub-namespaced,1,key:caac8ec1
npub1e2puud60gsasl6uhg49za2xp0ankc8x7eru2f8ftft0wnr77gykswmqgjm:s02-19c8275209e-6371-group,S02-19c8275209e-6371-group,npub-namespaced,1,key:ca83ce37
npub1e3vwmm5dk7qtc8sxmnh4nr7hwlyc9l509697ep6urrncy5kgt9rsc2v235:open-gw-inherit-mme88j8b-ct7j48,open-gw-inherit-mme88j8b-ct7j48,npub-namespaced,1,key:cc58edee
npub1e47j2f690ezrqy0zdkcwta4wz9t3d3daargp6ntwalkc36havjfs7m57gc:cross-open-mmliirfm-942ac7,cross-open-mmliirfm-942ac7,npub-namespaced,1,key:cd7d2527
npub1e4cpd294ylfj7qr5t8mwarcmhkw7mnrjhsxgeqfqye60e9k57hasahze4s:timeForATest,time for a test,npub-namespaced,1,key:cd7016a8
npub1e4y7u4ctpfuj22y7q5rnhs070q3hagntplsy3d92fnuxghk3tt8qy0g8k7:testBoops,test boops,npub-namespaced,1,key:cd49ee57
npub1e5rtlyqepang29pnq2jjzcxq99qmlwl3hgaypah5cx78yuq329sswellfh:closed-gw-inherit-mmclv82x,closed-gw-inherit-mmclv82x,npub-namespaced,1,key:cd06bf90
npub1e8ntsvq8w7kl4m2q246x0gr7wzp40x62r7pae00zkuaa7ysk2sqsywngnq:pumpkinParty,Pumpkin Party,npub-namespaced,1,key:c9e6b830
npub1ec62wqngj5qyc6yvtg7056lw9as4twkkfxzefslhue4z6jy42y4q73v2jd:testMonkey,test monkey,npub-namespaced,1,key:ce34a702
npub1eee67esk2plet6a6hgd03a6pukzh8u7pjc6w946pz8r42q9rxwkqe87cj7:frenchHeadFiesta,French Head Fiesta,npub-namespaced,1,key:ce73af66
npub1efnugsjw3fd0rlxaxtzd6vqu092re5sqlgp2hhrc2e636cwz06aqwg8yln:clownBukkake,clown bukkake,npub-namespaced,1,key:ca67c442
npub1eg8ckunjts7hj564rdkgvfh7z7qztmv8uxlrvr5es9cfjmakpdqsm06adn:s21-19c82d1c31e-4e46-group,S21-19c82d1c31e-4e46-group,npub-namespaced,1,key:ca0f8b72
npub1egsdm5zgt7p0egep5e5zuh5u43s7eu2x4340hv3lfyskxxeajl2sluv9p6:s02-19c825bd45f-82fb-group,S02-19c825bd45f-82fb-group,npub-namespaced,1,key:ca20ddd0
npub1ejahwqlmxnttngd7c5ev7q5tffv404pa8nnycnf6d0qtmjstgz9qsnwsve:closed-gw-inherit-mmdr7big-r5w7qu,closed-gw-inherit-mmdr7big-r5w7qu,npub-namespaced,1,key:ccbb7703
npub1ekl4874m6cxtmsw472n307tqcwz8x99gph7e9vqqsv9e0l3nmp5qt5vw6t:poopToiletMans,poop toilet mans,npub-namespaced,1,key:cdbf53fa
npub1enwzmgkzzes9nskwfr2d7agdq6952jshx4f9ur59kd2dfxtzukqstdcmw5:s10-19c84163038-9bfa-group,S10-19c84163038-9bfa-group,npub-namespaced,1,key:ccdc2da2
npub1epu60rcypt62sjkj6hxxvrke6z4ms368p8k4jcl03gqgas75dg7qxj5jq6:silverHairedPubisClub,Silver Haired Pubis club,npub-namespaced,1,key:c879a78f
npub1eu2px0myn2dghl9geyeal7ajjl68chhedu9785gkuf88p8clpsms9cgkmt:s08-19c838e597f-289b-group,S08-19c838e597f-289b-group,npub-namespaced,1,key:cf14133f
npub1eupr7jyqtqe6ku6uwlh0xu92p5qhtamc42yw4cvdkh5h504dw4lqje336j:open-relay-single-open-offline-gateway-online,open-relay-single-open-offline-gateway-online,npub-namespaced,1,key:cf023f48
npub1eusgg5746srynpyrhlmurxry2sz7ljunpsxrrwlenx4fjsu5kuyq5c2da0:pub-closed-admin-mm634k1h,pub-closed-admin-mm634k1h,npub-namespaced,1,key:cf208453
npub1eusgg5746srynpyrhlmurxry2sz7ljunpsxrrwlenx4fjsu5kuyq5c2da0:pub-closed-request-mm62ze7z,pub-closed-request-mm62ze7z,npub-namespaced,1,key:cf208453
npub1eusgg5746srynpyrhlmurxry2sz7ljunpsxrrwlenx4fjsu5kuyq5c2da0:pub-open-mm62wn91,pub-open-mm62wn91,npub-namespaced,1,key:cf208453
npub1ew24s3fd04ydezvnwzvrqy52d0r7sw7e9zmw8ratkadzh24fwt9q269tpj:s03-19c83a49972-4365-group,S03-19c83a49972-4365-group,npub-namespaced,1,key:cb955845
npub1ewvjdvp9ast68s8qy5zvg8lenxfa9rlvxwa0hm35agnj6g88g7nqp8c3kq:hosted-open-mnxz01oj,hosted-open-mnxz01oj,npub-namespaced,1,key:cb9926b0
npub1ewyqwd5gt7yk533j8cp0ca572vsh0ac70zc3g5pr258a95dw33ts38waz6:open-gw-inherit-mmea7j4s-ucjkxq,open-gw-inherit-mmea7j4s-ucjkxq,npub-namespaced,1,key:cb880736
npub1ey7d5j7dyv5tgkkn2wn2cvn0vfwklrya4ezql2k5s55d6c997wrqg9g9ns:testDongola,test dongola,npub-namespaced,1,key:c93cda4b
npub1f0plq6thygxuqvaq38r5ay87u3d5fg92pa8m9y3zc9lwu2wq9jksukg9a9:closed-gw-inherit-mme8zdba-j4hr7a,closed-gw-inherit-mme8zdba-j4hr7a,npub-namespaced,1,key:4bc3f069
npub1f0u38k0gnz3yk2vuszxv5smsapt79m5tauaxwy4drw97d62z9yfscpsdjg:garbanzoGulag,Garbanzo Gulag,npub-namespaced,1,key:4bf913d9
npub1f3vd0w4hhewgrz6unn9rj25x3udx67kehmrj62u2z44zc984wvgq9jt8e3:testBilfffer,test bilfffer,npub-namespaced,1,key:4c58d7ba
npub1f3zdad423jqfecek4q6yhhhavawqmcsns0d2vwtfrhcv0psgta3sdsje9z:timmychanga,timmychanga,npub-namespaced,1,key:4c44deb6
npub1f5xsxpfhr55efh7rntu98wjc4af475w24a6dvmtrr0q73qq2ry9srht9e9:closed-gw-inherit-mmcm6rv7,closed-gw-inherit-mmcm6rv7,npub-namespaced,1,key:4d0d0305
npub1f67muk6usc5cneuv5544xgc2p5yfuznzayex50jph7u0jw22csgqkqj8vx:closed-relay-reg-closed-direct-join-only,closed-relay-reg-closed-direct-join-only,npub-namespaced,1,key:4ebdbe5b
npub1f9l9jeydzaqzrnn3znlrs8a84ycu5ljzk4x99ut2hryh7mszn3jsg0tn0m:s14-19c828c0acc-a64c-group,S14-19c828c0acc-a64c-group,npub-namespaced,1,key:497e5964
npub1fc6au76v6az5h2gc64htdltp2q38qe28ymgm56adnhjeepn2cxaswwra7x:exclusivo,exclusivo,npub-namespaced,1,key:4e35de7b
npub1fd3vcqnqjkzv0eg6tdxeen7ypazfappw0jnvx2t5f49z63k0uqdsg0puh7:closed-gw-inherit-mme5d6n9-jyhpow,closed-gw-inherit-mme5d6n9-jyhpow,npub-namespaced,1,key:4b62cc02
npub1fe7svw0l8n30ehdujtagm40sgp2r4x3hlwj3t57w0asyk5npnlqsymh2hn:open-gw-inherit-mme756mi-2xlhue,open-gw-inherit-mme756mi-2xlhue,npub-namespaced,1,key:4e7d0639
npub1fgf9zyghrah2lwt5l36c89gw8cf8d2kc3rcjf0dn0hequ9qnw58qm9ahyn:peepeeBossBabes,PeePee Boss Babes,npub-namespaced,1,key:4a125111
npub1fh6wsamyusswvnmfksup7m0pdar637adgw9zkgs3cvlqx8ldaspqq5xw3m:s01-19c83f4a512-f040-group,S01-19c83f4a512-f040-group,npub-namespaced,1,key:4df4e877
npub1fhchwdetyylewvqwks25m3y3dflcy60wuq3cat4vkyheutzdhgfs7v4emx:testStank,test stank,npub-namespaced,1,key:4df17737
npub1fhqhae86lsvmqxq7fqr5xg37c3lmjd7j6tq59ey0x0jka53z2jdqahjmqy:s02-19c83b52b2e-220b-group,S02-19c83b52b2e-220b-group,npub-namespaced,1,key:4dc17ee4
npub1fjt3uudmlc9mk0qtyhc5daqqv3p6m75wtgjqcyx08mjll4dlwsrs46vlvn:open-relay-single-open-offline-gateway-online,open-relay-single-open-offline-gateway-online,npub-namespaced,1,key:4c971e71
npub1fkeuqq6j5mj84f2cpnj0u65246g4w37yc5ajcgzumc06dzxs736q235pre:closed-gw-inherit-mmcyutzw-jyi4g1,closed-gw-inherit-mmcyutzw-jyi4g1,npub-namespaced,1,key:4db3c003
npub1fl0sd366nvzmxf388mkgumdnuwnq2y28w737px4dnhpqnj0d5p4skmnz2q:testFromaggio,test fromaggio,npub-namespaced,1,key:4fdf06c7
npub1flv2r3gq80e45zl7snwmezklrqm3va4pjmvsmkwl2vvl6fg2dk8sfgnxsw:closed-gw-inherit-mme54g45-5bmx5x,closed-gw-inherit-mme54g45-5bmx5x,npub-namespaced,1,key:4fd8a1c5
npub1fnyuue6q3xvt6zfpat64w9p7j4jr5e60u9rv6xpvmanexva9s40q0cyhtu:pub-closed-admin-mm61yr4t,pub-closed-admin-mm61yr4t,npub-namespaced,1,key:4cc9ce67
npub1fnyuue6q3xvt6zfpat64w9p7j4jr5e60u9rv6xpvmanexva9s40q0cyhtu:pub-closed-request-mm61sbeh,pub-closed-request-mm61sbeh,npub-namespaced,1,key:4cc9ce67
npub1fnyuue6q3xvt6zfpat64w9p7j4jr5e60u9rv6xpvmanexva9s40q0cyhtu:pub-open-mm61pkuk,pub-open-mm61pkuk,npub-namespaced,1,key:4cc9ce67
npub1fptc6r2decra43gw30hmv62h8cqftypqn8skrqne0hev8t5f2rcqjuxetn:closed-gw-inherit-mme4zfke-rvr1vl,closed-gw-inherit-mme4zfke-rvr1vl,npub-namespaced,1,key:48578d0d
npub1fqm8fzdvfzt4d7637aae9e4zhh2f4nyufadyk5xyn9238qcgp3rqckygct:rendereropensmoke-1772270490271,RendererOpenSmoke-1772270490271,npub-namespaced,1,key:48367489
npub1frtws4efumqexptqcz8kkfsnh57n0s3y8e5vmpspgd83ezmxp80q4wkvd7:blobbbba,blobbbba,npub-namespaced,1,key:48d6e857
npub1fujyle36mj75dv7uwrvdl0dh5a555470gf0ku3jg8jt304wf56psc53evv:dongDiscussion,Dong Discussion,npub-namespaced,1,key:4f244fe6
npub1fyuw8vew03awd9msttg3w9ln8m6j53dvyl7uu5j4z7dnml7n9c8sjyc06x:showBlobs,SHOW BLOBS,npub-namespaced,1,key:4938e3b3
npub1g22a4v4at9qx4vnhdfwzpz5sknyneqp4lz9rhau98pe96y6nxlys2sf0r5:testBeepStew,test beep stew,npub-namespaced,1,key:4295dab2
npub1g2gwx9et63l3rwek6unv436fkkvzpfpk9retn2jse0rl3l6l85tst06jp4:matrix-group-mm5xw0v7,matrix-group-mm5xw0v7,npub-namespaced,1,key:4290e317
npub1g3f37uemtuggkpamyvjw5d42vn8yvykpmuas8czdehhjl6eg98gsvhsava:elFuegoTamale,el fuego tamale,npub-namespaced,1,key:44531f73
npub1g6vx70m67mzlk56c22zpv476qqcjmdrjj0ffgt27r5dxtwpxcvzsyhfmtf:open-relay-reg-open-online-gateway-offline,open-relay-reg-open-online-gateway-offline,npub-namespaced,1,key:46986f3f
npub1g7amyhhu6zf6cfv3veul7k08cul6cvrn0l004ed2w7yxr5uz42gq9fdakp:closed-gw-inherit-mmcuvft5-bi29vp,closed-gw-inherit-mmcuvft5-bi29vp,npub-namespaced,1,key:47bbb25e
npub1g7d523eq7m8uchs3e2246z40dp2wr6k7dm8kq5qqjt5rje730vhqdpprgn:open-gw-inherit-mmegmkj9-vhc2ci,open-gw-inherit-mmegmkj9-vhc2ci,npub-namespaced,1,key:479b4547
npub1g7rsf6curtrtag5grh4wq9fps04hq5utk85y4j9zxkhxqx2dra3qdgp5pm:testWoople,test woople,npub-namespaced,1,key:478704eb
npub1g979r28685smesk0nm2femdk033lj4ws89nmveh705vsf8vtc36q88u8mw:s10-19c83708ec0-9e2f-group,S10-19c83708ec0-9e2f-group,npub-namespaced,1,key:417c51a8
npub1gcfdyr6etqg4wzmdhjfgf39d5ser4trr8jfn4kyusczv0hyl89ssmdgw5a:open-gw-inherit-mmeht7o2-mfuyer,open-gw-inherit-mmeht7o2-mfuyer,npub-namespaced,1,key:4612d20f
npub1gdcrhvcpy0ky7kkp0p4xvq3vh04rlzw0xsvpwnqsd6wafl8sg9qsqvynm8:open-relay-single-open-offline-gateway-online,open-relay-single-open-offline-gateway-online,npub-namespaced,1,key:43703bb3
npub1gejgrpurhk94wr43cth2qts8cnqnx0t400rtlywl3dze53mxt0rsg0u6gt:hardMoneyHips,Hard Money Hips,npub-namespaced,1,key:46648187
npub1gfdkjumkyhgv7ejk6h87y6uh4jn0w62x49nk03yjja3fh09t6rtslxdxup:testerLitigationFiles,Tester Litigation Files,npub-namespaced,1,key:425b6973
npub1gght3k3qk8hfpema5lfuapcfa5fjcmmqef3lr0sqejr2g43rswdst47lgy:s16-19c8302e71a-535b-group,S16-19c8302e71a-535b-group,npub-namespaced,1,key:422eb8da
npub1gh7td57yf6dksczwckzls4rzr7rz46f0s0547qmjdx4vj4c54f2s70tf8h:closed-gw-inherit-mmd0151g-r0un1h,closed-gw-inherit-mmd0151g-r0un1h,npub-namespaced,1,key:45fcb6d3
npub1ghau6c0a3q750u424vj5xtk0fxaqhu5znl4yk5nwnrpq9f09jdesx5uwrh:yuckyButtzPooshit,yucky buttz pooshit,npub-namespaced,1,key:45fbcd61
npub1ghwt4nsemffsdwtdufaekxd65mytam3hl3gfmzhx7368d28h0s0sue48vr:woopWoop,woop woop,npub-namespaced,1,key:45dcbace
npub1gk0awa7mz5axmnjtgq9qgpw2rglzw7ug9xgya8wrrqtypf66sd4qmdjnjl:closedVegene,closed vegene,npub-namespaced,1,key:459fd777
npub1glf6nqxwx4klmhsfcq8ust67vcv706jwkm827jelyfwh9nwdlsfsh2msme:closed-gw-inherit-mmd12o5u-v9u6s8,closed-gw-inherit-mmd12o5u-v9u6s8,npub-namespaced,1,key:47d3a980
npub1gmzqny95puknm8y7wppfctx8dlfl0gq6l3h0hpd9plhwfweq8cxs07uuvc:s02-19c84076fa0-a7d8-group,S02-19c84076fa0-a7d8-group,npub-namespaced,1,key:46c40990
npub1gu9n50z5dlq0gquu9jyku0dtxq6nnnzlnn89vy2v4d05w5y2y9wsfnpyuj:pub-closed-admin-mm5xj4d8,pub-closed-admin-mm5xj4d8,npub-namespaced,1,key:470b3a3c
npub1gu9n50z5dlq0gquu9jyku0dtxq6nnnzlnn89vy2v4d05w5y2y9wsfnpyuj:pub-closed-request-mm5xdrlw,pub-closed-request-mm5xdrlw,npub-namespaced,1,key:470b3a3c
npub1gu9n50z5dlq0gquu9jyku0dtxq6nnnzlnn89vy2v4d05w5y2y9wsfnpyuj:pub-open-mm5xayn1,pub-open-mm5xayn1,npub-namespaced,1,key:470b3a3c
npub1gugdguggft7n5azp6s5lhmvrqpj3s3f9e54scz56ghvp7tr3us0qgpu2sr:theHotdogBoys,The Hotdog Boys,npub-namespaced,1,key:4710d471
npub1gy5lh92gz9q66j7wr9xvzmq37plksnd2sqzmgenfh727yxf9g5psmz3cz8:closed-gw-inherit-docker-mmcptgyj,closed-gw-inherit-docker-mmcptgyj,npub-namespaced,1,key:4129fb95
npub1gzq5vcdn0ghd2wwwn4qs9pzfusrppe6mtlxhxrdnnl92l39q629q7pl24g:closed-gw-inherit-mmegt703-brv515,closed-gw-inherit-mmegt703-brv515,npub-namespaced,1,key:40814661
npub1h26jsz9hxeay0fppth9w6pmh7qhtgj9a8ec3eyx0jru00khacxcspcnhlc:reallynicerelay,reallynicerelay,npub-namespaced,1,key:bab52808
npub1h2c3hdge4wp64rhsnxhcjtxpn6xh4r8st8klfuxp2uwtt4tc0xmsxmqhhq:closed-gw-inherit-mmd0s2le-esjshe,closed-gw-inherit-mmd0s2le-esjshe,npub-namespaced,1,key:bab11bb5
npub1h2c9sclmrgnuxv2y794d2uftnmkj8k53l43g2xptzuuza4vfla7qapmrjp:s16-19c842330ab-1561-group,S16-19c842330ab-1561-group,npub-namespaced,1,key:bab05863
npub1h33q8nzfu7z9pv8j3knhe3eet9ucgrcwk0cy4u2ahah8fm9dd4rsq624ym:s06-19c83bedf2e-569b-group,S06-19c83bedf2e-569b-group,npub-namespaced,1,key:bc6203cc
npub1h3tfzu2s708wjfyzd6pntuekzuu8zc3xv2prcjdf8sarq9q83jksdcnr9r:congregationOfTheBigChiefs,Congregation of the Big Chiefs,npub-namespaced,1,key:bc569171
npub1h4l39e6cudafa6euk5q876v4wm5fd06z94yzywu62ggxr33ky07sqt8s0m:poopBoySlimes,Poop Boy Slimes,npub-namespaced,1,key:bd7f12e7
npub1h4nwjp4fxve5aec6d6xwek6yxy7ms7jczev0zvxll02p60qa03wqy00q6m:open134-mnyb89jt,open134-mnyb89jt,npub-namespaced,1,key:bd66e906
npub1h9v3cru4n37t32kyz5n5svf8f9wd36kkgc8uax85plq975wr272sucjv25:garbageMenUnited,Garbage Men United,npub-namespaced,1,key:b9591c0f
npub1hcgxrmu927s892an7ejhvcjy8we9yqlhke8d9g566x6ua73mfp3sm56z2g:internationalHouseOfBlobs,international house of blobs,npub-namespaced,1,key:be1061ef
npub1hcmyt59amd3a7uzj3y86sze7dqaqa8yema84nvws6hv0wc9ualeq9emer4:s13-19c83ce1ee6-db74-group,S13-19c83ce1ee6-db74-group,npub-namespaced,1,key:be3645d0
npub1hctkwlytejd8aayznc5zye4l25zdxwzp99uql9cy67ez5nnh9r6s0mrruz:s19-19c9d6c8f84-242c-group,S19-19c9d6c8f84-242c-group,npub-namespaced,1,key:be17677c
npub1he0wy09gqea3cx8znkfkka55sppcezp43esxd2ejljqh9wfzaexqkn3paz:s03-19c83b69c94-806a-group,S03-19c83b69c94-806a-group,npub-namespaced,1,key:be5ee23c
npub1hfdzguvaz826sz62ep7n65ct37llt6wlvegfsrc3wzwnuktcrzps7e6v27:itIsTime,it is time,npub-namespaced,1,key:ba5a2471
npub1hfvk2jr4p879kmkemmchmkgcx6z0hj0pwk79l8954txypynrz7hqrkuaph:poochacha,poochacha,npub-namespaced,1,key:ba596548
npub1hjmmjj5ml5qwde9yfefapclp09qhmz63suu56cz22u2yaujr2vhqqgeye4:matrix-group-mm658764,matrix-group-mm658764,npub-namespaced,1,key:bcb7b94a
npub1hkkmv2nve8sq5jtsu4s0m9ssv7xle9efqv3unwl49lrxlckfdudsshmcg3:open-relay-reg-open-online-gateway-offline,open-relay-reg-open-online-gateway-offline,npub-namespaced,1,key:bdadb62a
npub1hkyrsqqtgs2kanjfvfutwfqjm40e4v85ud0eeh2kfghlll0hk8hs7gac47:zonkdonkey,ZONKDONKEY,npub-namespaced,1,key:bd883800
npub1hlsmehwk7wvp276cu5d6rfpzt3dn26g3a3j2fyt4tnxeeh7f9n5ss88th7:direct-host-online-mmcj12k6,direct-host-online-mmcj12k6,npub-namespaced,1,key:bfe1bcdd
npub1hmcatalqfmnw9nyap57g0teuse4zlu2g0vtxjh9r264k3la5u97q9acuu2:papasfritasexpress,papasfritasexpress,npub-namespaced,1,key:bef1d5f7
npub1hmgnwd2htcupc89ph7qx3uk5gqzup90sr7r428gyl46x7rexymkqml2rjy:closed-relay-reg-closed-offline-gateway-online,closed-relay-reg-closed-offline-gateway-online,npub-namespaced,1,key:bed13735
npub1hrjfz0tccz7xg6lr64mcwnap3f2f9hds5mcyfupzektttla0zqnqskmujx:closed-gw-inherit-mmdqu4bg-dtabzi,closed-gw-inherit-mmdqu4bg-dtabzi,npub-namespaced,1,key:b8e4913d
npub1htkljk00tah64c73y79dc7tvdla2nffldvcdry7mwygp8h0t3arqrqz4su:peepeeParty,PeePee Party,npub-namespaced,1,key:baedf959
npub1hulvkcdrva2zdv5wgwzztlxclfu0gu4mvkzs4qqs5tjapnj9pqxsly7aev:thisIsTuna,this is tuna,npub-namespaced,1,key:bf3ecb61
npub1hwp5ydevtknjuh8am953a34vn2eh69vtfltgvm2zxgdumfcqzqjq7d0mhj:closed-relay-auth-lifecycle-closed-offline-gateway-online,closed-relay-auth-lifecycle-closed-offline-gateway-online,npub-namespaced,1,key:bb834237
npub1hxed5xzagzk80437vrs2wjyh57vs6kfc3hjar0qd7u3798cx5c9s2473u3:open134-mnybg04a,open134-mnybg04a,npub-namespaced,1,key:b9b2da18
npub1hxu0h2pw4ra6z6z7p36stlx7644p0jl8lwj0c2pxperusha5wsjqq50vkw:s16-19c83d6c175-9ffb-group,S16-19c83d6c175-9ffb-group,npub-namespaced,1,key:b9b8fba8
npub1hxxftzxe8th5vxzah3faw6qr7329gvptz8me9czc2a6jfl5emkyq4l8ejp:open-relay-single-open-offline-gateway-online,open-relay-single-open-offline-gateway-online,npub-namespaced,1,key:b98c9588
npub1hxxzr3tllu8jmfuyvhdjhzc0feh52sa54vrw8l4jyjctlls3eguqgzkt2x:garbanzoGang,Garbanzo Gang,npub-namespaced,1,key:b98c21c5
npub1j2cd9xqqyhhqvc60z38znczwjsfhevvfunmd0z0dksyyw44xn44qmezw5p:s02-19c82604d86-ffb8-group,S02-19c82604d86-ffb8-group,npub-namespaced,1,key:92b0d298
npub1j386gcmr2x7fnytx23lkx3g2eax05upqamsef4fyzmd4urx3f9vs0mmang:testClosamaBinLaden,test closama bin laden,npub-namespaced,1,key:944fa463
npub1j5epmey2pjdhhqg88rtsqtfdf5darhklhcxju0sqeknw3c8kuwuqvp0avh:testYuckmeatSandwich,test yuckmeat sandwich,npub-namespaced,1,key:95321de4
npub1jazus3hnpttxcuyzldgtnmy5cxssqxc467pwtg3hfr56wl8g4nwqjrs6u7:s14-19c82ffb165-48a7-group,S14-19c82ffb165-48a7-group,npub-namespaced,1,key:9745c846
npub1jc2ekwyn66996p9t3eacdufj9rsw0xv8apmgks7l637uw033hjlqvmhy0c:test-group-2,test-group-2,npub-namespaced,1,key:96159b38
npub1jc2ekwyn66996p9t3eacdufj9rsw0xv8apmgks7l637uw033hjlqvmhy0c:test-group-private-1,test-group-private-1,npub-namespaced,1,key:96159b38
npub1jc2ekwyn66996p9t3eacdufj9rsw0xv8apmgks7l637uw033hjlqvmhy0c:williamSmithsSphegattiStore,william smiths sphegatti store,npub-namespaced,1,key:96159b38
npub1jcs2wd52zp7m747639gqs3539mthn2q9l7skq9rkavpe7ac4juess7rpxq:open-relay-reg-open-direct-join-only,open-relay-reg-open-direct-join-only,npub-namespaced,1,key:9620a736
npub1jex5fhldya7se2us9z4jn872lygz597sj997nzlvsql2ct2xggtsv4qt4m:direct-host-online-mnxwle4y,direct-host-online-mnxwle4y,npub-namespaced,1,key:964d44df
npub1jfrw97v92p333tsw8zsexyjc7awdm2dsl0tgnvd3czcpjn9yfjusu07nyy:s07-19c82b999c5-4996-group,S07-19c82b999c5-4996-group,npub-namespaced,1,key:9246e2f9
npub1jk6m9rha0783r47j7csrnqeznhrgnhhyc3vduyup0elg9exfks9q3qsc0v:s05-19c83ab2588-fd8c-group,S05-19c83ab2588-fd8c-group,npub-namespaced,1,key:95b5b28e
npub1jkc0yjk5caxz59t8r2ve9k0zytq4rc2edezszag4hfhduxj8ta2snepej6:s09-19c82812f35-dcdc-group,S09-19c82812f35-dcdc-group,npub-namespaced,1,key:95b0f24a
npub1jkck80ntd2tp4jh3lyttw35jpc9zlsdkff742p7vc60upqncp72qevcuga:girthyzonk,GIRTHYZONK,npub-namespaced,1,key:95b163be
npub1jn4609ery6zwmkeplda0wzycd304gyt9kphnfrzrj58qu22u6gdqctvjjk:direct_only_validation_gw,direct_only_validation_gw,npub-namespaced,1,key:94eba797
npub1jpt3fjc59dem6zr8q0fzu3yvdcj9r9zqtl80ljwz05m5lz40mnxqxhge9l:testRosamaBinLaben,test rosama bin laben,npub-namespaced,1,key:905714cb
npub1js8ekdn2x6dtf3qypldue5mjr0yekr0cfnq2ttx3x5r7yhx42w2q0hxz40:closed-gw-inherit-mmdq8ucq-8fxb8b,closed-gw-inherit-mmdq8ucq-8fxb8b,npub-namespaced,1,key:940f9b36
npub1jt6k3v74ywly0xawh4k4sqxesnw265u0rezmnfnzq86fl639prjsrn82xr:pubisHaircutParlor,Pubis Haircut Parlor,npub-namespaced,1,key:92f568b3
npub1jt7skn58whndcdnh7u59qt7gd99408g5h43e50cu73eq7h439p3qtl0r8l:s06-19c8369d01e-deb8-group,S06-19c8369d01e-deb8-group,npub-namespaced,1,key:92fd0b4e
npub1juwk6ugp9250aay2jx2k74rwz57dllw5wz4jrshqhs4uz8mw64psymtwxj:s07-19c82e6e992-bf8a-group,S07-19c82e6e992-bf8a-group,npub-namespaced,1,key:971d6d71
npub1jv6lw6k7cwfu5zkg6x90ud39msrc973hzt2xcy6zt2sfradv5zfsll2sr0:closed-relay-single-closed-offline-gateway-online,closed-relay-single-closed-offline-gateway-online,npub-namespaced,1,key:9335f76a
npub1jvvvz9t7zykpqm2qg9d5znwgjtcj3ulxq5cgwmhytxulcmqxujnqqy3c38:direct-host-online-mnxx2eeb,direct-host-online-mnxx2eeb,npub-namespaced,1,key:9318c115
npub1jx07ags72sq8ldrhzpdtdzxg9na7f6faa7vyfw7q83qqwxcklwequtp5ed:s06-19c82e4f97d-a725-group,S06-19c82e4f97d-a725-group,npub-namespaced,1,key:919feea2
npub1jxt752m48vlnnwz705z02dekjfskjtfl4vr7mxqdtvwy479qcw5q85hs9s:theFrostShoppe,The Frost Shoppe,npub-namespaced,1,key:9197ea2b
npub1k0dtknv23f9f5cg5wfd5glaztv99vpvf99eyukgufd55yr40sfsqwqfv6l:testGuitarded,test guitarded,npub-namespaced,1,key:b3dabb4d
npub1k2dtfx6t7ymjvlhkyx56ptpr6mewzmfhjns8w6wxnswqh352dumqfapcwl:blobCity,BLOB CITY,npub-namespaced,1,key:b29ab49b
npub1k366ze3urr5f8sfqpq6u4k7v9dkf0fa7chcer5jekhvsy3wa5ykqztlz35:shimbleShiny,shimble SHINY,npub-namespaced,1,key:b475a166
npub1k3f7qvvkux8mtueaugaygm32wavq8q0sk9r7wtex0ekjlz0ldeys8u5k76:open-gw-inherit-mmei1kmo-h0gkqf,open-gw-inherit-mmei1kmo-h0gkqf,npub-namespaced,1,key:b453e031
npub1k3gs2ygz4fkxkramrvvk3lp9zzpvjnk56w80e6ckvqhnhe9cm0gq4yz8mm:crazyyBlobs,cRaZyy BLOBS,npub-namespaced,1,key:b4510511
npub1k3gs2ygz4fkxkramrvvk3lp9zzpvjnk56w80e6ckvqhnhe9cm0gq4yz8mm:simpleTuna,simple tuna,npub-namespaced,1,key:b4510511
npub1k4u5guxtatrzetq7nhu6pllg68xq7p2csrukapuv2chtpls92k3qk3x5t4:niceLilTextyBoi,nice lil texty boi,npub-namespaced,1,key:b5794470
npub1k5u8ve5w3gaajkmukxgl6z2hvylzkl0um48w6qfrns8gdzmwzmfs80chxe:closed-relay-single-closed-offline-gateway-online,closed-relay-single-closed-offline-gateway-online,npub-namespaced,1,key:b5387666
npub1k72z2cnd0h9lvv4nu6cex079dd2gg9s45cdvkkd3mpvfln9xqdtq93sad9:testFritarted,test fritarted,npub-namespaced,1,key:b7942562
npub1k8f07pkzlwnqt6ee9ey8v5mz9wx3tmw0p7d4kqulsm5cjjf0sphqe6x5k3:s06-19c840ef91b-8089-group,S06-19c840ef91b-8089-group,npub-namespaced,1,key:b1d2ff06
npub1k8vgumd608hr49xlqppa67vl7tq77vakykxvsmk2aqy30as27m5qkfg5cm:vageneaters,VAGENEATERS,npub-namespaced,1,key:b1d88e6d
npub1k98h8glur0n3jarr4t44ck9tw0jlhjkqxdqn6ngd2u2pcnhzv2rshvfhp9:s16-19c837a70f2-6617-group,S16-19c837a70f2-6617-group,npub-namespaced,1,key:b14f73a3
npub1kacu3366w886zphu70rtj7yg6hwv4llp7jkcmlmftg38r78p4rwstunatr:pooPooMumbai,,npub-namespaced,1,key:b771c8c7
npub1kcjruzszd4dc2635fgsmn09kn0uaa35xycts72enmscc9axg3ggq3nzsup:open-relay-reg-open-online-gateway-offline,open-relay-reg-open-online-gateway-offline,npub-namespaced,1,key:b6243e0a
npub1kekpuevmer4yn0fsxk9qtqewxk28llt47a89a376r25uzm06tsxq3kxzgq:meatloafBoys,Meatloaf Boys,npub-namespaced,1,key:b66c1e65
npub1kga8njeal5t5lz8y5jm64dv2ulvmhvanjem0pn2hdga309hawu8scf0ezm:open-relay-open-offline-gateway-online-instrumentation,open-relay-open-offline-gateway-online-instrumentation,npub-namespaced,1,key:b23a79cb
npub1kgf85z98ztt60clknmnc3c9wjn04lefundl6zvymn6rxscw79y9qmcju2v:yelbertsElbowSauce,Yelberts Elbow Sauce,npub-namespaced,1,key:b2127a08
npub1kh3d0y9ffghw8zzt6ggwtee80fxaq3sy6ztr7l6znp52wxlktkhq2wenz9:s14-19c83d1d376-a48d-group,S14-19c83d1d376-a48d-group,npub-namespaced,1,key:b5e2d790
npub1kht9eulpthwma9qwey0mdjf4s5w092teae83dk4r273dv606gqzs6adlvm:closed-gw-inherit-mmeav3sx-y4uwat,closed-gw-inherit-mmeav3sx-y4uwat,npub-namespaced,1,key:b5d65cf3
npub1khvr7xyzy2jvxasc7tyq895v5ey7p3t82f7z2f3dh239q0a9fnwqp65wy9:s05-19c840cf16f-eede-group,S05-19c840cf16f-eede-group,npub-namespaced,1,key:b5d83f18
npub1kjasqgkvfnxcudtpjkccrdyzhcgnsgsfjx236zd7fu6xj2y5vx9q75p6ge:closed-gw-inherit-docker-mmcr5w6n,closed-gw-inherit-docker-mmcr5w6n,npub-namespaced,1,key:b4bb0022
npub1km6r2txaatf7ulj07dmmf9exg0xpghr8qyd5e5sqy6qcwp6837ys95sanf:open-gw-inherit-mmeei6jy-ckauba,open-gw-inherit-mmeei6jy-ckauba,npub-namespaced,1,key:b6f4352c
npub1kn9ax7rhrx0ndp9xgzmf4rwey8jax7xnekvn2qkuaqygez6gp0qqdg650f:closed-gw-inherit-docker-mmcqhxqv,closed-gw-inherit-docker-mmcqhxqv,npub-namespaced,1,key:b4cbd378
npub1kr7a7thmmmj0g8lsnv7t0a8wcsa3ed807u2ghzu0qfcl9djp0vtqtl4fzx:open-relay-open-offline-gateway-online-instrumentation,open-relay-open-offline-gateway-online-instrumentation,npub-namespaced,1,key:b0fddf2e
npub1kseqt765vks4xmcr86v9g526vym889n0npwnn3g8guzedspnhzhqk4h655:vikramsBobsCollection,vikrams bobs collection,npub-namespaced,1,key:b43205fb
npub1ktwahpm4kfypxcjn08t082zczs8cr3lglwucsu7nxg6hazvup5ts9uyjlp:ohMyGoodnessWow,oh my goodness wow,npub-namespaced,1,key:b2dddb87
npub1kya3c06w0z8maw6rszl8va0qu26pqx8n9jea4vxd9uuyhl507p3qh7r9ra:closed-gw-inherit-mmcmp27n,closed-gw-inherit-mmcmp27n,npub-namespaced,1,key:b13b1c3f
npub1kyg4tcfm5yxuj5q7ss38hz3y9ucjnzu7ml804kvlrk67tt83a4rql3fhy7:closed-relay-single-closed-offline-gateway-online,closed-relay-single-closed-offline-gateway-online,npub-namespaced,1,key:b11155e1
npub1l5vvus6vkdnyraedpejsfdp9yfrakvzwk24f9ylkxqumev395dtqpepy74:s08-19c83282db7-c053-group,S08-19c83282db7-c053-group,npub-namespaced,1,key:fd18ce43
npub1l6eqdmzcun5c8qqgpur6u4v2jpkpw0jctnsh0rgd24ukp7lt4caq090z9h:open-gw-inherit-mmeaoo3n-lpgrau,open-gw-inherit-mmeaoo3n-lpgrau,npub-namespaced,1,key:feb206ec
npub1l7e862ev8wmdn0e0m5vywndafk4kcedx5wtrflcmkyg00cmjk4sqwscrac:stinkyGary,,npub-namespaced,1,key:ffb27d2b
npub1l7g8sjduf4kafkpxchsj88p0yegtn7ac3dm83v7jq0489s0ql7yq4hzunj:magooPooPooHouse,Magoo Poo Poo house,npub-namespaced,1,key:ff907849
npub1l9umdjautupwekghxrq7vtjzuvysl6ps9ulh024p8hvwmmdet5xs2jg64l:lolHahaHa,lol haha ha,npub-namespaced,1,key:f979b6cb
npub1la85ehfgrvqkv9uygzagf22j9wu9fddx3cfr5dkzn528sfqe20tsm5s6tt:s11-19c84181ee0-090d-group,S11-19c84181ee0-090d-group,npub-namespaced,1,key:ff4f4cdd
npub1ldrauaj44xwjvz73kca64c92fr2m48dm9ftsxawyhpj3r0qmp9ksxlcf6e:s20-19c842c223d-dc2c-group,S20-19c842c223d-dc2c-group,npub-namespaced,1,key:fb47de76
npub1lf4e7f2khwmjw308qy7yaamxtg8eua0kv2yrfddlzvwfjhsvg00sckf8k2:direct-host-online-mnxw42ru,direct-host-online-mnxw42ru,npub-namespaced,1,key:fa6b9f25
npub1lmah0shu99mvpf9w878srpmuh3ftckk3e9a2un98hzztfq2uagjskvz3ar:closed-relay-single-closed-offline-gateway-online,closed-relay-single-closed-offline-gateway-online,npub-namespaced,1,key:fefb77c2
npub1lmuehq9pj9m2s3tu3ccqpgh0yznus77upv96ezqalmh8lyq54eysa4dgr3:skinjaminButtonsFunHouse,Skinjamin Buttons Fun House,npub-namespaced,1,key:fef99b80
npub1lnzl5aaxwrvcrm8vyd0zk5car9glznwp7pksm0w29nhgn5pp39kst6pezu:closed-gw-inherit-docker-mmcpj2nv,closed-gw-inherit-docker-mmcpj2nv,npub-namespaced,1,key:fcc5fa77
npub1lqvafz06e4kqlp602qg2stmu2grvts3u6kkph0hat238c70w5pas6qmch7:rootfixopen-1772309729908,RootFixOpen-1772309729908,npub-namespaced,1,key:f819d489
npub1lrt2wh0eq43td0jy3m4gy5f8a2u3lagkaxzzpaud8cdjk2mz5zgq7k59zh:peePeePantalones,Pee Pee Pantalones,npub-namespaced,1,key:f8d6a75d
npub1lvmada340fmy2wqd8qe9am64uwe887050z9ep9gtuhq8kgh5rckq3p0ups:closed-gw-inherit-mmcy7hal-lkn4zw,closed-gw-inherit-mmcy7hal-lkn4zw,npub-namespaced,1,key:fb37d6f6
npub1lwfxpwnxnfppfh0gq66mxa4arglpza8q3ttddum33fzn2hyu656sn2desg:closed-gw-inherit-mmd4wts1-hrxzqm,closed-gw-inherit-mmd4wts1-hrxzqm,npub-namespaced,1,key:fb9260ba
npub1lwuez6unyxnv6mcm02x47ja3nthxrnly7dgrfe7qchxu62wc37wq68w5l9:closed-gw-inherit-mmd4pwbm-lgzwfx,closed-gw-inherit-mmd4pwbm-lgzwfx,npub-namespaced,1,key:fbb9916b
npub1lwyqkdvecunxvk5aujefn7wc6n7tlznt6ygwdp6guc6nrcgqzhdqz448nk:sloppySoupSlurpers,Sloppy Soup Slurpers,npub-namespaced,1,key:fb880b35
npub1lx684tk368xw920v22pedr9pv6rzplk99kuhepu9epy4nefhs58srlq3fx:closedPortalPusha,closed portal pusha,npub-namespaced,1,key:f9b47aae
npub1lyan03ywkruv6m5387n8h7vfmd4ze8ae2gaet9rkv68dkwtyqlksfs9n6w:direct-host-online-mnxvm1ce,direct-host-online-mnxvm1ce,npub-namespaced,1,key:f93b37c4
npub1m0n3eukxqm9cf2lcq0du8dpxcdx2z9fx2xux8z9xaccs97qlwvfsrnk3c0:donotcome,DONOTCOME,npub-namespaced,1,key:dbe71cf2
npub1m6hx3kz7tazqs77ymjy5vp3lhladth8wxc5dvgfxk49ntgyer8qqnl0kjs:open-gw-inherit-mmehja2e-pa37mg,open-gw-inherit-mmehja2e-pa37mg,npub-namespaced,1,key:deae68d8
npub1m6wg4s3ct93ajrdy6qyfgk8rnmc8z6funyvrrahaaazyddcuua8sh0nvys:s04-19c83f66fa2-89ea-group,S04-19c83f66fa2-89ea-group,npub-namespaced,1,key:de9c8ac2
npub1m7a6k4r7ryl702hfc00sxf3gtc00h64rn0cl3us9xrhhfdhw7jcswtnwa0:open-gw-inherit-mmefo6ye-nnuy4q,open-gw-inherit-mmefo6ye-nnuy4q,npub-namespaced,1,key:dfbbab54
npub1m7du8ckcwh69tvva67ruc3szpsvja03dsrwwjgq7kk49x9gfg65sp98kdx:closed-relay-contract-direct-join-only-no-gateway,closed-relay-contract-direct-join-only-no-gateway,npub-namespaced,1,key:df9bc3e2
npub1m9gg0wg24py75gswzqgjw34aa203sjwgcrmzm3ye3zn0evqx76hqlmn49q:direct-host-online-mmciuf6n,direct-host-online-mmciuf6n,npub-namespaced,1,key:d95087b9
npub1mc4nxqjgwsn4x2mc46we6zuzk45xd8qdck7wvjfpxjy7fymtzuvqagzva9:s12-19c8286e1f4-5031-group,S12-19c8286e1f4-5031-group,npub-namespaced,1,key:de2b3302
npub1mf3vcsldzyvf26rtepyqrsvtleuca4p2tg69lsa3z9zfl2zjm7xqkfapm6:direct-host-online-mnxxsx88,direct-host-online-mnxxsx88,npub-namespaced,1,key:da62cc43
npub1mgmh7nfsj02d9w53lqvuyuu8japx9mn7uhm8hjkwsssfn9j4qzgs7xe4sw:s04-19c83a721f6-fac0-group,S04-19c83a721f6-fac0-group,npub-namespaced,1,key:da377f4d
npub1mh3s9njt089uk4a6g29wl82kaa2uuepzfvvmh9688zmt29shvp4szl82qt:open-gw-inherit-mmed7qp7-xavjxi,open-gw-inherit-mmed7qp7-xavjxi,npub-namespaced,1,key:dde302ce
npub1mhge5xfjnxjxl60ry4v0ykpr8pae2x0gjxlx929uqggukv3guenq6l42pc:skinnySkidmarkGentlemensClub,Skinny Skidmark Gentlemens Club,npub-namespaced,1,key:ddd19a19
npub1mjjy3xewud8nd4x2hakydxdr99y3w9avejk7ahnl8fy20pepqsksd9qy3p:closed-gw-inherit-mme4hsq9-b6z1ln,closed-gw-inherit-mme4hsq9-b6z1ln,npub-namespaced,1,key:dca4489b
npub1mngxc277zm5jce08m75a699w2uw0hzkp3sehcgu34hus43nxtfesrgdkv0:s11-19c83c9ef34-fe0f-group,S11-19c83c9ef34-fe0f-group,npub-namespaced,1,key:dcd06c2b
npub1mqdzk8c0jql02xdq446pqz8jx2uhpckjutgs0jn0cczmzx206f7qdttv0u:open-relay-single-open-offline-gateway-online,open-relay-single-open-offline-gateway-online,npub-namespaced,1,key:d81a2b1f
npub1mr2nx6ze82ndkld7gk4vpytxm0u657slt0wxcdax4r293kmla3ps97qhqm:open-relay-single-open-offline-gateway-online,open-relay-single-open-offline-gateway-online,npub-namespaced,1,key:d8d53368
npub1mrsthcqcn23gypdrrdup5x0h56xkx0vjcg4r8j7p6744vvw993lq7gsgfy:s22-19c829d0ca3-0060-group,S22-19c829d0ca3-0060-group,npub-namespaced,1,key:d8e0bbe0
npub1msjtj47jy0tz2n3t0ks6srqvazl9ehv677f2ssqtanrggvrsufdqmtf35r:peePeeLadies,Pee Pee Ladies,npub-namespaced,1,key:dc24b957
npub1mtcgztuup52hlscmcgzadrrpsl6gpvw8tp62w9mjvnh394txd9lqwp553e:gatheringOfTheCucks,Gathering of the Cucks,npub-namespaced,1,key:daf0812f
npub1mwqwt5lnyk4n0u8qnvxylsz9c8w5sq8falugxnpvwcfcxgxfzgeqxafq4u:open-relay-reg-open-online-gateway-offline,open-relay-reg-open-online-gateway-offline,npub-namespaced,1,key:db80e5d3
npub1mxyfdlq9e9rqpc2pyzskr5aldedd0hf23zwlkh3pnrd4h0xr6qzsftp9nu:s21-19c842e5886-4d65-group,S21-19c842e5886-4d65-group,npub-namespaced,1,key:d98896fc
npub1myrscx9laxvarptqpmvcvnvprsdvwac5cr5ss9xfcfed7r0tk07qvewsxf:smileyPoopBoys,Smiley Poop Boys,npub-namespaced,1,key:d9070c18
npub1mzhxduuaphuuzc5mgvpn4qq46warqfetgg42nzlty0a9uhvck0mq9asvf5:pub-closed-admin-mm5skjwj,pub-closed-admin-mm5skjwj,npub-namespaced,1,key:d8ae66f3
npub1mzhxduuaphuuzc5mgvpn4qq46warqfetgg42nzlty0a9uhvck0mq9asvf5:pub-closed-request-mm5sf8u0,pub-closed-request-mm5sf8u0,npub-namespaced,1,key:d8ae66f3
npub1mzhxduuaphuuzc5mgvpn4qq46warqfetgg42nzlty0a9uhvck0mq9asvf5:pub-open-mm5sc4sx,pub-open-mm5sc4sx,npub-namespaced,1,key:d8ae66f3
npub1n0ztpae3g7zt8nr7gfum8jevwjnulzurp7cn2n9w3szkpxzwuhzspaa2en:bombasicBilbo,bombasic bilbo,npub-namespaced,1,key:9bc4b0f7
npub1n2hkdtp33frjxsecjxvcq7nqsfe8venuv66ah58j6eprk3tmcuwq2rd45l:s07-19c827e2816-baa5-group,S07-19c827e2816-baa5-group,npub-namespaced,1,key:9aaf66ac
npub1n3kzhxzgwpl3xruchumvenj00ppz08c2sfkcw8sjupudcswa0t9shwejyg:zerogatewayz,zeroGATEWAYz,npub-namespaced,1,key:9c6c2b98
npub1n3t08ees9wxzxucx80y6ju3fe58l37h7xqdcsu6hqgfc0y7y8h6qlgv897:ricardosTamaleShip,ricardos tamale ship,npub-namespaced,1,key:9c56f3e7
npub1n5c879hvyg9da7dhvnp89rnps0h5xgfzfq82wy7sfwruw0c9gx7qu2awfz:velcroVixen,velcro vixen,npub-namespaced,1,key:9d307f16
npub1n5gr4n7pqa6hl9vc8qveputn3ughkfjtzjgt9wtfcc9hg6yqf6yqvqknnm:closed-relay-reg-closed-offline-gateway-online,closed-relay-reg-closed-offline-gateway-online,npub-namespaced,1,key:9d103acf
npub1n6u4f599dw9c7l9z65l93kghkfx0lf286nvp3y8tugnqcyqnyezsehyvxh:open-relay-reg-open-online-gateway-offline,open-relay-reg-open-online-gateway-offline,npub-namespaced,1,key:9eb954d0
npub1n9pe8yqvtwkmm0jas60ehj7s958wm87fu4e33g8xqj7w4ypnvt8s66gx0c:4skinheads,4Skinheads,npub-namespaced,1,key:99439390
npub1naaf8ytgjwuktj84cdk2svp27qdwmaw4mnv29tjfltpzutglkreqlza575:cross-open-mmljf1q3-dc8827,cross-open-mmljf1q3-dc8827,npub-namespaced,1,key:9f7a9391
npub1ncez5rug3zlrh3j4c75x42szp653ugnwj99wdvrzh8u5phndhz6skn8e88:yesitdostank,yesitDOSTANK,npub-namespaced,1,key:9e322a0f
npub1ncpfh6uw2f5qcc7exrtlwxyj4n9m4rdgey9w5wtfl2tnlcpq98zqu97qg2:senorCafecito,senor cafecito,npub-namespaced,1,key:9e029beb
npub1nd563j9zpga004k07qhh3xt4kulyld449k4w63j7q2ygnpgr4wvqvhpzy6:s12-19c83cc39f2-929d-group,S12-19c83cc39f2-929d-group,npub-namespaced,1,key:9b69a8c8
npub1ndy2jp2fdm5ve7dw5l474gju7xxmdjja3uumzzar4ansvtswlqxq3mggpz:oblongataCasa,Oblongata Casa,npub-namespaced,1,key:9b48a905
npub1neacs267xv2w9uylm9tkxq2wtx6jnvjr5wfj30mu3afcxkc4nk6qdga9ua:open-relay-reg-open-offline-gateway-online,open-relay-reg-open-offline-gateway-online,npub-namespaced,1,key:9e7b882b
npub1ngca5m00tnxlvy2999knnzquwu88g0jqh8zg7sjvcmgxpgwfsf2qhndsdm:s21-19c829b2696-93ef-group,S21-19c829b2696-93ef-group,npub-namespaced,1,key:9a31da6d
npub1nkv3uqa77g0r9n0phez550u4e5l8nfrpmc8uwy7z9q5xaye8mfqqfqskak:cross-open-mmlipmsn-5acd28,cross-open-mmlipmsn-5acd28,npub-namespaced,1,key:9d991e03
npub1nl764urcf8u5svnh38yrgfx4ln4h7uv3lf9eqdxz0rfryzralpws8z364n:s17-19c8291bb01-5b8d-group,S17-19c8291bb01-5b8d-group,npub-namespaced,1,key:9ffdaaf0
npub1nltfe5gfwqrn7rj8vs3r4xxl5rm6ymmdsdvvw4jcac8p6668yz4sru0577:s16-19c828fc636-dc5a-group,S16-19c828fc636-dc5a-group,npub-namespaced,1,key:9fd69cd1
npub1nqqyxfqf033n23s4ytktcy7np84lje98egc8g66jxtgutem605uqvcy65m:papaTuesday,papa tuesday,npub-namespaced,1,key:98004324
npub1nrhvxdhj9pz0ja6hkyg6529prh6cwv54hklvd9y3ac4j8s7gcsrs8kud92:slimeShits,Slime Shits,npub-namespaced,1,key:98eec336
npub1nrju5zeu30aq4hs8uy0n5zrfsl69jrjr2alkh8vsx3qf2vt96jts5st84k:crazyNoCap,crazy no cap,npub-namespaced,1,key:98e5ca0b
npub1nshnen9a97lj2tewvcssms2qw3ly94l3xxjwya6mu5wnqdk42rlqthr929:bilbosCalzoneFiesta,Bilbos Calzone Fiesta,npub-namespaced,1,key:9c2f3ccc
npub1nvtuaj6gv8g72dscj6nhhw2z64a4kqj80c9ps05y30p59dtgljqsymg6w3:jimminyTimmy,,npub-namespaced,1,key:9b17cecb
npub1nydsjekgj0mj0hncwqcmuamq64ty6ulrvh9epql4qn46qnsqj4cq8f2xsw:direct-host-online-mny06fxj,direct-host-online-mny06fxj,npub-namespaced,1,key:991b0966
npub1nzgzyqeem0fvxy8akpgv7cdtry0vn5dnecz46pc30s76efv8fz0qhhxdnr:pub-closed-admin-mny126qn,pub-closed-admin-mny126qn,npub-namespaced,1,key:98902203
npub1nzgzyqeem0fvxy8akpgv7cdtry0vn5dnecz46pc30s76efv8fz0qhhxdnr:pub-closed-request-mny0xsks,pub-closed-request-mny0xsks,npub-namespaced,1,key:98902203
npub1nzgzyqeem0fvxy8akpgv7cdtry0vn5dnecz46pc30s76efv8fz0qhhxdnr:pub-open-mny0uvim,pub-open-mny0uvim,npub-namespaced,1,key:98902203
npub1nzy68kvyad93hlsjm92q9p6ksqrdutw3gd5ssl2l6xja76xlhlyqtxt35k:s05-19c8367925c-860b-group,S05-19c8367925c-860b-group,npub-namespaced,1,key:9889a3d9
npub1nzzzj97l2tjlxq67zf829xzngrhe3032mtjg4shuuupn4xnmyp3q4azrgk:closed-gw-inherit-mmd69s3u-ojb8dl,closed-gw-inherit-mmd69s3u-ojb8dl,npub-namespaced,1,key:98842917
npub1p4dnhppaztl06t0gvuwrd0r7ff5fmez445j3rlt7hajzc80e4njqzavt06:open-relay-single-open-offline-gateway-online,open-relay-single-open-offline-gateway-online,npub-namespaced,1,key:0d5b3b84
npub1p728cqx4h53qcy2duqhdd2ayfxchwje7afspnf6wxaxf2e7ydv7q0jml64:dosMilDos,DOS MIL DOS,npub-namespaced,1,key:0f947c00
npub1p728cqx4h53qcy2duqhdd2ayfxchwje7afspnf6wxaxf2e7ydv7q0jml64:queefLatifa,QUEEF LATIFA,npub-namespaced,1,key:0f947c00
npub1p7rhwc5vyqpnfdxr3hfv3k8mwmejtz933kd7v6s4xsww7w6qnydqpux52x:pissinBillysPantsParty,Pissin Billys Pants Party,npub-namespaced,1,key:0f877762
npub1p8z0acfky9nd695vl3g630mu4mhlrq7ghvphm78f6xsuakdt8evszqtaej:open-gw-inherit-mmedjymz-3ncmbw,open-gw-inherit-mmedjymz-3ncmbw,npub-namespaced,1,key:09c4fee1
npub1p9jeug4lu9fewldefp4tfqjd32e7sv49463ypfgulc5f05glvk0q4d9txa:open-relay-reg-open-online-gateway-offline,open-relay-reg-open-online-gateway-offline,npub-namespaced,1,key:09659e22
npub1pf485c3dr9l462c6urnmz8f49p740fkk9xln9rfqcham446trx8skl5468:privateDonk,Private DONKS,npub-namespaced,1,key:0a6a7a62
npub1pfwkdzt86t026hwundru5hydyxeawlz7lvznzylca4mzl2k72wxqs9t8up:closed-gw-inherit-mmcjwfj3,closed-gw-inherit-mmcjwfj3,npub-namespaced,1,key:0a5d6689
npub1ph0mg482pvr3qvl0djw8upsp292nt379tz4l9m8u6lpjjwm6ps5s7fukm7:closed-relay-auth-lifecycle-closed-offline-gateway-online,closed-relay-auth-lifecycle-closed-offline-gateway-online,npub-namespaced,1,key:0ddfb454
npub1ph2akju004z0nzwnf6q5m5y2msn835y83upg999ynwwtwczz08dq5pn03v:closed-gw-inherit-mmebaav9-cnu4qm,closed-gw-inherit-mmebaav9-cnu4qm,npub-namespaced,1,key:0dd5db4b
npub1phtnqpcw0e9sezf9v84hgnvundskvkm7dqq577wa4vrtr8kse3vqhu5kle:yuckyButtzClosed,yucky buttz CLOSED,npub-namespaced,1,key:0dd73007
npub1pj2cpqmm909wzjmuj4d9tddklapxfulj4kd87mhlc93hdr59admsdyl4qf:open-relay-single-open-offline-gateway-online,open-relay-single-open-offline-gateway-online,npub-namespaced,1,key:0c958083
npub1pj544697dtd7m4d6avkq46d5l3n6kw9lnelz0rnwtkvz7xl57rys7ndla6:fallopianToob,fallopian toob,npub-namespaced,1,key:0ca95ae8
npub1pj544697dtd7m4d6avkq46d5l3n6kw9lnelz0rnwtkvz7xl57rys7ndla6:papaJimmy,papa jimmy,npub-namespaced,1,key:0ca95ae8
npub1pj544697dtd7m4d6avkq46d5l3n6kw9lnelz0rnwtkvz7xl57rys7ndla6:timmyTuesday,timmy tuesday,npub-namespaced,1,key:0ca95ae8
npub1pk9auwpvgdpqkrtqvhyy82kwyrr36ge8vsknrgt6vfwuw3ygmvfq5hcftj:closed-gw-inherit-mmeclhkb-clf63o,closed-gw-inherit-mmeclhkb-clf63o,npub-namespaced,1,key:0d8bde38
npub1pklf3j0r9axh432w8c0lf66czw9gjhmcdclrqe23stleffxegypqymrwz6:closed-relay-contract-direct-join-only-no-gateway,closed-relay-contract-direct-join-only-no-gateway,npub-namespaced,1,key:0dbe98c9
npub1planp4cagtzrcnrlhqzf2g2cph09dny3gqzkst3dk8ukrnr859uq6vj30n:closed-gw-inherit-mmd6wvzn-3wbnkf,closed-gw-inherit-mmd6wvzn-3wbnkf,npub-namespaced,1,key:0ffb30d7
npub1pmpx93xpk3wf9ygf0sd7lfkw6xzwzt84s6vyza4pyu2u6ekd2vjqaw0jey:open-relay-open-offline-gateway-online-instrumentation,open-relay-open-offline-gateway-online-instrumentation,npub-namespaced,1,key:0ec262c4
npub1pmxjkh0eqxr9g5cl27kluagg9ytvtaftmva5kxn37k3pcy4nnvdqk3fx7w:bobs4Testing,bobs 4 testing,npub-namespaced,1,key:0ecd2b5d
npub1pn9h4e3qrmrtturej2zryqdmzj04j02gtgehykwar7ncqp2v9g5q3nju4x:closed-gw-inherit-mme6m9dv-oq906g,closed-gw-inherit-mme6m9dv-oq906g,npub-namespaced,1,key:0ccb7ae6
npub1psl3jdsu38kj7vs5napkg8y97utcs5ajs7gn4r6fjzkdrqwrwjusn48mcc:direct-host-online-mnxxbmhs,direct-host-online-mnxxbmhs,npub-namespaced,1,key:0c3f1936
npub1psqkk3zgg3n98aussh9vl0wtl3x2w65gh5svfgwzttkyka20a78qk0rxfz:freshBoyBurgers,Fresh Boy Burgers,npub-namespaced,1,key:0c016b44
npub1psthusam9udde4gye7u6fuusnlxn4kms0ffpcmqqq9s358zn8tjs0cfeaf:open-relay-reg-open-direct-join-only,open-relay-reg-open-direct-join-only,npub-namespaced,1,key:0c177e43
npub1psuptuhk9vpg3tmhju5f5f9l283t4cp79qxvs38smyfqwz9ztpkq8qt8zl:closed-gw-inherit-mmcxzvat-9tu7a5,closed-gw-inherit-mmcxzvat-9tu7a5,npub-namespaced,1,key:0c3815f2
npub1ptqtx4qy5keu6ef6m5cuwkrpksnwtldxnte5gn4qr7jfdjk57fws2deq08:longKingsClub,long kings club,npub-namespaced,1,key:0ac0b354
npub1pxtvfxp3ht2a88zeacase2lcmqmyytwy3dtr8zqwmcts55x37npq8fvs6y:s19-19c8342eada-a797-group,S19-19c8342eada-a797-group,npub-namespaced,1,key:0996c498
npub1py6js9kuc3zmnwz2dkm5hxk3s5cvczw58ptjzn28xhf0vsz9z5vql2rkhn:closed-relay-reg-closed-online-gateway-offline,closed-relay-reg-closed-online-gateway-offline,npub-namespaced,1,key:09352816
npub1q3kl9d0jaete74ly6kp3qsj7mkxe7u4su77ssss87qz7zuecuf7s8t5h59:s14-19c82c44494-a85f-group,S14-19c82c44494-a85f-group,npub-namespaced,1,key:046df2b5
npub1q3taj5va6y6tct0v9pz8e8pkh6szvk6qhquq3a57je6zrjnkempq5as24t:s13-19c8288d989-3be5-group,S13-19c8288d989-3be5-group,npub-namespaced,1,key:0457d951
npub1q4dq6c59hggyxg8y2f4df5qz2e9tvtw9lc93l5eg8d07yf487h0qrs4p3w:open-relay-single-open-offline-gateway-online,open-relay-single-open-offline-gateway-online,npub-namespaced,1,key:055a0d62
npub1q4p4dksaa7fnuxepxs2yp7rxr3zg6tvdpueumlh8mvp4s34emtuqgw648m:fishyFronald,fishy fronald,npub-namespaced,1,key:054356da
npub1q59g9v6ddzt9ef52l260gmtxj4x2ka8hqt0rfcj62sgaft8rcg6qmtw24a:open-relay-single-open-offline-gateway-online,open-relay-single-open-offline-gateway-online,npub-namespaced,1,key:050a82b3
npub1q7jl5mpkvrl6zw80tt7543myn5kzq7yfnym5sna27kdug6w744zqxe93ru:closed-relay-reg-closed-offline-gateway-online,closed-relay-reg-closed-offline-gateway-online,npub-namespaced,1,key:07a5fa6c
npub1q9qscttkk8ta2xyapchnykjd24drhx5425l45c33ql4gaws0cnrq4a05vm:s20-19c83978330-8678-group,S20-19c83978330-8678-group,npub-namespaced,1,key:01410c2d
npub1qcsup325mrkx48m7rksumje0mtz7gd2lu7xwlp6xrql7nyytrcxqudg636:gatewayNumeroDos,GATEWAY NUMERO DOS,npub-namespaced,1,key:0621c0c5
npub1qcsup325mrkx48m7rksumje0mtz7gd2lu7xwlp6xrql7nyytrcxqudg636:grippyzonk,grippyZONK,npub-namespaced,1,key:0621c0c5
npub1qcsup325mrkx48m7rksumje0mtz7gd2lu7xwlp6xrql7nyytrcxqudg636:zonkyBoy,ZONKY BOY,npub-namespaced,1,key:0621c0c5
npub1qetglwnnwujyqzadqc84f5fx8r8hkcyz8cqyegywh3hc8xgvcy3q29uy7y:drShits,Dr SHITS,npub-namespaced,1,key:06568fba
npub1qks334x72rx3p6hkz2d5ee0dvjt7uav0w99xh4p7p30npx6epjqqc6y26z:niceDonk,nice DONK,npub-namespaced,1,key:05a118d4
npub1qmh8l0qe6aqhj4694v6xmaqs22q3vs49jwmvkdyd856pxvc47mqq98gm4y:cross-machine-open-mm4jdni0,cross-machine-open-mm4jdni0,npub-namespaced,1,key:06ee7fbc
npub1qmxdyd2hy5w4f4czl62ruua7flvjeltmgr8c5puhfdmm6sa7upjqqg3rn9:direct_only_validation,direct_only_validation,npub-namespaced,1,key:06ccd235
npub1qpens2gqcpv6lf4waly74mqyfcpfxqrudusckkz8urehsz6kqzjs9qp8vp:fallopianSociety,fallopian society,npub-namespaced,1,key:00733829
npub1qpens2gqcpv6lf4waly74mqyfcpfxqrudusckkz8urehsz6kqzjs9qp8vp:healthyBonjour,healthy bonjour,npub-namespaced,1,key:00733829
npub1qpens2gqcpv6lf4waly74mqyfcpfxqrudusckkz8urehsz6kqzjs9qp8vp:scubliusMaximus,scublius maximus,npub-namespaced,1,key:00733829
npub1qpkmspuxguuhmk5wfk3untdqa9t6jsj5te9t50sqd8vy6ctdvp5qy7wxs7:coldIceBoys,Cold Ice Boys,npub-namespaced,1,key:006db807
npub1qt7gu9ta2sfmfntzy84ugayfaalcd5wpgn6ru945alhr0uhgyxjsm34vqq:open-relay-single-open-offline-gateway-online,open-relay-single-open-offline-gateway-online,npub-namespaced,1,key:02fc8e15
npub1qtlr7urmgne45hucxq726vplrugnp9n2lp3ktq8kw836fvjgxt4q77tr8p:s12-19c841a0fbe-61df-group,S12-19c841a0fbe-61df-group,npub-namespaced,1,key:02fe3f70
npub1qtw8vwzw0duqpkpmul4wmjt6du2eng8tseh9sqt785q0ntv295fqphaldf:somaliDaycareOnline,Somali Daycare Online,npub-namespaced,1,key:02dc7638
npub1qu3hzda63lf4m56pfsv4unrzf7mzcc7dlm8nu30x48a0gswxrptspataur:direct-host-online-mnxzmayl,direct-host-online-mnxzmayl,npub-namespaced,1,key:07237137
npub1qu4963jshrxzhc567qr92s2vl0lu8z5fgzufzk34ljgdrx56nmqsk6xss6:stankyPoppleBerry,stanky popple berry,npub-namespaced,1,key:072a5d46
npub1qvdzf2fx36wzz2hu4vmyzfnfjg2snlfkjqv7j46qgtqd65rjvawsa8yl84:s19-19c83638c90-59c1-group,S19-19c83638c90-59c1-group,npub-namespaced,1,key:031a24a9
npub1qy0sju88awstcd5m0s25n7fs00530jclk7c4k5j0n0zs6fqmswsqx0jqdn:clownfaceStinky,Clownface Stinky,npub-namespaced,1,key:011f0970
npub1qyz398txqjdpy6v5sj93sz3rnuj53mcfx8l9shmcys9zx35lrgvq6jfru6:monsanto,monsanto,npub-namespaced,1,key:0105129d
npub1qyz398txqjdpy6v5sj93sz3rnuj53mcfx8l9shmcys9zx35lrgvq6jfru6:tong'sRelay,TONG's relay,npub-namespaced,1,key:0105129d
npub1r40ps43scs3eeyxnpupwmmpg8jtyjt5a8gj6x6r82ldp87c4xjtq04uk9g:open-relay-isolation-relay-b-gateway-2,open-relay-isolation-relay-b-gateway-2,npub-namespaced,1,key:1d5e1856
npub1r4ll3vs9ef5a0kfvu7773ny7p3jektu7j7ralnwesq0vhzze9reqqsx4s2:s22-19c84304aaa-0806-group,S22-19c84304aaa-0806-group,npub-namespaced,1,key:1d7ff8b2
npub1r8rmcmufsrva8sgryfpxn2sn0wz3m9xwkyr2n0qeeyw4gudwr6zqcaaskz:testBonjour,test bonjour,npub-namespaced,1,key:19c7bc6f
npub1r9huz92pgswp8qqf2cs8qhpgnwjqrnw3zhs4shymhtd62rq8clrqc6y3l4:open-relay-reg-open-direct-join-only,open-relay-reg-open-direct-join-only,npub-namespaced,1,key:196fc115
npub1rdaefwv5s338t3ztu3zf2llq8x4937uv25lf4h3pgsr93mqn2dnqanay6g:closed-relay-auth-lifecycle-closed-offline-gateway-online,closed-relay-auth-lifecycle-closed-offline-gateway-online,npub-namespaced,1,key:1b7b94b9
npub1rfwe6r9qnazfsdkf3tf8qetrn0723aex6kydc0emjr6t4lf62gsq3gldpp:clownCarEmporium,clown car emporium,npub-namespaced,1,key:1a5d9d0c
npub1rgcrjz7r2u46s9zume0h9y9dn30ek38sju3t9vn2y66qy7xcpzrsmza35r:s21-19c834fa3a9-d7c5-group,S21-19c834fa3a9-d7c5-group,npub-namespaced,1,key:1a30390b
npub1rgjsvtz9zdrra8dynz7qlx2enqqusxvuh9n8g4zpjv34vgfvwleqm8dgl4:s15-19c828e0677-ae8d-group,S15-19c828e0677-ae8d-group,npub-namespaced,1,key:1a25062c
npub1rh6z8ykppmge2sx4w7ar6zzxwy977uguk7sjxrmyn8c5nnzhle0str2qx8:s10-19c83c7ff3f-570c-group,S10-19c83c7ff3f-570c-group,npub-namespaced,1,key:1df42392
npub1rknn5flamyr8kqmdhgr9vcj733w7r7pjp9cv3f3f9pp9w9h2lk2snwvemx:s10-19c832a5e13-609a-group,S10-19c832a5e13-609a-group,npub-namespaced,1,key:1da73a27
npub1rlr8jpy7xpc5u97p20x9zvd8aqdh9tk00ga5sk8wugul95qy2w2qy6pnkg:sloppyAsophagus,SLOPPY ASOPHAGUS,npub-namespaced,1,key:1fc67904
npub1rm646e3qddunfzxx8j3vsl3dftlv72tmy8y3tgwglqklke00ncmsc3lrt7:closed-gw-inherit-mmczb7w7-js49kq,closed-gw-inherit-mmczb7w7-js49kq,npub-namespaced,1,key:1ef55d66
npub1rn6qnjcqwh54kjk7e3v4rdzyczgdvz3urjhr6vw2vuex3q4zg09slt5g5l:testyCreate,testy create,npub-namespaced,1,key:1cf409cb
npub1rsu5teqjnavla5adkvgqu28m6ggdgjdagwczal423egzrz0p68ps9qq9td:testPlxz,test plxz,npub-namespaced,1,key:1c3945e4
npub1rtna2qh9sk6xywnkjkvrnvtwrdfepsekn49cyyrl6nk203lwumwqm3r8dv:closed-gw-inherit-docker-mmcppaez,closed-gw-inherit-docker-mmcppaez,npub-namespaced,1,key:1ae7d502
npub1rwaqeh46pmrj6wltt9muylx92qs538r3d0v5vl7k3r5m2jsa77zsqzd39a:closed-relay-auth-lifecycle-closed-offline-gateway-online,closed-relay-auth-lifecycle-closed-offline-gateway-online,npub-namespaced,1,key:1bba0cde
npub1rwsj46hjkrdncpvvn5c9efe8ch6trcuruyls5fklephaf5ymhmlq4szedk:probe-group-mnxmfns9,probe-group-mnxmfns9,npub-namespaced,1,key:1ba12aea
npub1rxdyqxkheta5yzmgdu90nr3djgfwa9h6nke2hca5ukhtt82vz9gshaude9:open-relay-single-open-offline-gateway-online,open-relay-single-open-offline-gateway-online,npub-namespaced,1,key:199a401a
npub1s243dxmd0ek8zd8lwcah8pfh58tnwvyvcyl3fzfmc6aqwgqkj8hsdlsmtr:longPipePapas,Long Pipe Papas,npub-namespaced,1,key:82ab169b
npub1s50wuxcddxuajysmu4zhv3f9y04y0xqjajzdzdw86lf8074vpcasm4ww5r:direct-host-online-mny0f66q,direct-host-online-mny0f66q,npub-namespaced,1,key:851eee1b
npub1s77d66axnychannl9gha8p2unf3scqzz7ukczehn4gjz87mp6alqpankgs:s06-19c827cb37d-542e-group,S06-19c827cb37d-542e-group,npub-namespaced,1,key:87bcdd6b
npub1s7espxrt9h0wk5r47a3twuvchwkuef2eff969x6zrkuu3zv0gahsfc8s9z:matrix-group-mmb0y70y,matrix-group-mmb0y70y,npub-namespaced,1,key:87b30098
npub1s7x35mmzffftpwu9fafkqv2g84qxyzefc2qg8fu6nl4dswxqdqlsc8c999:s12-19c8372db00-8be1-group,S12-19c8372db00-8be1-group,npub-namespaced,1,key:878d1a6f
npub1s86e0fnypw50ya9e25h30shr9ystun0deks5th6lv0kdfg05eccsq53amr:closed-gw-inherit-mmcyp16y-turz2b,closed-gw-inherit-mmcyp16y-turz2b,npub-namespaced,1,key:81f597a6
npub1sem72qcwct3yg0cyvrhe2gw2hdedd42sn4yzm2739nk9lpchz94srwgjyx:testSkibidiJimmy,test skibidi jimmy,npub-namespaced,1,key:8677e503
npub1sgs5ulknff8pf9hu5wkal80vefsg50qn9ra8x0ggnf025uq59p4srk7wg3:node20-mmb0vcx2,node20-mmb0vcx2,npub-namespaced,1,key:82214e7e
npub1sl8vvtsux7mf5d4l2h27qf94mxwc7dwx64sv6quzk7s3r3dk5slsrd3rda:testRockoslops,test rockoslops,npub-namespaced,1,key:87cec62e
npub1smwqdwehqxelrargtql8wuengmcrxmfwjc6equvxdkgjeh8lllwsxexrkk:s18-19c8335e218-529f-group,S18-19c8335e218-529f-group,npub-namespaced,1,key:86dc06bb
npub1snz95409wke8ckayg4843ddwa3k94u37hvcw2swckmee46ggh32qlqkguw:closed-gw-inherit-mmd64b22-l8wycb,closed-gw-inherit-mmd64b22-l8wycb,npub-namespaced,1,key:84c45a55
npub1sp9sc4d2q962yhkyultmjjc904jvu4mn9x02cktrketzut80ngysuk4h08:sansSerifTextAssociation,sans serif text association,npub-namespaced,1,key:804b0c55
npub1sshs4dau0r5phezfpcg2dyugueerdepw9ey38glwnjtgs4ypurgsu7wecu:closedjoine2e-1772306087149,ClosedJoinE2E-1772306087149,npub-namespaced,1,key:842f0ab7
npub1svh409taqw005hz0cl6ltg46j0ypurr90vj76wjgf3jwcpdcz52qxperfs:steamyShitEnjoooyers,Steamy Shit Enjoooyers,npub-namespaced,1,key:832f5795
npub1svxp82qygcgn84gftc9xzcl3vrttx2su5h8ks9z3g4p8hu5sk29sc4naas:open-relay-single-open-offline-gateway-online,open-relay-single-open-offline-gateway-online,npub-namespaced,1,key:830c13a8
npub1sx6jnnjul8xajumzn2g8re30cu0j5fu7l6wh3wzkwj3r20mnjj0qzezkr6:open-relay-reg-open-online-gateway-offline,open-relay-reg-open-online-gateway-offline,npub-namespaced,1,key:81b529ce
npub1sxuuu5nx4u3krvuyknvacwrcnjc4y0m3tr494m8eq694m449jm0qsqtqzd:s19-19c83dcdf6e-315a-group,S19-19c83dcdf6e-315a-group,npub-namespaced,1,key:81b9ce52
npub1szuyxx0qyw6t9gst0xec0dhh0e822frenrycqsu95ggnffz06y3qcs9ene:closed-relay-single-closed-offline-gateway-online,closed-relay-single-closed-offline-gateway-online,npub-namespaced,1,key:80b84319
npub1t2f7kzqzj8mvt0f89t62umukf6zgg9vzsvecns7mnax4gtt6paqqcfvjls:icebergJuggleClowns,Iceberg Juggle Clowns,npub-namespaced,1,key:5a93eb08
npub1t34mfzu58z9g2hgm3gxkvzrwu8t9gzxmu6qy2qnlvg7lf2vhc35qwezqsq:testGargleSauce,test gargle sauce,npub-namespaced,1,key:5c6bb48b
npub1t3flq9f42ww9csmzzq7zxnqugcxpjhjdt0kq3pc82kvs2w4kgt7qtp7je0:testCleanboy,test cleanboy,npub-namespaced,1,key:5c53f015
npub1t44v8hrcp5w0uj5k7rezgvu0drh9au2ytntfl32hztuzw8294q5smjpump:s10-19c82832054-ad68-group,S10-19c82832054-ad68-group,npub-namespaced,1,key:5d6ac3dc
npub1t5t5zsuepvswyllu2df5gt4zvcdffzaukpq8ac3lqjtpf9afa48qf6wfvk:goombasauce,goombasauce,npub-namespaced,1,key:5d174143
npub1t5t5zsuepvswyllu2df5gt4zvcdffzaukpq8ac3lqjtpf9afa48qf6wfvk:mermaidPussy,mermaid pussy,npub-namespaced,1,key:5d174143
npub1t688xe4a9tzmd9hcvjttm6jtxev9awsdv0kr2t0qhw3tsulgp3xs9nfevs:jungleSauceChefs,Jungle Sauce Chefs,npub-namespaced,1,key:5e8e7366
npub1t7hnh8k8xzhsdyxp9pd5vljulf58saczm4wgcc92748fml0j4u3q7xy9r3:open-relay-reg-open-direct-join-only,open-relay-reg-open-direct-join-only,npub-namespaced,1,key:5faf3b9e
npub1t8x69nqesy9x0ttpc0thkzaqjznwrf983pvxmvgrr5jsw94n0rzqsc8ggv:freshFilesRelay,fresh files relay,npub-namespaced,1,key:59cda2cc
npub1t8x69nqesy9x0ttpc0thkzaqjznwrf983pvxmvgrr5jsw94n0rzqsc8ggv:yeOldeRelay,ye olde relay,npub-namespaced,1,key:59cda2cc
npub1telfw8tklugfq2nvae4cl849f6e6wuwqstf2ueecjmdgwzj90qvqh0ytjc:closed-relay-reg-closed-online-gateway-offline,closed-relay-reg-closed-online-gateway-offline,npub-namespaced,1,key:5e7e971d
npub1tg0309anltkv7v95q3r4xklym78unnm4wudxkjhecaf4c0rl754st4kt9q:s18-19c83dacb76-9501-group,S18-19c83dacb76-9501-group,npub-namespaced,1,key:5a1f1797
npub1tgj8er248xzr2sl33q6lqhsr02sv56vg2scwjzj6cy9lund8wjpshd0gsk:sillpooshitBoys,SillPooshit Boys,npub-namespaced,1,key:5a247c8d
npub1tgmqj5cplwd2scl8hpa2cl2v438cy03zqth6ekpmhs8dazlm0dgqdwlc69:s18-19c8427443c-a3e4-group,S18-19c8427443c-a3e4-group,npub-namespaced,1,key:5a360953
npub1tgs8fk3qg0prka24xj5usd6c7vjdfzddh2ee30ls85a5ssxjlwuq93r5dt:pub-open-mllqvtq3,,npub-namespaced,1,key:8310696a
npub1tjtk48gnrjmuuqqkvt32yr8fhfjmpp7x6ytvvgjx77m6z05yjwus064en7:soggyboys,soggyboys,npub-namespaced,1,key:5c976a9d
npub1tjvp9h3940ga9saeppq2z2x40ftmwqz93wu5vsg7rsnaeykv2yes7nqfda:openYoMouth,open YO MOUTH,npub-namespaced,1,key:5c9812de
npub1tkeatuphweejarwjdg7arrwuvmu5mwjxh6d9lnhlewc9agfzrjkqgcq6a8:slimeydonk,slimeydonk,npub-namespaced,1,key:5db3d5f0
npub1tlp32g7mpjmvephc2s4kf6nc32nmcnpuk9u8cnhshhnklzxxrhks60855t:newGroupy,new groupy,npub-namespaced,1,key:5fc31523
npub1tly7zdamnwkrmmhh7qu7d7y9d6jyl83nlu5dtjd097g9lz0ugzys4cfhfg:open-relay-open-offline-gateway-online-instrumentation,open-relay-open-offline-gateway-online-instrumentation,npub-namespaced,1,key:5fc9e137
npub1tpjzudtrmslcp8k6gaspyg72vaje4w6dlvqhf2nx8r36cgdp60vqwjrtwa:donkSilly,DONK Silly,npub-namespaced,1,key:58642e35
npub1tr3jj6zc4gpflevzqe2grghtsxkr7jgjvvhs4kykkm7czpcguwts8shram:closed-gw-inherit-docker-mmcp4z75,closed-gw-inherit-docker-mmcp4z75,npub-namespaced,1,key:58e32968
npub1tr8zqncn07v9uwegjhq5pryr672a3krransma4wssnl4j39gpthq25z2rn:s19-19c83092689-1e7c-group,S19-19c83092689-1e7c-group,npub-namespaced,1,key:58ce204f
npub1ttf62e4n8f6z3tyg0n95rkk3sece8phzq3gtcy4cm6c9sxzv25xqn4p55x:closedjoine2e-1772306855838,ClosedJoinE2E-1772306855838,npub-namespaced,1,key:5ad3a566
npub1ttlrtsr20s2yghlc533hgcy9md9rmp2zqym4a5cjp7cvgfemz56ss6dpnx:open-relay-reg-open-direct-join-only,open-relay-reg-open-direct-join-only,npub-namespaced,1,key:5afe35c0
npub1tw07crge9h2dycs3yuvsnc8wl5tl8hrpfsyhzudhwfa6nwy0x5dqaypckn:closed-gw-inherit-mmcjosrk,closed-gw-inherit-mmcjosrk,npub-namespaced,1,key:5b9fec0d
npub1tzqzgwvk6zj8wewt0khz9xaasa8jj3c9gphcags0ykm6dgv4hfnqd7557p:s03-19c82780e77-3405-group,S03-19c82780e77-3405-group,npub-namespaced,1,key:58802439
npub1u003707pt2mqlef34kvdgt6a0frk65tkzsuydpkf4fax980uc3fsjcl3cg:bonjourText,bonjour text,npub-namespaced,1,key:e3df1f3f
npub1u057scgv7xp7472k5rptatjasvss0htrn8e5gl7lfa9knkah2ycqfgmtzj:bigtimetesty,bigtimetesty,npub-namespaced,1,key:e3e9e861
npub1u3v7zp5caa3ydkr647krg35shq92xqeect47ulk8t9mgel5vnpmsqccs27:matrix-group-mm77jgj3,matrix-group-mm77jgj3,npub-namespaced,1,key:e459e106
npub1u6hg8swakqnmnk9mjv8zuzrwrpnqga6jf6e2z0wtp3trjkrr3e9surk5jw:testerGrandJurySubpeonas,Tester Grand Jury Subpeonas,npub-namespaced,1,key:e6ae83c1
npub1u6jeey3gfqkskdw3m9lqsepnlzjzjn3h9dyu33lsd5cv86fh9yzqflkyxl:open-relay-single-open-offline-gateway-online,open-relay-single-open-offline-gateway-online,npub-namespaced,1,key:e6a59c92
npub1u8g6g6peqwdsmrwqraq5xxfx5qfxheka3w45pndg9e3ttnsedlfs0f6dpl:s08-19c83c4e12e-6067-group,S08-19c83c4e12e-6067-group,npub-namespaced,1,key:e1d1a468
npub1uc8j6prhl7zkvlguxt7fek3m3vkamkvyv5hwhlgf2zah4aza45fsxyxm2s:s07-19c84109650-b7a6-group,S07-19c84109650-b7a6-group,npub-namespaced,1,key:e60f2d04
npub1udmgf68xjxwujexpuukp97fg3s7wr234h3nrr3vnrgnqwze7gqtsa602df:test-group-3,test-group-3,npub-namespaced,1,key:e37684e8
npub1udrzd94yawsm9vdqkrzr929r4ua6528y3x59m3cdekzz00s02vcq6lm46p:probe-mm77pse1,probe-mm77pse1,npub-namespaced,1,key:e3462696
npub1ufus4ed3wsvn7fj9y6k4w8fezu46p34nfeqdsy0gum2tc6djztgsq0geea:cross-machine-open-mm4hzuda,cross-machine-open-mm4hzuda,npub-namespaced,1,key:e2790ae5
npub1ufxx8uymqcxpdy56f08vw5yawd6m9ncra9aeadkdwtck782qkfdqywc00c:closed-gw-inherit-mmd0j3sh-i3flrz,closed-gw-inherit-mmd0j3sh-i3flrz,npub-namespaced,1,key:e24c63f0
npub1ufzzgznu9990gtlfe0h5hvnjp39e32vphu42mlrtnjx8fzmmvjvqssaser:closed-relay-auth-lifecycle-closed-offline-gateway-online,closed-relay-auth-lifecycle-closed-offline-gateway-online,npub-namespaced,1,key:e244240a
npub1ugrsy58k200lp7a6z739v2sv9y25q24sc0nlr0wq3yr4gc6gsslqt40gxh:jorgeDesayuno,Jorge Desayuno,npub-namespaced,1,key:e2070250
npub1uk6y6g8pt4xlckd6806vqqr4h7tk4jmcq6hfpl5hlxj5f95n5h8sphz5a7:s05-19c82b3aa36-8ed7-group,S05-19c82b3aa36-8ed7-group,npub-namespaced,1,key:e5b44d20
npub1ukqhfc5nvf4fq9a25cgauhrazy3nvf8ydnd2vtzjt3h7kw4sgpvssf7u5z:s15-19c83d3b9fc-a64f-group,S15-19c83d3b9fc-a64f-group,npub-namespaced,1,key:e58174e2
npub1ukx03dxel0pflcw430ws2v27nuvmwdsrafqmlvpx2ndec8lctx5q7gnjx2:direct-host-online-mm7dl675,direct-host-online-mm7dl675,npub-namespaced,1,key:e58cf8b4
npub1ultqnqh4epr6v24xvqm83ax6t33lkfm0p5g9rkq9qgwzmm0e433s5gcvhf:open-relay-contract-direct-join-only-no-gateway,open-relay-contract-direct-join-only-no-gateway,npub-namespaced,1,key:e7d60982
npub1unm5xlnenrc5t790me3h6nksaf0v6jardck6chgfreha08l3sflqum9clm:pub-closed-admin-mnxrw0sp,pub-closed-admin-mnxrw0sp,npub-namespaced,1,key:e4f7437e
npub1unm5xlnenrc5t790me3h6nksaf0v6jardck6chgfreha08l3sflqum9clm:pub-closed-request-mnxrrlbw,pub-closed-request-mnxrrlbw,npub-namespaced,1,key:e4f7437e
npub1unm5xlnenrc5t790me3h6nksaf0v6jardck6chgfreha08l3sflqum9clm:pub-open-mnxrp7h3,pub-open-mnxrp7h3,npub-namespaced,1,key:e4f7437e
npub1untmtrc8naxzg5ql9ku07t59flhq8v2mjp63523q8m05zvsqlnrs5w7sy9:clownfaceFamily,Clownface Family,npub-namespaced,1,key:e4d7b58f
npub1urzs309qesmpqqrtq3q7hntcqztetlhu8hk9vh9q68uce3276k7svsqurm:supercoocoo,superCooCoo,npub-namespaced,1,key:e0c508bc
npub1us9xcyk20er9zg4y2zvz8390r6dddahukv4026y4f5cj2l7cn8cqfr0hkx:closed-relay-single-closed-offline-gateway-online,closed-relay-single-closed-offline-gateway-online,npub-namespaced,1,key:e40a6c12
npub1usv5wv2jy0rvvph8t3axg5agr7dppq3ez8dl82u2j5u9y56jcnhsap0hs8:open-relay-single-open-offline-gateway-online,open-relay-single-open-offline-gateway-online,npub-namespaced,1,key:e4194731
npub1utq2wusudy5ya3rslsh5wkwsmnhp0q5zygsydresag2m3k7d965se8emln:cross-open-mmmg896a-6e2d4b,cross-open-mmmg896a-6e2d4b,npub-namespaced,1,key:e2c0a772
npub1v0kf5fp0ta2v6pcagkvc8932v0z0m5cyqxqay2frerc7t7vp8qaq4mzde9:testDongmonsta,test dongmonsta,npub-namespaced,1,key:63ec9a24
npub1v0kf5fp0ta2v6pcagkvc8932v0z0m5cyqxqay2frerc7t7vp8qaq4mzde9:testGucklesucks,test gucklesucks,npub-namespaced,1,key:63ec9a24
npub1v0kf5fp0ta2v6pcagkvc8932v0z0m5cyqxqay2frerc7t7vp8qaq4mzde9:testJarJarBinkle,test jar jar binkle,npub-namespaced,1,key:63ec9a24
npub1v30rf6cnr0s0kgelrh9wgrnc4q2x3j69rygmqteepa0xe8whm88s980fqq:open-gw-inherit-mmefwkos-4hv4ty,open-gw-inherit-mmefwkos-4hv4ty,npub-namespaced,1,key:645e34eb
npub1v3uxrqmr68z673dkxz2hsjfkdn7c2j50sa43v2nvs7p5gllz9avq7867n3:bonjourCountryClub,bonjour country club,npub-namespaced,1,key:64786183
npub1v3uxrqmr68z673dkxz2hsjfkdn7c2j50sa43v2nvs7p5gllz9avq7867n3:chachaGentlemensClub,chacha gentlemens club,npub-namespaced,1,key:64786183
npub1v3uxrqmr68z673dkxz2hsjfkdn7c2j50sa43v2nvs7p5gllz9avq7867n3:jambaJibbles,jamba jibbles,npub-namespaced,1,key:64786183
npub1v3uxrqmr68z673dkxz2hsjfkdn7c2j50sa43v2nvs7p5gllz9avq7867n3:toooooooth,toooooooth,npub-namespaced,1,key:64786183
npub1v3uxrqmr68z673dkxz2hsjfkdn7c2j50sa43v2nvs7p5gllz9avq7867n3:washclothFace,washcloth face,npub-namespaced,1,key:64786183
npub1v4jjruk7lquuxe0k9vuy37l0wyz2ky07gx9263st0ez95xmsntks805x4x:jelfFongols,Jelf Fongols,npub-namespaced,1,key:656521f2
npub1v4lxnfkwkpvkur0sk05kzc65q8uv07dnlkv949pn075gl2trf3wqeg7eak:microdonk,microDONK,npub-namespaced,1,key:657e69a6
npub1v8fm9teuluy3teh3rm0nwuge2sjddfyfu5vzspsj2hw2qj7luxks7hgvl7:cross-open-mmljjbeg-507e6f,cross-open-mmljjbeg-507e6f,npub-namespaced,1,key:61d3b2af
npub1v9r0d4mc4h8zyu6xyspeglapjaehljpw8s65w3pjgtwpc7cksfmsr8kl4r:s07-19c83250d06-8853-group,S07-19c83250d06-8853-group,npub-namespaced,1,key:6146f6d7
npub1v9tj59xp7w2x577wlslclvwsyfx6j42ea6q9pxphcn84v6k350astf07fz:s16-19c8392c87d-3a78-group,S16-19c8392c87d-3a78-group,npub-namespaced,1,key:61572a14
npub1va8zdj7j5lr2d5e3vr5y5pdnrfqfuftvglrm994s27ems59ah2eq0e0n6e:s20-19c830e19a5-6934-group,S20-19c830e19a5-6934-group,npub-namespaced,1,key:674e26cb
npub1vcagneg8cjkqac5hqrfgk3r8qrvruadlyer7pj7es2lmgp8f0k8sngnpxy:closed-gw-inherit-mmcwv5zn-wpddxb,closed-gw-inherit-mmcwv5zn-wpddxb,npub-namespaced,1,key:663a89e5
npub1vczyhk5040n4trgl5j948jftgr79fwmfcx25ymsxqf875cfqscqqmh82m2:closed-gw-inherit-mmcuod7x-5naxnu,closed-gw-inherit-mmcuod7x-5naxnu,npub-namespaced,1,key:66044bda
npub1ve4zlhfxf3prke86gs789fg54r7tjdnpfygf4pwpx8yy2zg2azjqlanm64:oldFashionedNotes,old fashioned notes,npub-namespaced,1,key:666a2fdd
npub1ve4zlhfxf3prke86gs789fg54r7tjdnpfygf4pwpx8yy2zg2azjqlanm64:oldSchoolText,old school text,npub-namespaced,1,key:666a2fdd
npub1vef4pu23m540z4gxzl3ddkpje5xjrsl9tf2332deg2vacef8rzcssxl2y3:s20-19c83dfe852-1a7a-group,S20-19c83dfe852-1a7a-group,npub-namespaced,1,key:665350f1
npub1vffp2rcg89talkc90gp0dggg4yg09kgeu5uezmptpk0qkn9k6etsdknfdu:debug-create2-1770507386006,debug-create2-1770507386006,npub-namespaced,1,key:6252150f
npub1vg58sz63wuf6dwjl60q0z8ey6k65tlaspaf8enm8xuu0arm7kjlqv7cr6m:theYelbowSkins,The Yelbow Skins,npub-namespaced,1,key:6228780b
npub1vg8u7q2u7gl6cyt0dsddyncne327y8ka7524kp748cwxd28ms3gq0t7gpt:s04-19c8279ca57-a054-group,S04-19c8279ca57-a054-group,npub-namespaced,1,key:620fcf01
npub1vkfvw58mehnqslaac2u7slesy0xgn8l8td8lup2s4nx3flrzknts9vgfqp:closed-gw-inherit-mmcz06ni-o0xxt7,closed-gw-inherit-mmcz06ni-o0xxt7,npub-namespaced,1,key:6592c750
npub1vlqted746naxfnlcxr69gys5rztjrtrh9vymx7zdlfue7d7hqg9s0f9lrr:closed-relay-single-closed-offline-gateway-online,closed-relay-single-closed-offline-gateway-online,npub-namespaced,1,key:67c0bcb7
npub1vmc7zancfpnj7gwnr73k564ampnsunf4mtzklvw2ernljhjlt0mshy4u8l:cross-open-mmmfzytb-51460a,cross-open-mmmfzytb-51460a,npub-namespaced,1,key:66f1e176
npub1vnpeap2u8jnf07lg9swngp5qgk66nkxkjhj9f0aksupdsy99lulqwcsqhe:willSmithSpaghettiBistro,Will Smith Spaghetti Bistro,npub-namespaced,1,key:64c39e85
npub1vp98v7s7frqwzytjdxnk93elhyvh6typjpm05efx8dzrpc2w4whq7p896l:s10-19c82bd4a5a-ab95-group,S10-19c82bd4a5a-ab95-group,npub-namespaced,1,key:604a767a
npub1vpnut98yf2dvp4wznxn7jqznsffmtz6ru9hjf82n2g4gseq9z82sthyuf3:saggypants,saggypants,npub-namespaced,1,key:6067c594
npub1vput2pmse5njk5twdd9ru80tfzq50dnqqgzxxam8cu6hsalxetzs2q234a:closed-gw-inherit-mmdq1tvx-a6nvia,closed-gw-inherit-mmdq1tvx-a6nvia,npub-namespaced,1,key:6078b507
npub1vupl03647nckuu67ucumvh5wuppryafv47ckkfg5l283nr3nukxsxtd9fp:closed-gw-inherit-mmcx52dl-o8kz87,closed-gw-inherit-mmcx52dl-o8kz87,npub-namespaced,1,key:6703f7c7
npub1vwcfy2sdnesqtzxk0r32hry9rsxh4v6deq5em76g0q8f8hu6ewtswy8y7c:s20-19c83fcfcf0-45b1-group,S20-19c83fcfcf0-45b1-group,npub-namespaced,1,key:63b0922a
npub1vwgwfy77nzp3cucycd8tvp9mfua6raucvnzuvk5shd8w99g2tcts8afv65:open-relay-reg-open-online-gateway-offline,open-relay-reg-open-online-gateway-offline,npub-namespaced,1,key:6390e493
npub1vwtlrah5qaurx8znqtq87k7jk4ejv4zme3hytlsp3rk2flsx4g5qlvlu59:s18-19c82c848f0-369c-group,S18-19c82c848f0-369c-group,npub-namespaced,1,key:6397f1f6
npub1vx7q3qplqlvdkvuq87lcr207s0ru39fkhmh3wvem2nnfky5vn52s5ukpjr:cross-open-mmljnm3k-5f4880,cross-open-mmljnm3k-5f4880,npub-namespaced,1,key:61bc0880
npub1vxye0mdnfcndpzlpq6kgncvmzyjyr2j4njn3ha6r9n5nee667pqs753tqv:wowThatsCrazy,wow thats crazy,npub-namespaced,1,key:618997ed
npub1vyy25sfy47uc306nc70u0n6yumpzw7veccrzzp4m8ss5hnz4p5tq0vj4rn:testGrupe,test grupe,npub-namespaced,1,key:6108aa41
npub1w32c5dmchqv08c3hpkae9ng56e7cygcja6yv6mnfa885a6c7dr7sat6mu5:open-relay-reg-open-direct-join-only,open-relay-reg-open-direct-join-only,npub-namespaced,1,key:74558a37
npub1w3yy3l2zr3e7lnqpzvqy00lvsrlgtqyq0eg7twmstgvcf8pw2lxqjt4mu6:dongsloppersGala,dongsloppers gala,npub-namespaced,1,key:744848fd
npub1w4vq4379jjvwjq54hr7fvxfvc24gxw5ywn8ttnqj7547n4dqvlhqysad20:node23-mmb0wmpp,node23-mmb0wmpp,npub-namespaced,1,key:75580ac7
npub1w4yugqm4kgelj6ud2hvwxezp8xutgh9rwgqnkc8vh2tz966zwclqrhtssu:peepeePeople,PeePee People,npub-namespaced,1,key:7549c403
npub1w5a3s4543vlexvxhjeeryat2pckx9k49dy0nkx26tcwvuma3e3gqd7kkwl:closed-relay-auth-lifecycle-closed-offline-gateway-online,closed-relay-auth-lifecycle-closed-offline-gateway-online,npub-namespaced,1,key:753b1856
npub1w8f6rv8he5jr68zkfw5l8hx9p8yqhynr3v4njctnl5r5mtgevd5q76kzxm:closed-relay-reg-closed-offline-gateway-online,closed-relay-reg-closed-offline-gateway-online,npub-namespaced,1,key:71d3a1b0
npub1w8pm9376fy6hln3j0gunp3rfjejrjkj8yfy3aw7gcumz894zkt5s4j09hr:open-relay-contract-gateway-unassigned-error,open-relay-contract-gateway-unassigned-error,npub-namespaced,1,key:71c3b2c7
npub1w9xzrag5mg6jn66l8hfan3fqealxhds9tpqkmz92hcjrmur8f5lqmzmp2u:s19-19c842936dd-76c7-group,S19-19c842936dd-76c7-group,npub-namespaced,1,key:714c21f5
npub1wa89a2s6ar0dhas2atdz5efxrzngd2f8jdh8ckqp0ucwgvxprems9m4vf8:closed-gw-inherit-mmczqkca-unlkes,closed-gw-inherit-mmczqkca-unlkes,npub-namespaced,1,key:774e5eaa
npub1wc4ad067fdz3njptqlw24gw6ud9ypvlnnnzffhypcaw7stpuknpss5k9ls:s15-19c83fb10ff-0446-group,S15-19c83fb10ff-0446-group,npub-namespaced,1,key:762bd6bf
npub1wccueq72kkh6ny8u0n05n5x9ukgnvea3j8uynaskexy7st6qqccq8rq7u0:closed-gw-inherit-mmclashz,closed-gw-inherit-mmclashz,npub-namespaced,1,key:7631cc83
npub1we2s4c40dzcrmf9ax9cfv3faeklc863mdgtp86cv9jaf2azp7sqse57pw2:testTestTest,test test test,npub-namespaced,1,key:76550ae2
npub1wfjdc7ar454kvv32zc5uht380h8dxvldqvrpcafvl28we8espl4sqssy42:s13-19c82fd6c0e-8f93-group,S13-19c82fd6c0e-8f93-group,npub-namespaced,1,key:7264dc7b
npub1whgenjtmhhmcp2kujwm8xltj65h4qjae30plzxwvhj92kmchnapqlhq477:direct-host-online-mnxya1zi,direct-host-online-mnxya1zi,npub-namespaced,1,key:75d199c9
npub1whlzsl9uy05dy78n3jl9cnwutzqxy57mnpt04jm6ahxdpugfem4q7aym03:direct-host-online-mnxzdump,direct-host-online-mnxzdump,npub-namespaced,1,key:75fe287c
npub1wkfcusqdpzw9w6m0gnt93592a064pu8azs9420q866q2x85zfynst9a0vj:s03-19c84093f27-a9b1-group,S03-19c84093f27-a9b1-group,npub-namespaced,1,key:75938e40
npub1wkt7v7s4tg25zxqxwzxhl95x4m9c36smx2qxhty6g754j6n80h5s3dg32m:s19-19c8295a12f-5543-group,S19-19c8295a12f-5543-group,npub-namespaced,1,key:7597e67a
npub1wkuhlk2u53tpnlq5ekv5m4ec7nul0aulrh798ef9x0exkjehe68sjn70qc:s13-19c83747fff-a09f-group,S13-19c83747fff-a09f-group,npub-namespaced,1,key:75b97fd9
npub1wm2t3w02v65sfn0dmz83727y953eqfum0khmgj5c7s7zcmpr0whs3kywj8:s16-19c83336aa8-5cee-group,S16-19c83336aa8-5cee-group,npub-namespaced,1,key:76d4b8b9
npub1wq4mlufmxe35leugzjc78hrw23n7yqnjv7yp8djyjsk85nlh69cqh335gw:s18-19c837d309a-75f5-group,S18-19c837d309a-75f5-group,npub-namespaced,1,key:702bbff1
npub1wqpek55xmv7v0cy76ut9qssdca5gmn3jt4yhlnpsh9kc57jg8fgsrf8zv4:s07-19c82f29951-252a-group,S07-19c82f29951-252a-group,npub-namespaced,1,key:70039b52
npub1wqwjm0pq6pkw2nvv7xfkcsee95jrf4n0cnzumxp4qrt0czzjvamqxd4r9m:s19-19c835c8c38-8111-group,S19-19c835c8c38-8111-group,npub-namespaced,1,key:701d2dbc
npub1ww4kv8g24exew9nw2prlcsaf9uceqmknpzc07jdkm2nkjsgn4wdslgzvs2:jelbowBoys,Jelbow Boys,npub-namespaced,1,key:73ab661d
npub1wwa9h5ze4j8jxlh88fc65qttmvjpclmp2khj0j28ezeu4gxu0d6qp2eh09:bigNastyBlobs,big nasty blobs,npub-namespaced,1,key:73ba5bd0
npub1wwa9h5ze4j8jxlh88fc65qttmvjpclmp2khj0j28ezeu4gxu0d6qp2eh09:bigNastyText,big nasty text,npub-namespaced,1,key:73ba5bd0
npub1wz4p3zq8myxtvk3rqmtsemmwx85jggwja6msw3k2v3g6vw2x26jqrc5ya8:open-relay-open-offline-gateway-online-instrumentation,open-relay-open-offline-gateway-online-instrumentation,npub-namespaced,1,key:70aa1888
npub1x0g0yquqkau723vdkmk5l2cy8c6jw4eytxju2dxul6e3ehp4jhpseunp3e:s08-19c82f5705b-4948-group,S08-19c82f5705b-4948-group,npub-namespaced,1,key:33d0f203
npub1x0tvjuude5533et5l7d90lvharhmjh2vcd65ufmqly39vvvht75qffzeqx:closed-gw-inherit-mmd0fgx3-fcxl4c,closed-gw-inherit-mmd0fgx3-fcxl4c,npub-namespaced,1,key:33d6c973
npub1x2hx47j3zj2kvvlkycssygsceesjrwa6phlph2lfxg5na02823zq2hjrxn:s22-19c83e5385d-31eb-group,S22-19c83e5385d-31eb-group,npub-namespaced,1,key:32ae6afa
npub1x2xg2ynwn303gvc3a48xh4zes6fazgcxzhq48ekn3q0xw546t2zqeqmssf:s01-19c83b340cb-3f5b-group,S01-19c83b340cb-3f5b-group,npub-namespaced,1,key:328c8512
npub1x3qxjx4vhed3rhduvd40hufq3csl9phk6ec57z5cp77h8t26aaasky4jlv:closed-gw-inherit-mme7c1z0-cm4256,closed-gw-inherit-mme7c1z0-cm4256,npub-namespaced,1,key:3440691a
npub1x9rjprupjn8dr70ylxu7uk6wymqzj8w8e3vxnu657gryd7ejaf0s93et6a:coldIcePlayers,Cold Ice Players,npub-namespaced,1,key:3147208f
npub1xcq9mcrvea4syae9rzwfvzx6hrhgtwtuwwu45h9v2p83xkk0d06qz936le:s07-19c83c329f4-5341-group,S07-19c83c329f4-5341-group,npub-namespaced,1,key:36005de0
npub1xdt5c57euqwg69xnzmq8tlzjnp9g2pzgk5e5fhmnlwm7zvuq2pys27rj46:s08-19c827fee4e-9b6a-group,S08-19c827fee4e-9b6a-group,npub-namespaced,1,key:33574c53
npub1xdwcafuem85yx39j8eq03paxzsqgqq8uz6hew5awys66h8d4kyuq23vsrx:skinsuitFashionShow,Skinsuit Fashion Show,npub-namespaced,1,key:335d8ea7
npub1xel6lrqql4zw7nd8n80jtqt5t23j65g3m2q6scckucs0kxuu29wqxpgd9a:closed-relay-single-closed-offline-gateway-online,closed-relay-single-closed-offline-gateway-online,npub-namespaced,1,key:367faf8c
npub1xh0dggxvwaq4eurmdsfy7936v3h460g7s05gsrrtv2zremj9nfssypqujd:grippyGals,Grippy Gals,npub-namespaced,1,key:35ded420
npub1xhqchxvut72eck4797vvy5k0g0tg6wlmlqd33w8m7rq93xx4ga9sv0n9sq:open-relay-open-offline-gateway-online-instrumentation,open-relay-open-offline-gateway-online-instrumentation,npub-namespaced,1,key:35c18b99
npub1xjnx66d8ut3c63xac0ayzjzm3jl672dj5l2hdarzqw7rlw2xtlvq686ru8:open-relay-contract-direct-join-only-no-gateway,open-relay-contract-direct-join-only-no-gateway,npub-namespaced,1,key:34a66d69
npub1xjqmf2e0myj5xey6y9leze30te0gk20dhaz40ejvyqjf9m7cup9s9l5kzh:closed-gw-inherit-mme7xyu2-dih7nk,closed-gw-inherit-mme7xyu2-dih7nk,npub-namespaced,1,key:3481b4ab
npub1xkw3ewhucauvpuuj4gaqghc37l8qp0nx5ekxsavejueeh990qqzsxrl6e7:skimBeebleScoops,Skim Beeble Scoops,npub-namespaced,1,key:359d1cba
npub1xl7dqaqqu3k3fd764wtd8tdyr6e0uhl9k460kxpjvdc2h7we8rcsdnl4us:s20-19c834a41ca-a62b-group,S20-19c834a41ca-a62b-group,npub-namespaced,1,key:37fcd074
npub1xnvt9ta30re7kfmn89cdw6f5arp0jcqt8pt57wjjukn07s2860rsz3xzj3:pinned-open-mnyc07b6,pinned-open-mnyc07b6,npub-namespaced,1,key:34d8b2af
npub1xq93esgp2r6xdkx45t9t08747puwt5yzrju8qeznws3hnl6a67ash0qzyd:testBoogaBooga,test booga booga,npub-namespaced,1,key:300b1cc1
npub1xqxx89gm77cfyt85yr0g75v4rnmh7xhj5sk3k2u27chu89r6aqyspe3yed:bigSausageDaddies,Big Sausage Daddies,npub-namespaced,1,key:300c6395
npub1xsaqxr8tmgmrh9wtwy7eete84jn7ncn9clzjdv344pvafga0dvzsjgdchr:direct-host-online-mnxwsgmv,direct-host-online-mnxwsgmv,npub-namespaced,1,key:343a030c
npub1xt3k7pqs9eymyl5t7er028q7vtejhmy007g5pcpsdreszrcnwekq6gpgwy:open-relay-single-open-offline-gateway-online,open-relay-single-open-offline-gateway-online,npub-namespaced,1,key:32e36f04
npub1xtuxrh445h6zhtlttjs0vpzcypt4ezyqz6swjsugu5gm9h72fxqsh7uefl:closed-gw-inherit-mmckjbmk,,npub-namespaced,1,key:32f861de
npub1xvtqz28rxd0e4s030xh5ct2rkt9jp3mx0cjm6hwxdwwxn3n75p7qvlyq6k:open-gw-inherit-mme8cuzm-c5xgek,open-gw-inherit-mme8cuzm-c5xgek,npub-namespaced,1,key:33160128
npub1y0s5zdjey0nt6tuvmu8qeslutzm7czlv698hnn99lrw625qznpfq3vdcga:elJefeGordito,el jefe gordito,npub-namespaced,1,key:23e14136
npub1y2400trq6aqgwh09pjyvhh8h6sqcyt9sz2t4cnj6y4qht0txt20q5tayvp:niceBobs,Nice BOBs,npub-namespaced,1,key:22aaf7ac
npub1y2h2v5pvjj595452grjfs6wtry8d32z39kk33wm6khhz9qecqs3qlp6eqz:pub-closed-admin-mm64vzqi,pub-closed-admin-mm64vzqi,npub-namespaced,1,key:22aea650
npub1y2h2v5pvjj595452grjfs6wtry8d32z39kk33wm6khhz9qecqs3qlp6eqz:pub-closed-request-mm64o07t,pub-closed-request-mm64o07t,npub-namespaced,1,key:22aea650
npub1y2h2v5pvjj595452grjfs6wtry8d32z39kk33wm6khhz9qecqs3qlp6eqz:pub-open-mm64l5f0,pub-open-mm64l5f0,npub-namespaced,1,key:22aea650
npub1y2r876zm5530faf0fjsr7thmt6ca30a8c2rqqf5reuz5wyzhd57qs4cpga:robertoFrostyPoetryClub,Roberto Frosty Poetry Club,npub-namespaced,1,key:22867f68
npub1y3n5lv4q5rqqrehscmg4ap5j02d8gkjm4mfv6rx7vve6pr4e7n9s2ryjd8:freshstart,freshstart,npub-namespaced,1,key:24674fb2
npub1y3pa7q2ve56jpym7tk0u3ml76mq0xjds8rjpum7jkuk5npd6x67salur5w:closed-gw-inherit-mme5w8fu-zmhs8x,closed-gw-inherit-mme5w8fu-zmhs8x,npub-namespaced,1,key:2443df01
npub1y3x9k3qh8n5zqwj2exjhjnjqdg2vplm0amgfgpe0u36fv90qa9zq37f4rl:senorFrijoleTheElder,senor frijole the elder,npub-namespaced,1,key:244c5b44
npub1y54r9wglkjm9gvypj5ttukl6nnl6gvwlz9all347xls8uyzf3vmq7w3fce:largeMeatFathers,Large Meat Fathers,npub-namespaced,1,key:252a32b9
npub1y6g5zj0sxeryeehyl9yae2e89nhle3cpss4tr5jnpk5s8dqq2x7ql4j3t4:open-relay-single-open-offline-gateway-online,open-relay-single-open-offline-gateway-online,npub-namespaced,1,key:26914149
npub1y6v9etllwk6nc8l8hrgdgu4zus4vy6zxsv4gs0z29k20a972dcpqtl0jch:s06-19c82f02e65-d336-group,S06-19c82f02e65-d336-group,npub-namespaced,1,key:26985caf
npub1y7ydglnn5u9gkq3m7qz85uakcxudkpxamxktchg6z4xa4qhq9krq68j6qe:tunaBonjour,tuna bonjour,npub-namespaced,1,key:2788d47e
npub1y856xt4qe9pusn9w9y6wupn7ysrujkftvqxjf508h23ytkssvldszk3m84:s09-19c8414450a-4aee-group,S09-19c8414450a-4aee-group,npub-namespaced,1,key:21e9a32e
npub1y9u229xem38r94edztn5yt9gflm56679z23an46rxv02yfxe34jshw5quw:4skinSillyBoys,4skin Silly Boys,npub-namespaced,1,key:2178a514
npub1ycv34edql2yerlsctvdwjjln5mv9nt6fefmu5wrzjlypszgch5uqqmhaje:fingaBlasterGang,Finga Blaster Gang,npub-namespaced,1,key:26191ae5
npub1yeg05zlwfxs8um8n9ymv2uq2gcutqhmdjtumgx38mz2p4amnftyqaetx4x:open-gw-inherit-mmef2ey5-tpts68,open-gw-inherit-mmef2ey5-tpts68,npub-namespaced,1,key:2650fa0b
npub1yel04md3u8839wth9khgpr9m5vhy6u9wxrnr2vc4myg3hgrxz7vqmen2al:closed-relay-reg-closed-direct-join-only,closed-relay-reg-closed-direct-join-only,npub-namespaced,1,key:267efaed
npub1yetq53tvryafgyyqnjqck7qlz0wtdlrzew0fmrvpkgx7clscqahs2lz42r:niceVagenesAndBobs,nice vagenes and bobs,npub-namespaced,1,key:26560a45
npub1yeuk6wwhara28r2dzf86z4k0c7zu5jflukv269vcyg3rxuufz4psg9nzl3:closed-gw-inherit-mme8j7yo-0ffrqp,closed-gw-inherit-mme8j7yo-0ffrqp,npub-namespaced,1,key:26796d39
npub1yjdu2rxasgq6azzqwsyfq7tmeme46tx9kfw7ed25qg834xdluhyqnpw3g5:matrix-group-mm5tltzi,matrix-group-mm5tltzi,npub-namespaced,1,key:249bc50c
npub1yjw7vqezp0r5pgjwufd2nk4k5l88dlsslh8py600llkfawhgsstqkuzn94:direct-host-online-mnxwhnqn,direct-host-online-mnxwhnqn,npub-namespaced,1,key:249de603
npub1ykcalmgytrertfhmv0t6q74vllx8u4qdc4q6554hsa8u66d5mzeqpad94d:closed-gw-inherit-mmcvjp56-783qg8,closed-gw-inherit-mmcvjp56-783qg8,npub-namespaced,1,key:25b1dfed
npub1ykdny2uhs45n5m3wq6rpn20dg3pajqr6emumat2efz9xtvk47g9s0nx46p:closed-gw-inherit-mmdqn8oj-7ydhgv,closed-gw-inherit-mmdqn8oj-7ydhgv,npub-namespaced,1,key:259b322b
npub1ylqk4k8vh2qs20e3anxcjt3w67hdyn2vkn7kdh7su50447axmm2qjjkv25:testGarbagio,test garbagio,npub-namespaced,1,key:27c16ad8
npub1yslm45239slradk453vlhjkwcw7ythrk25q2um9l4sr33vfetn2q29yg4y:open-relay-single-open-offline-gateway-online,open-relay-single-open-offline-gateway-online,npub-namespaced,1,key:243fbad1
npub1ytkp3ffes8g4cn45q8wvlefnelx3tl83laqyyn2zjpp37qhs7yts54nsr9:timmyFingaBlasta,Timmy Finga Blasta,npub-namespaced,1,key:22ec18a5
npub1ytszrkm0zuu95j9r6nteyg7k40f3yjj5qagce9my8q48cctw78zs0km6hc:pub-closed-admin-mm5yxfmd,pub-closed-admin-mm5yxfmd,npub-namespaced,1,key:22e021db
npub1ytszrkm0zuu95j9r6nteyg7k40f3yjj5qagce9my8q48cctw78zs0km6hc:pub-closed-request-mm5ypedw,pub-closed-request-mm5ypedw,npub-namespaced,1,key:22e021db
npub1ytszrkm0zuu95j9r6nteyg7k40f3yjj5qagce9my8q48cctw78zs0km6hc:pub-open-mm5ylie3,pub-open-mm5ylie3,npub-namespaced,1,key:22e021db
npub1yvmml4rkdcju79pdrn0lf9yh32yk3sv3hu30f4kd6nj0874w4u2q2sdqm8:s05-19c82afecea-6101-group,S05-19c82afecea-6101-group,npub-namespaced,1,key:2337bfd4
npub1ywk7j8yk35g2tx2wucfpc29fxar7kr2t00mmekv4j2r403wutqjqypl704:open-relay-single-open-offline-gateway-online,open-relay-single-open-offline-gateway-online,npub-namespaced,1,key:23ade91c
npub1yxssfpcca658jqz7m3jwm98czm6cd2z846lr8jm7n8kmnfncqkfs7wzry9:poopButtz,Poop Buttz,npub-namespaced,1,key:21a10487
npub1yz3qpph2fd5hhw235nhl82wfcu52ejuh8dddha3glr6cek708m5q8nrdau:showDemBlobs,show dem BLOBS,npub-namespaced,1,key:20a20086
npub1yz7ddux4m0dhen8hmthvatu5vlpxpen7t0c7zgfjzhwm6z9yc9gs929p6c:testDonkay,test donkay,npub-namespaced,1,key:20bcd6f0
npub1yzmcz8fpqswyk8pjq77hmypkq9tuhztkdk0p0wudy3kxffz8a3gsy865lt:gobbleFunkyBoys,Gobble Funky Boys,npub-namespaced,1,key:20b7811d
npub1z0z7jlkzvz9453wt67ddyej090dsxd57ef2wspgayqmcefrh5kjssx85u5:girthyDongGobblas,GIRTHY DONG GOBBLAS,npub-namespaced,1,key:13c5e97e
npub1z2z3lnzgu74u7amhs5jumc79hngukv0cls2w3ps8ag8gxdjwtnkskyhxrr:open-relay-single-open-offline-gateway-online,open-relay-single-open-offline-gateway-online,npub-namespaced,1,key:12851fcc
npub1z3fpxr2ddamwk72snxzyahtxp2ua0862r93avepk5s9nt7phgn9s5xgzaj:s05-19c82ecfba4-a6e4-group,S05-19c82ecfba4-a6e4-group,npub-namespaced,1,key:1452130d
npub1z3u4m5rnmvw5ujusluh3tq5k488pzxx3teermmum4lgdukl4h3ds0lv2d6:s06-19c82b82c00-616e-group,S06-19c82b82c00-616e-group,npub-namespaced,1,key:14795dd0
npub1z43kx58uh2eayz5ltf9jpql3msfnflvw3zrny7krjz0wrszgd4qqnyp6a0:s21-19c831a15d2-7327-group,S21-19c831a15d2-7327-group,npub-namespaced,1,key:15636350
npub1z4f77ga3ccw6uflf0zrwltsnp9z6g3mzu08nhw4k8kzk9ct6f3rs4lfshy:open-relay-reg-open-online-gateway-offline,open-relay-reg-open-online-gateway-offline,npub-namespaced,1,key:1553ef23
npub1z62jyh7z7atyjxef7wjuhth06f8v94rw4m0e3tf7gwz48dhkg8lq85h0ck:closed-gw-inherit-mmcygmut-tpj8nz,closed-gw-inherit-mmcygmut-tpj8nz,npub-namespaced,1,key:1695225f
npub1z999yp2tsyulg7nzz2gpsk7mzfm58wh7c5x860uyjnv2xat9z0mq235gmp:closed-gw-inherit-mmcvrk3n-gn5tuq,closed-gw-inherit-mmcvrk3n-gn5tuq,npub-namespaced,1,key:114a5205
npub1z9xfuz845djvequcynmandvl4m8ywc6wmr4x0q7patrj8cssruxs3jsarp:s06-19c83ad2bec-5650-group,S06-19c83ad2bec-5650-group,npub-namespaced,1,key:114c9e08
npub1zawse766kqtcf9unkey8whlytetfjawaqvfr3ffzxy8uxhm83mhshedg02:patchdiag-1772307875081,PatchDiag-1772307875081,npub-namespaced,1,key:175d0cfb
npub1zc2844m3n69my42uwa65cp0nr0gwdpv9rdyn5mttpwxk5gptcqpsqdddk7:no2gateway,no2gateway,npub-namespaced,1,key:16147ad7
npub1zd2mzkmcfyr0snfagdphjeudty0xaeddvn6wvd9mf0yx943clmzsepwkzh:s01-19c82590c83-13c9-group,S01-19c82590c83-13c9-group,npub-namespaced,1,key:1355b15b
npub1zdvhvlw6mzej0j33d8cufjqhu3pjsklf0dzt75aflxw55an8y5nq0l93yx:testSkibidiTestTest,test skibidi test test,npub-namespaced,1,key:1359767d
npub1zfnf0twn4m6tq5ayymrdxle9zmvu94kaaygwyg2c7ttm5wzegunqx0hyfy:syncyPinky,syncy pinky,npub-namespaced,1,key:126697ad
npub1zfxc3g608cq3762t9p4jxl96k4t79pk68y7asdrkf649yjy2jtdshchzpa:eatmydick,eatmydick,npub-namespaced,1,key:124d88a3
npub1zfxc3g608cq3762t9p4jxl96k4t79pk68y7asdrkf649yjy2jtdshchzpa:pumpyPump,pumpy pump,npub-namespaced,1,key:124d88a3
npub1zgtjd8psls65y4azkwh7l29g0h3undqdr0m3hx0dcg5q5ym77jvsrjytda:open-relay-single-open-offline-gateway-online,open-relay-single-open-offline-gateway-online,npub-namespaced,1,key:1217269c
npub1zhm2s8tj0jy5va00234xkccfjmft3j5c7ma2trggelmny600jgpsnmpdq4:skillbertGrape,Skillbert Grape,npub-namespaced,1,key:15f6a81d
npub1zhpsvfmhedgncn742nv4gv4zcc9wh74mtzmcpa56ug5c0hcj6svqe3qq3c:open-relay-reg-open-offline-gateway-online,open-relay-reg-open-offline-gateway-online,npub-namespaced,1,key:15c30627
npub1zj8m8xl8xwrytsa608dm0hycmpls537ukuvhqsd0fkr3nk5zenwqc6h4yq:s08-19c8412d04f-d1a6-group,S08-19c8412d04f-d1a6-group,npub-namespaced,1,key:148fb39b
npub1zkgtzx9x9chaknfstlqy9x3gsyndwxgvzf7m50nrx55xavfk8rrqujlnfg:stinkypooBoys,StinkyPoo Boys,npub-namespaced,1,key:1590b118
npub1zm3q0vglykpk3zx73qzeew7duttaah5cc5l8zvt2l3pq2r3zdjyse4n2hj:testDongolius,test dongolius,npub-namespaced,1,key:16e207b1
npub1zmd3mx9a9ykqfck40ew7wpfux9n8cthwyjyzq9jnldard57wqgksfarn94:testClobed,test clobed,npub-namespaced,1,key:16db1d98
npub1zn0fcj0an7fvk7qauvrfu2fg50k4fezrrvxjkae0hmmglxlnssjqellana:s05-19c83bcbb50-a60b-group,S05-19c83bcbb50-a60b-group,npub-namespaced,1,key:14de9c49
npub1znqrqpp3n7pt4wexwn2uhdgahyjk5k39v94ll3x25a8xepjlcutqwukf0m:toiletPoopers,Toilet Poopers,npub-namespaced,1,key:14c03004
npub1zppfhwgjh5crsfytvtunjx2nctem3yttr3cpxxd2972mrft4cp3qn0j4r6:s07-19c836bc411-f605-group,S07-19c836bc411-f605-group,npub-namespaced,1,key:10429bb9
npub1zqaj5m3gu642s07jdd6d2dwujayc248jpxw97vzspk8vmgh6yq7sl2an93:closed-gw-inherit-docker-mmcoqtai,closed-gw-inherit-docker-mmcoqtai,npub-namespaced,1,key:103b2a6e
npub1zqtth7fumy78hszf6uxglhexzq0xy0eck3zfr0ajkex83zpwxrkqu3s27h:cross-open-mmmep2dq-c227d8,cross-open-mmmep2dq-c227d8,npub-namespaced,1,key:1016bbf9
npub1zs2pdsgas2hnk3zhn0gwn5e2vquvp3sq6qc9tj9nj96eev2fgn5se22zyu:pompkinPatch,Pompkin PATCH,npub-namespaced,1,key:141416c1
npub1zwffdet2tgs69uf3vm0t3zcwwwvskw836hw3jynr820r3tkucdxsne58ww:xrayRelay,XRAY RELAY,npub-namespaced,1,key:139296e5
npub1zwqxlg30r9decv2xpem8f3xz60qfwxjzt2stducc9ldgds3alzqqzatnnr:closed-gw-inherit-mmcvypzx-5wqft1,closed-gw-inherit-mmcvypzx-5wqft1,npub-namespaced,1,key:13806fa2
npub1zyypq26200chzpjsa9nk4wmqs88xerk8chzs4hdn36wjstnyu4vsg8kmf0:open-relay-contract-gateway-unassigned-error,open-relay-contract-gateway-unassigned-error,npub-namespaced,1,key:1108102b
npub1zzae3m634vfm7q4yk4ffht3z9hx3yrhelu5hr0ykv6r44zh2pglsjvx3mn:closed-relay-single-closed-offline-gateway-online,closed-relay-single-closed-offline-gateway-online,npub-namespaced,1,key:10bb98ef
npub1zzwpzv0pumvxt4gukds7fz7xnsdqa54lmwjrfysgqcuv93jldxmqmj4vm4:rootfixopen-1772308677012,RootFixOpen-1772308677012,npub-namespaced,1,key:109c1131
oa-space-f97280b208cac3cf2dda7faaaa3bb3a13cac193abf941d8b0b3e9fdef8d3047b,My Space,human-readable slug,1,key:2c879cab
profile,mzydg,human-readable slug,1,key:098069ab
profile_a81f4170563d5121bdf75317,,human-readable slug,1,key:66e8514f
proughshuchaybl7,calgary,random alnum,1,key:78203992
psh6a7y4la,,random alnum,1,key:a99a869e
ro0sypqcqt,stl1988-1,random alnum,1,key:a99a869e
rspuyeetackckp92,Vegans of Nostr,random alnum,1,key:93261457
staff-roster,,human-readable slug,1,key:1fce2009
sybofs2h4f,,random alnum,1,key:a99a869e
test-nip29-group,,human-readable slug,1,key:b214c32d
test-odas,Test Odas,human-readable slug,1,key:98b2a36a
testabis,Testabis,human-readable slug,1,key:3ab4c8ea
teste_delete_me,,human-readable slug,1,key:699f872a
tym3470b4d6pcyrz,,random alnum,1,key:30ceb64e
u0x58s6x3r0g,6.15,random alnum,1,key:311b5ace
vkee3geNMRAjmXrK,cool cats,random alnum,1,key:00bb97ab
wanr0wd9o3,,random alnum,1,key:a99a869e
x5jdd6x3e1qd,test relay 2,random alnum,1,key:5fc31523
xqh7kwuqixpr5zxn,Texas Women,random alnum,1,key:93261457
yf4uhanyis,ggggg,random alnum,1,key:a99a869e
zmt3l6wfog,hey hey 2,random alnum,1,key:a99a869e
zomg-osptfc,ZOMG,human-readable slug,1,key:e623d95e
_,,relay-wide `_`,0,wss://christpill.nostr1.com wss://elites.nostrati.org wss://frens.nostr1.com wss://giftcitadel.nostr1.com wss://gitcitadel.nostr1.com wss://groups.0xchat.com wss://hivetalk.nostr1.com wss://honey.nostr1.com wss://inner.sebastix.social wss://niel.nostr1.com wss://nos.lol wss://nostr.wine wss://nostrelites.org wss://pyramid.fiatjaf.com wss://relay.damus.io wss://spatia-arcana.com wss://thebarn.nostrfreaks.com wss://theforest.nostr1.com wss://tigs.nostr1.com wss://zaplab.nostr1.com
unknown,,human-readable slug,0,wss://budabit.nostr1.com wss://nostr.bitcoiner.social wss://nostr.mom wss://relay.beginningend.com wss://syb.lol
16ca49adc1425d11b58c00f66ff27a5d,,random hex-32,0,wss://chat.wisp.talk wss://groups.0xchat.com
1cfeee0ef54154e026786b7942fe30d5,,random hex-32,0,wss://r.kojira.io wss://yabu.me
txoko,,human-readable slug,0,wss://community.bitcointxoko.com wss://relay.nostr.band
voidb,,human-readable slug,0,wss://groups.0xchat.com wss://relay.damus.io
018873664046597183,,numeric id,0,wss://beitmenotyou.nostr1.com
02331956909871291,,numeric id,0,wss://chat.shakespeare.diy
02793f1d272b1a1bc9b2729750959aa2524c5aa2436611bbc92a37aaa00a30b2,,random hex-64,0,wss://groups.0xchat.com
03517176726225635,,numeric id,0,wss://coracle-relay.ngrok.io
055803032df890b66fe82b00bbdb3da7,,random hex-32,0,wss://lnbits.sigmaunc.com/nostrrelay/sigmaunc
062be4f6-7de3-44,,human-readable slug,0,wss://relay.highlighter.com
0693293469873495,,random hex-16,0,wss://beitmenotyou.nostr1.com
0713982e-aa77-45,,human-readable slug,0,wss://relay-jp.nostr.wirednet.jp
07406600352110604,,numeric id,0,wss://nosfabrica.nostr1.com
0769504f-abcc-4989-a61a-932f619b3eb1,,uuid,0,wss://nosfabrica.communities.buzz.xyz
07defbb6bc558086117c0f02036c3079,,random hex-32,0,wss://chat.wisp.talk
08973770126521863,,numeric id,0,wss://relay.westernbtc.com
08b0e2f3-a9db-46,,human-readable slug,0,wss://relay.highlighter.com
08d470f760be13dc101c6c86921122bc9c8144c64e0f424835544babe62f12ff,,random hex-64,0,wss://nos.lol
0HpqXRy9s1oBWiA0,,random alnum,0,wss://groups.0xchat.com
0a11f41368af528dec8ac1b35e1c6b39,,random hex-32,0,wss://groups.0xchat.com
0b03f54ab5fe58834b70611bf474112f,,random hex-32,0,wss://groups.0xchat.com
0ca48cf1-036c-4e,,human-readable slug,0,wss://relay.highlighter.com
0ccc9099-1a7f-4e,,human-readable slug,0,wss://relay.highlighter.com
0d65a8463460ae34d3d3819e808e80aa366358ae65f6e19cfa63f0c6c8f319da,,random hex-64,0,wss://groups.0xchat.com
0eda86817c41e1b60c453361bc29faf9,,random hex-32,0,wss://relay.fsas.technology
0f1f36fb-efb7-45,,human-readable slug,0,wss://relay.highlighter.com
0p654wI1dLR7IYh9,,random alnum,0,wss://communities.nos.social
11069699789707166,,numeric id,0,wss://communities.nos.social
110ad394-bceb-44,,human-readable slug,0,wss://relay.highlighter.com
11386152319551879,,numeric id,0,wss://wuerzburg.bitcoinwalk.org
11cd9766,,random hex-8,0,wss://groups.fiatjaf.com
1317084f-6b26-46,,human-readable slug,0,wss://relay.highlighter.com
1359192682417485,,random hex-16,0,wss://barcelona.bitcoinwalk.org
13743429091911785,,numeric id,0,wss://groups.basspistol.org
1412475305824873,,random hex-16,0,wss://wot.sebastix.social
1429499503873799,,random hex-16,0,wss://mapdepirates.pagekite.me
14aaa637-c4ea-4f,,human-readable slug,0,wss://relay.highlighter.com
15362666459837515,,numeric id,0,wss://relay.andotherstuff.org
1548972851200262,,random hex-16,0,wss://relay.nostrtalk.org
15c4975d9ad753431bd6924efd8c89f8,,random hex-32,0,wss://groups.0xchat.com
163c4881cb02b4e81f31c22f4edae2fc49eff804d168979b55734ff8eb730c99,,random hex-64,0,wss://groups.0xchat.com
1764b720896b134979fa363f5a781d92,,random hex-32,0,wss://meihei.spaces.coracle.social
17a7bbb1-141a-42a5-9920-58cfc0f79cc2,,uuid,0,wss://buzz.relay.tools
18acc38251a7d609db53c8e7f6cd10ed,,random hex-32,0,wss://groups.0xchat.com
18ed1440-7acb-4f,,human-readable slug,0,wss://relay.snort.social
1918f17b6635734164b37107701d302e,,random hex-32,0,wss://groups.0xchat.com
19ab9500745390e8b60b31a54a9db758,,random hex-32,0,wss://meihei.spaces.coracle.social
1a6f816a84b4b7ccc6789da6d87fea088ed4591b4749d6a93d2cf20fdb2e80d6,,random hex-64,0,wss://relay.groups.nip29.com
1b5c993f36b77692121f843423dcf3d8,,random hex-32,0,wss://groups.0xchat.com
1bb23212-9393-499f-9fd7-78b2bacbe9eb,,uuid,0,wss://vim-jp.communities.buzz.xyz
1c49f78e07a097cb41eb6aa480928b8b,,random hex-32,0,wss://communities.nos.social
1d3aeaaa-c209-48,,human-readable slug,0,wss://relay.highlighter.com
1e1b537e-8365-4a,,human-readable slug,0,wss://relay.highlighter.com
1e7c4874-e68d-41,,human-readable slug,0,wss://relay.highlighter.com
1ed163c3060a6ba091f42a5fe22d4785,,random hex-32,0,wss://relay.dreamith.to
1f2b42d7-bb3f-4dce-b18c-76243a105312,,uuid,0,wss://edufeed.communities.buzz.xyz
20214537609052152,,numeric id,0,wss://meta.spaces.coracle.social
203ab16056e0d93d67c8470bc2e97d37,,random hex-32,0,wss://groups.0xchat.com
20599398007890957,,numeric id,0,wss://chat.bitcoinwalk.org
20e93e8c-0176-42,,human-readable slug,0,wss://relay.highlighter.com
21169196432875137,,numeric id,0,wss://beitmenotyou.nostr1.com
211a8b02658941b16637047d870e8fd6,,random hex-32,0,wss://groups.0xchat.com
21251425750130315,,numeric id,0,wss://nostr.gravitywell.xyz
21510156189947904,,numeric id,0,wss://nostr.gravitywell.xyz
21648295237157367,,numeric id,0,wss://beitmenotyou.nostr1.com
21d787ef-09d6-46,,human-readable slug,0,wss://relay.highlighter.com
22053160979007447,,numeric id,0,wss://beitmenotyou.nostr1.com
22180379073106793,,numeric id,0,wss://pnwbtc.brightbolt.net
2401ae7a2043543d,,random hex-16,0,wss://warszawa.bitcoinwalk.org
24372580007967537,,numeric id,0,wss://pnwbtc.brightbolt.net
261028e6ca5448334bc3882a4a18080da0aa0d9c9a860ca18c933c74981dcda0,,random hex-64,0,wss://dkkc.nostr1.com
27030514-c54e-44,,human-readable slug,0,wss://relay.highlighter.com
27620342315785673,,numeric id,0,wss://beitmenotyou.nostr1.com
28202628879475666,,numeric id,0,wss://beitmenotyou.nostr1.com
28ca2348b8cd684edc1c92f771c1f91e,,random hex-32,0,wss://communities.nos.social
28f1a45ea2b02a57,,random hex-16,0,wss://nostr.wine
2931869033711545,,random hex-16,0,wss://london.bitcoinwalk.org
2988406258944164,,random hex-16,0,wss://aplaceinthesun.nostr1.com
29er,,human-readable slug,0,wss://nip29.f7z.io
29er-next,,human-readable slug,0,wss://nip29.f7z.io
2b041bcb0f61fef0ebb2543ec5cc0258,,random hex-32,0,wss://groups.0xchat.com
2b128d2c-1ead-4f,,human-readable slug,0,wss://relay.highlighter.com
2cfa0bc5-8b46-4a,,human-readable slug,0,wss://relay.highlighter.com
2d79ba2547073c5dba1054d4ba5c8718,,random hex-32,0,wss://groups.0xchat.com
2da80d88f7a0ffa2440e739171901e9d,,random hex-32,0,wss://chat.wisp.talk
2df2f037-73ef-46,,human-readable slug,0,wss://relay.highlighter.com
2ee30926356c6102f17567247893b09827cd51f077d884b11d6a02c9958a8bc5,,random hex-64,0,wss://relay.primal.net
2f23dd09d79624783e837acd0a610a62,,random hex-32,0,wss://groups.0xchat.com
2fc3a503-110e-404f-8137-49005ce2a1ad,,uuid,0,wss://nosfabrica.communities.buzz.xyz
2y8txjg7kf38,,random alnum,0,wss://groups.0xchat.com
30f0f43e68a213bdd2c5345e25011ea3,,random hex-32,0,wss://groups.0xchat.com
30fa25e5-413d-47,,human-readable slug,0,wss://relay.highlighter.com
317a249e36bf87cb,,random hex-16,0,wss://groups.0xchat.com
324940042548427,,numeric id,0,wss://beitmenotyou.nostr1.com
3291d1fa90695862c898068168821d89,,random hex-32,0,wss://wot.sebastix.social
32930692580668475,,numeric id,0,wss://coracle-relay.ngrok.io
34550:11653db7a808363207e1ea0992c830f1a573cdaf22530cead4fd3e0dc4df6230:AlpenRiderChain,,human-readable slug,0,wss://nos.lol
3570dfa7d6891659216397583f11506f,,random hex-32,0,wss://groups.0xchat.com
35f2ec126a983d0e65a41c9ab6b23782,,random hex-32,0,wss://nip29.f7z.io
36fmOuLCjyzsCDkZ,,random alnum,0,wss://groups.0xchat.com
374g0y0unf8a,,random alnum,0,wss://chat.wisp.talk
379d35be,,random hex-8,0,wss://nip29.f7z.io
3927580570354171,,random hex-16,0,wss://relay.primal.net
392accc1-d945-57ce-b6a0-8b86bc761f89,,uuid,0,wss://azoth-ritual.communities.buzz.xyz
39df66b824d16ccfb161f659a6fc764e,,random hex-32,0,wss://groups.0xchat.com
39e19ede-73ca-4f,,human-readable slug,0,wss://relay.highlighter.com
3M5UCLEWLQFY,,random alnum,0,wss://communities.nos.social
3UC959I9MIAR,,random alnum,0,wss://communities.nos.social
3a8221ad361aa638439a0441152ce61e,,random hex-32,0,wss://relay-nostr.0xti.com
3af2q3DSCqSfj6DC,,random alnum,0,wss://community.bitcointxoko.com
3afe35500966271f852e79d0fb27b5c1,,random hex-32,0,wss://groups.0xchat.com
3b217b71bbc40fd7ad74d28108bf10a0,,random hex-32,0,wss://groups.0xchat.com
3c15262d-db33-4e,,human-readable slug,0,wss://relay.highlighter.com
3c16bf1f2908d7d567ef52c489e45acdd171216b7bdeca1cbaf399646452d847,,random hex-64,0,wss://relay.damus.io
3cn0gpw2y8l2,,random alnum,0,wss://chat.wisp.talk
3dd35c50-d18d-42,,human-readable slug,0,wss://relay.highlighter.com
3ff0bf03435e3c81,,random hex-16,0,wss://communities.nos.social
3plyadwlig1f,,random alnum,0,wss://chat.wisp.talk
40119910658345803,,numeric id,0,wss://chat.bitcoinwalk.org
405c59b1ca4b0347614237f8c5d6fdbb,,random hex-32,0,wss://groups.0xchat.com
42466283723001275,,numeric id,0,wss://group.einundzwanzig.space
42622698622d31ed5b46aa3f258aa7e9bce195c056a20465502dc98fbafda96d,,random hex-64,0,wss://relay29.notoshi.win
42718910229631957,,numeric id,0,wss://meta.bitcoinwalk.org
443493664392985,,numeric id,0,wss://relay.andotherstuff.org
4459145146794449,,random hex-16,0,wss://coracle-relay.ngrok.io
44986645804987035,,numeric id,0,wss://relay.nostrtalk.org
4499589723321513,,random hex-16,0,wss://groups.basspistol.org
46fc871c1aedb295a8325abcf7663467d297b0a852733ceb06b0957d1c14bff4,,random hex-64,0,wss://frens.nostr1.com
4735d52d4b3bd4e8f05dfc943f66a4f329992fd0befb8ec933d501814fd6b5ba,,random hex-64,0,wss://groups.0xchat.com
4778685657516346,,random hex-16,0,wss://relay.azzamo.net
488839883055572,,numeric id,0,wss://relay.scuttle.works
4936590269542691,,random hex-16,0,wss://beitmenotyou.nostr1.com
49c8a84cad533a965a328a7b1954355c625480dd7ea773d9c4f56067ff0ec7c7,,random hex-64,0,wss://relay.primal.net
49e57100c2bd8e788315e80ca199b850,,random hex-32,0,wss://relay.damus.io
4KUUQ63UCW3Y,,random alnum,0,wss://communities.nos.social
4NZVZ3MW9X5F,,random alnum,0,wss://communities.nos.social
4ba93bce-c30b-4d,,human-readable slug,0,wss://relay.highlighter.com
4e49f3963939ea1e83684370eed92c80594eed3523d69cc534fcc7791e704b3a,,random hex-64,0,wss://relay.damus.io
4ec762f71c206db63d8e7fd5dc57c2bc,,random hex-32,0,wss://communities.nos.social
4f09b048fdb21d157e113415281a727ed1c79bc57f5ce9adf8e2a03b6bc30c16,,random hex-64,0,wss://groups.0xchat.com
4f2c2ffc-f294-4d,,human-readable slug,0,wss://relay.highlighter.com
4f2c5856-15b0-44,,human-readable slug,0,wss://relay.highlighter.com
4xwe6r2w0gm7,,random alnum,0,wss://communities.nos.social
5003735153205101,,random hex-16,0,wss://nostr.einundzwanzig.space
5090660981541482,,random hex-16,0,wss://coracle-relay.ngrok.io
5092332689438597,,random hex-16,0,wss://coracle-relay.ngrok.io
5100de009dc1bb34280bf4c76ac72941,,random hex-32,0,wss://groups.0xchat.com
5279972593081228,,random hex-16,0,wss://relay.azzamo.net
528a4a3c7c600b7934d095a77ac500accb94faf1bd2f8ae4421d90f07ac843d7,,random hex-64,0,wss://theforest.nostr1.com
5430402262935434,,random hex-16,0,wss://nostr-bridge.spaces.coracle.social
54c3ac4f-773b-42,,human-readable slug,0,wss://relay.highlighter.com
5534503510815646,,random hex-16,0,wss://meta.spaces.coracle.social
5575951546242842,,random hex-16,0,wss://boka-flotilla.spaces.coracle.social
558208284015635,,numeric id,0,wss://relay.buildtall.com
5642280600063576,,random hex-16,0,wss://pnwbtc.brightbolt.net
570f7c31-8967-42,,human-readable slug,0,wss://relay.primal.net
5732175212006154,,random hex-16,0,wss://beitmenotyou.nostr1.com
576d38b2-9372-418e-93ec-134ca508722c,,uuid,0,wss://buzz.einundzwanzig.space
5888565518944991,,random hex-16,0,wss://coracle-relay.ngrok.io
5917084276092348,,random hex-16,0,wss://relay.nostrtalk.org
5944118444399769,,random hex-16,0,wss://beitmenotyou.nostr1.com
599f67f7df7694c603a6d0636e15ebc610db77dcfd47d6e5d05386d821fb3ea9,,random hex-64,0,wss://koru.bitcointxoko.com
59eb1beb-8b11-4e00-a179-d7ade8574b1b,,uuid,0,wss://buzz.relay.tools
5TJS52GITFKA,,random alnum,0,wss://communities.nos.social
5a339010-0aed-48,,human-readable slug,0,wss://relay.highlighter.com
5apft79di6qf,,random alnum,0,wss://chat.wisp.talk
5c8ce596-59e4-4c,,human-readable slug,0,wss://relay.highlighter.com
5e7e0d09-3a43-46,,human-readable slug,0,wss://relay.highlighter.com
5f187471-cf86-41f0-8ce4-7edac6a6c092,,uuid,0,wss://edufeed.communities.buzz.xyz
5f311976-3300-5a98-a3e5-d224d6fcaae6,,uuid,0,wss://amethyst.communities.buzz.xyz
5f61f979a941c0f9b826ffbd677bf9cc,,random hex-32,0,wss://groups.0xchat.com
5f78b7ba0beca76fa93ba391c05b2552,,random hex-32,0,wss://nip29.f7z.io
6077285583835739,,random hex-16,0,wss://nostr.einundzwanzig.space
611021eaaa2692741b1236bbcea54c6aa9f20ba30cace316c3a93d45089a7d0f,,random hex-64,0,wss://ditto.pub/relay
6169369935010188,,random hex-16,0,wss://relay.drss.io
62080319-bd21-4bf8-9947-7489fdfe8401,,uuid,0,wss://edufeed.communities.buzz.xyz
620fb72373b385983563af4f58bebfa7f45c7947ce24e86d018407086f42561a,,random hex-64,0,wss://groups.0xchat.com
6299528350297987,,random hex-16,0,wss://meta.bitcoinwalk.org
62E5TAIXGQ4M,,random alnum,0,wss://communities.nos.social
6380337e-fb07-5dac-8aac-aed09845ef6c,,uuid,0,wss://project.plebeian.foundation
63e4467df66c0adeec6cc392a760593e,,random hex-32,0,wss://groups.0xchat.com
642794740147491,,numeric id,0,wss://nostrelites.org
6605507419487833,,random hex-16,0,wss://meta.bitcoinwalk.org
660d8c78651f70487ec9b8ddc283e29cf2561693dda3ba246d3fd3c08dbb7083,,random hex-64,0,wss://relay.damus.io
661a9dfd-3b78-44,,human-readable slug,0,wss://relay.highlighter.com
66E6CKSL65TG,,random alnum,0,wss://communities.nos.social
6840a06c-9f56-43,,human-readable slug,0,wss://relay.highlighter.com
68ec1464-134c-42,,human-readable slug,0,wss://relay.highlighter.com
692e14de-d3b9-4e,,human-readable slug,0,wss://relay.highlighter.com
69716699189887,,numeric id,0,wss://chat.shakespeare.diy
6XUITUGEJN45,,random alnum,0,wss://communities.nos.social
6a39da2f-33c0-44f6-a050-c4da0138644a,,uuid,0,wss://nosfabrica.communities.buzz.xyz
6a49edcc-78ad-51a7-852f-a80bb9c21a7f,,uuid,0,wss://nosfabrica.communities.buzz.xyz
6cf9e18cd32858c288643c27ed41cf87,,random hex-32,0,wss://chat.wisp.talk
6d155ff2-7842-5899-9ef0-582c2904e0d8,,uuid,0,wss://fruits.communities.buzz.xyz
6ffac33d101504f4eb4715e28cc951f7,,random hex-32,0,wss://groups.0xchat.com
6gsxquwYmq8bWIFj,,random alnum,0,wss://groups.0xchat.com
7027478861853066,,random hex-16,0,wss://meta.spaces.coracle.social
7082503923199975,,random hex-16,0,wss://meta.spaces.coracle.social
714f72f2761e1ecc214b9b902551e06746db1f0aa7c4bdd8c77ee7fa397c20c6,,random hex-64,0,wss://relay.groups.nip29.com
7296134019014016,,random hex-16,0,wss://beitmenotyou.nostr1.com
73077d07ec36e55b7952044fbcc3b15b,,random hex-32,0,wss://chat.wisp.talk
73248f055558a008d1266b75aa69948f,,random hex-32,0,wss://groups.0xchat.com
74058766,,random hex-8,0,wss://groups.fiatjaf.com
7440713801072689,,random hex-16,0,wss://autisticos.spaces.coracle.social
74d833f8-39ba-4b,,human-readable slug,0,wss://relay.highlighter.com
7516998089859608,,random hex-16,0,wss://wot.sebastix.social
751b5743cdd3fc074056acddb8f1161584c62327ded8f91936f65abba67f05c7,,random hex-64,0,wss://relay.damus.io
7577c8e6-2ce8-4603-a121-e979a3ef6592,,uuid,0,wss://buzz.nostr21.net
758d2cdc39c805effa6b1425bf859e25,,random hex-32,0,wss://groups.0xchat.com
7594221335081469,,random hex-16,0,wss://seattle.bitcoinwalk.org
7684126495514898,,random hex-16,0,wss://beitmenotyou.nostr1.com
769cbae7a34c0152,,random hex-16,0,wss://communities.nos.social
76bcb4b4253c16a1041808592a2a4d48,,random hex-32,0,wss://nip29.f7z.io
773b2fa8-2884-4b20-8fae-ee508747e838,,uuid,0,wss://buzz.relay.tools
773cc191-d003-4e,,human-readable slug,0,wss://relay.highlighter.com
7771dbfb4f8d5e2a,,random hex-16,0,wss://groups.0xchat.com
77ae3e62-2c28-48,,human-readable slug,0,wss://relay.highlighter.com
7827df58-b975-4e,,human-readable slug,0,wss://relay.highlighter.com
784afa,,random hex-6,0,wss://relay.tollgate.me
7860449722386684,,random hex-16,0,wss://beitmenotyou.nostr1.com
789369c398472ebb5c271140aedd3dbe,,random hex-32,0,wss://groups.0xchat.com
7IdNtMiEdLZ7QQSI,,random alnum,0,wss://groups.0xchat.com
7a487907-ec12-41,,human-readable slug,0,wss://relay.highlighter.com
7a51be66,,random hex-8,0,wss://groups.fiatjaf.com
7a80de70-165d-47,,human-readable slug,0,wss://relay.highlighter.com
7b3a9a96e57b1bcfc4c98c2b4a7db1ef4437fa6795597084c54291fac88dbcce,,random hex-64,0,wss://groups.0xchat.com
7bc17a3c24eb3526fd4599fa6f7e8dfff8ab5b2b770c189769b5db1ed8f0c92b,,random hex-64,0,wss://groups.0xchat.com
7c095ee2eb93cba8,,random hex-16,0,wss://groups.libernet.app
7e3c751876281704f67a3d3a6fd2ada0,,random hex-32,0,wss://groups.0xchat.com
7fa56f5d6962ab1e3cd424e758c3002b8665f7b0d8dcee9fe9e288d7751ac194,,random hex-64,0,wss://frens.nostr1.com
7fdd8592-f5dc-47c7-b1ba-e15386257aac,,uuid,0,wss://buzz.relay.tools
8005261086733322,,random hex-16,0,wss://onlynostr.club
8045376b9a4105c7c928bdc08cef8a3b,,random hex-32,0,wss://nip29.f7z.io
8069a44a8ff386b7340e24530a15f988,,random hex-32,0,wss://groups.0xchat.com
8129150090508874,,random hex-16,0,wss://beitmenotyou.nostr1.com
8218556447943133,,random hex-16,0,wss://beitmenotyou.nostr1.com
831c8264-1bce-4e,,human-readable slug,0,wss://relay.highlighter.com
8377b281567d6faa371d14c41701c7f1,,random hex-32,0,wss://groups.0xchat.com
8413709316376523,,random hex-16,0,wss://meta.spaces.coracle.social
84eb783a6625356c1bc0dcee70476bc9,,random hex-32,0,wss://groups.0xchat.com
85d4e407-6ca3-40,,human-readable slug,0,wss://relay.highlighter.com
863712501186118,,numeric id,0,wss://beitmenotyou.nostr1.com
867041f410f750f3070dc5963f559d35,,random hex-32,0,wss://groups.0xchat.com
8767796055154282,,random hex-16,0,wss://beitmenotyou.nostr1.com
88f507b8c851da0252f4d718d495fed4,,random hex-32,0,wss://groups.0xchat.com
890ea9674b7ce545e8f5810d5836598b,,random hex-32,0,wss://lnbits.sigmaunc.com/nostrrelay/sigmaunc
8973111158509773,,random hex-16,0,wss://chat.shakespeare.diy
8a0bda7c8c35cd0077648cc0fe78fd6f1cc08d0f620c242d6f68e5c49eb2d253,,random hex-64,0,wss://groups.0xchat.com
8b52325b-ccd3-4b2d-93c2-9b3e59062518,,uuid,0,ws://ehh2z745fqesutggjmru6o27yahq2hlwsvvegyz4bjzofa6c7c7e5nid.onion
8c746496-463f-42,,human-readable slug,0,wss://relay.highlighter.com
8f90785f-f761-4f,,human-readable slug,0,wss://relay.highlighter.com
8fe62634-be86-40,,human-readable slug,0,wss://relay.highlighter.com
8fe9fe4c497b1189bf8429c2f7bb6660,,random hex-32,0,wss://groups.0xchat.com
8fed517614ad5d9c3dd3455d3f5ad308,,random hex-32,0,wss://nip29.f7z.io
9006276934284996,,random hex-16,0,wss://beitmenotyou.nostr1.com
9006cf029b31bf3d5232e274d3bc680f13e0f4fa592108de8d8a71268c94dc97,,random hex-64,0,wss://groups.0xchat.com
9010d554c6f56f760c7b686a99a64463,,random hex-32,0,wss://chat.wisp.talk
9064155681313084,,random hex-16,0,wss://corny.mycelium.social
90e62d81-06fb-42,,human-readable slug,0,wss://relay.highlighter.com
9209d7,,random hex-6,0,wss://relay.groups.nip29.com
9323100235965043,,random hex-16,0,wss://beitmenotyou.nostr1.com
939f392681226336ed597a3c3372eacc,,random hex-32,0,wss://groups.0xchat.com
946f7746-60be-4c,,human-readable slug,0,wss://relay.highlighter.com
950290869483702,,numeric id,0,wss://testgroup.self-determined.de
9530719501780491,,random hex-16,0,wss://budabit.nostr1.com
9577336765545896,,random hex-16,0,wss://coracle-relay.ngrok.io
9622535496386204,,random hex-16,0,wss://wot.sebastix.social
9627828936903456,,random hex-16,0,wss://nostr.gravitywell.xyz
96721701-2248-4cc6-934c-5f52bceae133,,uuid,0,wss://buzz.relay.tools
98dae38b73053fc95c7020a8a9b06e90,,random hex-32,0,wss://relay.damus.io
999b6021de5ac449f5520fd38fc01c1999fd99b482b1e505451ee4a81a77430e,,random hex-64,0,wss://relay.catk.fun
99fe9ea6b8252c08bb60c963e5b859e0,,random hex-32,0,wss://groups.0xchat.com
9KJIhZbvih8Or5BM,,random alnum,0,wss://groups.0xchat.com
9PFWSLWQ7R8X,,random alnum,0,wss://communities.nos.social
9ad673ae-2f41-4a,,human-readable slug,0,wss://relay.highlighter.com
9ba1788b-600e-45,,human-readable slug,0,wss://relay.highlighter.com
9c0dfc3b688afaddecf189a9898e40fb,,random hex-32,0,wss://groups.0xchat.com
9c2718cb-faa0-4e,,human-readable slug,0,wss://relay.highlighter.com
9c2eb337-25c2-44,,human-readable slug,0,wss://relay.highlighter.com
9d5d9cb5cde8f538c4475761c292af3a,,random hex-32,0,wss://yabu.me
AQTR67MW35PY,,random alnum,0,wss://communities.nos.social
BDgnyxEU6SXjuW0o,,random alnum,0,wss://groups.0xchat.com
BM2JHVJI7I93,,random alnum,0,wss://communities2.nos.social
BRfP5OK15SSy4Yz7,,random alnum,0,wss://communities.nos.social
BVNWBMGWMDEB,,human-readable slug,0,wss://communities.nos.social
C9WDNV5PFF7P,,random alnum,0,wss://communities.nos.social
CWsWSSCti2fJF8WQ,,random alnum,0,wss://onlynostr.club
CcpKJ7kzhSpAOT07,,random alnum,0,wss://groups.0xchat.com
EEBICEM3Z63X,,random alnum,0,wss://communities.nos.social
EYXMC2HX6MDG,,random alnum,0,wss://communities.nos.social
FH43BWUR4TVG,,random alnum,0,wss://communities.nos.social
Fh2rpwrA2WHjdO5v,,random alnum,0,wss://communities.nos.social
GAPZ47VAC7CA,,random alnum,0,wss://communities.nos.social
GBJTXDL8FTQ5,,random alnum,0,wss://communities.nos.social
GGEFUZKBG3R8,,random alnum,0,wss://communities.nos.social
H7xoNapzLo0qXrdG,,random alnum,0,wss://groups.0xchat.com
HHSB99KT3J2D,,random alnum,0,wss://communities.nos.social
JEDCZYGCFZFE,,human-readable slug,0,wss://communities.nos.social
JX27SRDLFEMB,,random alnum,0,wss://communities.nos.social
KEGZTTC3HGBA,,random alnum,0,wss://communities.nos.social
LI94BE2K38MS,,random alnum,0,wss://relay.nostr.band
M3szYJmP5EoqlF3L,,random alnum,0,wss://groups.0xchat.com
MJBYYVNFSSNZ,,human-readable slug,0,wss://communities.nos.social
MXciDlZ5Me0Q64VL,,random alnum,0,wss://communities.nos.social
N3lfLymjQLlyY2R4,,random alnum,0,wss://groups.0xchat.com
NJE3Y39NXRX9,,random alnum,0,wss://communities.nos.social
Nos,,human-readable slug,0,wss://relay.nos.lol
OMV8wM6b6A0ZZZpJ,,random alnum,0,wss://groups.0xchat.com
P8KY2LNEQ8Y5,,random alnum,0,wss://communities.nos.social
PnahiLrrNYuQEKdD,,human-readable slug,0,wss://communities.nos.social
Q5aCbiU6aQRGXIy9,,random alnum,0,wss://communities.nos.social
QfBVyrDr7BUfXHqZ,,random alnum,0,wss://stcweb.mooo.com
R6PCSLSWB45E,,random alnum,0,wss://communities.nos.social
R8J4SCBGG66P,,random alnum,0,wss://communities.nos.social
RAXTZUHK2CSP,,random alnum,0,wss://communities.nos.social
RL2QRLADQKIF,,random alnum,0,wss://communities.nos.social
RNMGKWPV55H5,,random alnum,0,wss://communities.nos.social
RXT4EQHAGISI,,random alnum,0,wss://communities.nos.social
S983MMFBXYDZ,,random alnum,0,wss://communities.nos.social
UN3VUS0oxGRgvuh0,,random alnum,0,wss://relay29.notoshi.win
UVNFUXZSI68W,,random alnum,0,wss://communities.nos.social
VMHMFQIAAR3V,,random alnum,0,wss://communities.nos.social
VMVV45YVJLPI,,random alnum,0,wss://communities.nos.social
WeightTracker,,human-readable slug,0,wss://nip29.f7z.io
XDRPJDWX76KT,,random alnum,0,wss://communities.nos.social
XRGT5nPET4CGOpnb,,random alnum,0,wss://groups.0xchat.com
XXKMKIQ79KU3,,random alnum,0,wss://communities.nos.social
YBRSBT8KCPI2,,random alnum,0,wss://communities.nos.social
Yfx01lfApqbiKvAO,,random alnum,0,wss://communities.nos.social
Z3JmZbenhvy0BOlz,,random alnum,0,wss://groups.0xchat.com
Z4UVD7I2K75Y,,random alnum,0,wss://communities.nos.social
Z529XQ2M7CVZ,,random alnum,0,wss://communities.nos.social
a048fa,,random hex-6,0,wss://relay.tollgate.me
a0fabf2302a2e161,,random hex-16,0,wss://communities.nos.social
a149007fbf60ae2c,,random hex-16,0,wss://groups.0xchat.com
a27f432d47fbb2f2f284273cec9349bd,,random hex-32,0,wss://groups.0xchat.com
a3cb1751-ef8b-4c,,human-readable slug,0,wss://relay.highlighter.com
a5fc963dce4a00f9608595b5fe4b73df,,random hex-32,0,wss://yabu.me
a79b8373af89aa4d1648500f919f25f2,,random hex-32,0,wss://groups.0xchat.com
aa2431d7bda121b5cf597a2dcd4beedc,,random hex-32,0,wss://nip29.f7z.io
aaa,,human-readable slug,0,wss://nip29.f7z.io
ab953cd629fa6c1b,,random hex-16,0,wss://nosfabrica.communities.buzz.xyz
abe3883db9719b42245e0ad3fcea946b,,random hex-32,0,wss://groups.0xchat.com
af885eb5-37fc-42,,human-readable slug,0,wss://relay.highlighter.com
afb35f6186274a10a478c9e0564c1fc1cebb1ab4cedf1fe0dcb904f300c6d335,,random hex-64,0,wss://groups.0xchat.com
ah6sp34ysudv,,random alnum,0,wss://chat.wisp.naked
ancapkid-qs6w3k,,human-readable slug,0,wss://groups.0xchat.com
arghrameege,,human-readable slug,0,wss://garden.zap.cooking
asdf,,human-readable slug,0,wss://r.iqbqioza.com
aslarghstrisou5,,random alnum,0,wss://coracle-relay.ngrok.io
att0ylvqvx,,random alnum,0,wss://groups.0xchat.com
awesome-agents,,human-readable slug,0,wss://nip29.f7z.io
aykroughbleth,,random letters,0,wss://relay.littlebitstudios.com
aysateytru5,,random alnum,0,wss://pm-test-relay.spaces.coracle.social
aythroykrale8,,random alnum,0,wss://png.spaces.coracle.social
b022f7,,random hex-6,0,wss://groups.fiatjaf.com
b13afe1b68de27ab,,random hex-16,0,wss://groups.0xchat.com
b14198b06fe0f922b6688b9f5736f8f1,,random hex-32,0,wss://syb.lol
b28681f29778b7d5b51e77e196719c4a010b3ddd6a4659c961d542d3bd22d72b,,random hex-64,0,wss://relay.catk.fun
b4f6cb296fc5003fb8c47e61dd43c3df,,random hex-32,0,wss://groups.0xchat.com
b563b890f7011869f4535d55992db25f4b0b18cd3dd645855ee6499a8c5704ff,,random hex-64,0,wss://relay.groups.nip29.com
b9f67b939dfa141ad7bfb017ed35c690,,random hex-32,0,wss://lnbits.sigmaunc.com/nostrrelay/sigmaunc
bb22acb9cad971e8867609328b469186,,random hex-32,0,wss://chat.wisp.talk
berula,,human-readable slug,0,wss://groups.0xchat.com
bikel,,human-readable slug,0,wss://relay.bikel.ink
bikel-gang,,human-readable slug,0,wss://relay.bikel.ink
bikel-riders,,human-readable slug,0,wss://relay.bikel.ink
bitcoin-majlis-b8rqg,,human-readable slug,0,wss://relay.meshcat.app
bowlers,,human-readable slug,0,wss://relay.bowlafterbowl.com
bp59x12UEEntfpUs,,random alnum,0,wss://groups.0xchat.com
breaboloy,,random letters,0,wss://nostr.canop2p.net
brourmodprael,,random letters,0,wss://groups.0xchat.com
brouzabeacl,,random letters,0,wss://trobades.kilombino.com
c041cdb7a3164a1e0bdc23f65be71e0d,,random hex-32,0,wss://groups.0xchat.com
c062816e-e425-46,,human-readable slug,0,wss://relay.highlighter.com
c08733,,random hex-6,0,wss://stcweb.mooo.com
c0935fbf076e432750a3413cd8b62eaa,,random hex-32,0,wss://chat.wisp.talk
c13494a56aaf87d0,,random hex-16,0,wss://relay.groups.nip29.com
c153116b-af8d-42,,human-readable slug,0,wss://relay.highlighter.com
c15f7c780b3166e92dd600144180c82b,,random hex-32,0,wss://groups.0xchat.com
c2540b8d-1b26-47,,human-readable slug,0,wss://relay.highlighter.com
c2946efd-ea7f-49,,human-readable slug,0,wss://relay.highlighter.com
c3ad011b-b1ce-4f,,human-readable slug,0,wss://relay.highlighter.com
c473aec8-19ef-567f-949c-054ddb765939,,uuid,0,wss://amethyst.communities.buzz.xyz
c728e0ee-9a97-49,,human-readable slug,0,wss://relay.highlighter.com
c83d0686-882b-4e,,human-readable slug,0,wss://relay.highlighter.com
c93657fc-25df-42,,human-readable slug,0,wss://relay.highlighter.com
cUbWQToHUMO83DUC,,random alnum,0,wss://groups.0xchat.com
cafeeeeee,,human-readable slug,0,wss://groups.0xchat.com
cc38f8fb08edf176ce3fa503d7c8c44b,,random hex-32,0,wss://groups.0xchat.com
cdadfb08-63e8-4b,,human-readable slug,0,wss://relay.highlighter.com
ce5d16076a14ad4894a37586a7fcb237,,random hex-32,0,wss://groups.0xchat.com
chagifuz6,,random alnum,0,wss://meta.spaces.coracle.social
channel-1781351410871,,human-readable slug,0,wss://relay.damus.io
channel-1782179042655,,human-readable slug,0,wss://groups.0xchat.com
channel-1782200712700,,human-readable slug,0,wss://relay.damus.io
clients,,human-readable slug,0,wss://relay.nostrtalk.org
coracle,,human-readable slug,0,wss://relay.nostrtalk.org
cotshioktroul,,random letters,0,wss://zensky-pj.com/relay
d0f4700f4c80be29,,random hex-16,0,wss://public.obelisk.ar
d168b8598fe2212429d60f39806f5bd7,,random hex-32,0,wss://groups.0xchat.com
d27512a7e5b48bd08e939c2e8735e685,,random hex-32,0,wss://groups.0xchat.com
d302040961e8607199f154501da4d9ac62ec578e4d88ecdb3726e7e5b2409191,,random hex-64,0,wss://groups.0xchat.com
d5593980-fae8-4b,,human-readable slug,0,wss://relay.highlighter.com
d6d19499-3032-5fb1-abfb-e13c962ab488,,uuid,0,wss://project.plebeian.foundation
d6siqyyqdo1m,,random alnum,0,wss://chat.wisp.talk
d85f4473d444b28d6c6363e4208fd2ae,,random hex-32,0,wss://groups.0xchat.com
d903e52237636c0cdf2dc449311e0ed7,,random hex-32,0,wss://groups.0xchat.com
d91191e30e00444b942c0e82cad470b32af171764c2275bee0bd99377efd4075,,random hex-64,0,wss://nostr.wine
d9f86a210b6c8064794fc57822b8f05d,,random hex-32,0,wss://newlay.relay.tools
dSC8UXZKWAEH1G95,,random alnum,0,wss://communities.nos.social
dTpCbPlTctoctAza,,human-readable slug,0,wss://groups.0xchat.com
dWoMpab3YMlapwnB,,random alnum,0,wss://groups.0xchat.com
da3d6011-c031-531d-addb-4a1582ffa060,,uuid,0,wss://jbi.communities.buzz.xyz
dab35d8ad892da76,,random hex-16,0,wss://relay.obelisk.ar
db3d41c16d1412d54568bb4058e4e490,,random hex-32,0,wss://groups.0xchat.com
db8d8a5b-36cb-58c7-8bdc-7d5509c5c954,,uuid,0,wss://nosfabrica.communities.buzz.xyz
dc4cd086cd7ce5b1832adf4fdd1211289880d2c7e295bcb0e684c01acee77c06,,random hex-64,0,wss://spatia-arcana.com
ddf2e452917d893092be803290df81b3cf3eea1368b5476170507e498b82ee58,,random hex-64,0,wss://groups.0xchat.com
de8ce8a2-b13e-45f6-bdf0-b54648417c13,,uuid,0,wss://nosfabrica.communities.buzz.xyz
default-naction-group,,human-readable slug,0,wss://nostr.canop2p.net
df0af776-4615-45,,human-readable slug,0,wss://relay.damus.io
dh49akstd4rw,,random alnum,0,wss://groups.0xchat.com
dishoumblouk,,random letters,0,wss://groups.0xchat.com
doAoJXL5aX77Wxxy,,random alnum,0,wss://community.bitcointxoko.com
dourflulslet,,random letters,0,wss://chat.wisp.talk
drionglirfei,,random letters,0,wss://groups.0xchat.com
drrgbbdtp8eh,,random alnum,0,wss://rabble.communities.nos.social
e2675c929d7b6116369ec18ab2cc4b586e60b7604e592d9f98c1f969821f7a84,,random hex-64,0,wss://communities.nos.social
e5cb56f1a11e5821d838016004da8b5d,,random hex-32,0,wss://groups.0xchat.com
e7f031a1c73e65dd69a1d3f016acaa4a,,random hex-32,0,wss://groups.0xchat.com
e876718699f5506c,,random hex-16,0,wss://nosfabrica.communities.buzz.xyz
e8f2e72506dd986d3912b105d8f801a7,,random hex-32,0,wss://groups.0xchat.com
ed10164f32992d6706e0eedeb15a4d42,,random hex-32,0,wss://newlay.relay.tools
edccba31-2b18-4cba-bc74-8d16a04fa878,,uuid,0,wss://buzz.nwc.dev
eea18df9-f315-4b,,human-readable slug,0,wss://relay.primal.net
eebloybridra9,,random alnum,0,wss://nostr-bridge.spaces.coracle.social
eegreyplugough8,,random alnum,0,wss://group.einundzwanzig.space
eeproofriasl1,,random alnum,0,wss://nostr.floscodes.net
eeshukreadr,,random letters,0,wss://docs-concern-greatest-hitting.trycloudflare.com
efac40d7,,random hex-8,0,wss://nip29.f7z.io
efb2abf1-9464-4d,,human-readable slug,0,wss://relay.highlighter.com
efe0d1eb70df32cccdde965dbc5609a7e6e990900cf5e731f1de7e6fe7a2eb0e,,random hex-64,0,wss://groups.0xchat.com
ep59ajgavwg3,,random alnum,0,wss://chardot.hol.is
estt-tgoner,,human-readable slug,0,wss://hub.maskr.space
everything,,random letters,0,wss://nip29.f7z.io
eykoorarghslee1,,random alnum,0,wss://png.spaces.coracle.social
eykoushuda1,,random alnum,0,wss://meta.spaces.coracle.social
f068870a-a921-40,,human-readable slug,0,wss://relay.highlighter.com
f1f7325bedf16fd9,,random hex-16,0,wss://groups.libernet.app
f212d2e798d45202b1a46a68572c4f71,,random hex-32,0,wss://groups.0xchat.com
f22822,,random hex-6,0,wss://groups.fiatjaf.com
f2d65a32603b18945d48e87c5ef1f48b,,random hex-32,0,wss://jskitty.cat/nostr
f3154dc45de7565dcce767f7aab41f23,,random hex-32,0,wss://groups.0xchat.com
f3cee59ff316e32454ce495ffd6f2e46b78d820bd6f57eeb3f0a1054240b94d3,,random hex-64,0,wss://groups.0xchat.com
f3f3e954-c26c-4c,,human-readable slug,0,wss://relay.primal.net
f434300b11c1148bfa5f89e479042359b656feeab52be9608e7bf7a641e4e23c,,random hex-64,0,wss://groups.0xchat.com
f43faa0c-88b3-46,,human-readable slug,0,wss://relay.highlighter.com
f45c3ba2-7835-46b8-a288-6ad9de27bb77,,uuid,0,wss://nosfabrica.communities.buzz.xyz
f51pzsddzf0dafz9,,random alnum,0,wss://relay.meshcat.app
f54aa525-28ac-45,,human-readable slug,0,wss://relay.highlighter.com
f5b85a273e54993c0fddf4d67557357f85e475e3463406849e35718cada9fa2b,,random hex-64,0,wss://groups.0xchat.com
f6588d36ebb6dc71d7070b60e538e2a8,,random hex-32,0,wss://relay.gulugulu.moe
f7469fb4-10e3-45,,human-readable slug,0,wss://relay.highlighter.com
f769161b2d4db5251149149eaa0347f2,,random hex-32,0,wss://groups.0xchat.com
f7z.io,,human-readable slug,0,wss://nip29.f7z.io
f8fa32,,random hex-6,0,wss://stcweb.mooo.com
f95bc6138a1fcd68,,random hex-16,0,wss://public.obelisk.ar
f9f22a72-e4dc-4b,,human-readable slug,0,wss://relay.highlighter.com
fa6a0154-311b-4e,,human-readable slug,0,wss://relay.highlighter.com
fa984bd7dbb282f07e16e7ae87b26a2a7b9b90b7246a44771f0cf5ae58018f52,,random hex-64,0,wss://relay.highlighter.com
fb1cab65,,random hex-8,0,wss://groups.fiatjaf.com
fc3b1d05-d998-4d,,human-readable slug,0,wss://relay.highlighter.com
fc5c5333-f673-44,,human-readable slug,0,wss://relay.highlighter.com
fcad863d-923d-46,,human-readable slug,0,wss://relay.highlighter.com
fcbf1164-7702-4c,,human-readable slug,0,wss://relay.highlighter.com
fcdbdawek5m5,,random alnum,0,wss://communities.nos.social
fcfd00cf-7d26-4fda-80d5-5e4b52433656,,uuid,0,wss://buzz.relay.tools
fd52b1d0-50f0-48,,human-readable slug,0,wss://relay.highlighter.com
fd54de41-2524-47,,human-readable slug,0,wss://relay.highlighter.com
fd8317790676620a8731c3ce8bbb7185,,random hex-32,0,wss://syb.lol
fda0f8bcc3c77b32,,random hex-16,0,wss://podsystems.nostr1.com
fdf3178794ad5ba9b9341d0c083a8f21da5f6368bc19899eeb1b3748aa4ab720,,random hex-64,0,ws://www.0xchat.com:9090
fe49fa,,random hex-6,0,wss://relay.tollgate.me
fe9ed57106e3b7f91915291d3f5b3faa,,random hex-32,0,wss://groups.0xchat.com
fleet-dev,,human-readable slug,0,wss://groups.sharegap.net
fleet-ops,,human-readable slug,0,wss://groups.sharegap.net
fleet-planning,,human-readable slug,0,wss://groups.sharegap.net
framelber,,random letters,0,wss://groups.0xchat.com
geidourek,,random letters,0,wss://groups.0xchat.com
gkB6DRVghvw73pOJ,,random alnum,0,wss://groups.0xchat.com
godtidthod,,human-readable slug,0,wss://groups.0xchat.com
group-1783491946880,,human-readable slug,0,wss://groups.0xchat.com
group149531,,random alnum,0,wss://relay.highlighter.com
group268100,,random alnum,0,wss://relay.highlighter.com
group313763,,random alnum,0,wss://relay.primal.net
group429482,,random alnum,0,wss://relay.highlighter.com
group628195,,random alnum,0,wss://devrelay.highlighter.com
group99322,,random alnum,0,wss://devrelay.highlighter.com
gruplayste8,,random alnum,0,wss://coracle-relay.ngrok.io
gudgliosflar,,random letters,0,wss://groups.0xchat.com
gv7rdhp8dzpv,,random alnum,0,wss://chat.wisp.talk
hidden,,human-readable slug,0,wss://nip29-relay.compile-error.net
hiphop,,human-readable slug,0,wss://nip29-relay.compile-error.net
hiveuoik,,human-readable slug,0,wss://mihhdu.org/nostr
hoge,,human-readable slug,0,wss://zensky-pj.com/relay
iafarghprothr,,random letters,0,wss://relay.openfarmtools.org
ipixzavwd37r,,random alnum,0,wss://communities2.nos.social
ipixzbvwd37s,,random alnum,0,wss://communities.nos.social
itoylotha5,,random alnum,0,wss://relay.fsas.technology
itreegrarghglia5,,random alnum,0,wss://png.spaces.coracle.social
j1mdp19adhg7,,random alnum,0,wss://pantry.zap.cooking
j2KYrXuJzSTrbrcL,,random alnum,0,wss://frens.nostr1.com
j93nvqmk53wa,,random alnum,0,wss://chat.wisp.talk
jiolbloskis,,random letters,0,wss://groups.0xchat.com
joqb7kf35fkw,,random alnum,0,wss://chat.wisp.talk
jumbaecleik,,random letters,0,wss://groups.0xchat.com
k5b80jgz4jvi,,random alnum,0,wss://chat.wisp.talk
kubo-testers,,human-readable slug,0,wss://groups.0xchat.com
kugrionfleit,,random letters,0,wss://groups.0xchat.com
kwo1rv4arl8t,,random alnum,0,wss://chat.wisp.talk
lClEx1gopldRejII,,random alnum,0,wss://relay.agentsats.org
lemthaesglu,,random letters,0,wss://groups.0xchat.com
liobliorlio,,human-readable slug,0,wss://groups.0xchat.com
lotus-team-up,,human-readable slug,0,wss://groups.0xchat.com
lounthiovae,,random letters,0,wss://groups.0xchat.com
lv0ww50vck0z,,random alnum,0,wss://chat.wisp.talk
mablaykeefl,,random letters,0,wss://fora.basspistol.org
maybreakrib,,random letters,0,wss://basspistol.org
memy,,human-readable slug,0,wss://testdwadziesciajeden.duckdns.org
mf5ca38f748a1,,random alnum,0,wss://group.einundzwanzig.space
mosaico,,human-readable slug,0,wss://nip29.f7z.io
narghspami,,random letters,0,wss://onlynostr.club
narkotyki,,random letters,0,wss://testdwadziesciajeden.duckdns.org
natbingrat,,random letters,0,wss://chat.wisp.talk
ncqhr538wly6,,random alnum,0,wss://nostr-relay.online
nips,,human-readable slug,0,wss://relay.nostrtalk.org
nostr-multi-platform,,human-readable slug,0,wss://nip29.f7z.io
o3kg5y6wmtkt,,random alnum,0,wss://onlynostr.club
oHsTVqj9JRDVkqJo,,random alnum,0,wss://groups.0xchat.com
obleefarghgley,,random letters,0,wss://spatia-arcana.com
oflxvwiixrgu,,random letters,0,wss://chat.wisp.talk
ooluster,,human-readable slug,0,wss://lightning.red
ounasitro,,random letters,0,wss://spatia-arcana.com
ouprabaystey,,random letters,0,wss://relay.openfarmtools.org
oustrobrivu4,,random alnum,0,wss://autisticos.spaces.coracle.social
p42a4iqup5CbL8X1,,random alnum,0,wss://groups.0xchat.com
paemprulfrei,,random letters,0,wss://groups.0xchat.com
pcb2x06cnen3,,random alnum,0,wss://chat.wisp.talk
piavougrudr,,random letters,0,wss://trobades.kilombino.com
pod0,,human-readable slug,0,wss://nip29.f7z.io
pounglioscru,,random letters,0,wss://groups.0xchat.com
public,,human-readable slug,0,wss://chatrelay.lukifer.dev
qwdmq3ojahkg,,random alnum,0,wss://communities.nos.social
raykibla,,human-readable slug,0,wss://relay.littlebitstudios.com
riomkeidraer,,random letters,0,wss://chat.wisp.talk
rock,,human-readable slug,0,wss://nip29-relay.compile-error.net
sWzal35fqYYaqrt4,,random alnum,0,wss://groups.0xchat.com
sernie_banders_kok,,human-readable slug,0,wss://groups.0xchat.com
session-kmaaxr,,human-readable slug,0,wss://nip29.f7z.io
session-mui9i9,,human-readable slug,0,wss://nip29.f7z.io
session-q5k8ti,,human-readable slug,0,wss://nip29.f7z.io
session-z7xwkf,,human-readable slug,0,wss://nip29.f7z.io
shaycloydroughch8,,human-readable slug,0,wss://png.spaces.coracle.social
shayskutrargh3,,random alnum,0,wss://png.spaces.coracle.social
shoummeidgrus,,random letters,0,wss://groups.0xchat.com
sladsleinkar,,random letters,0,wss://groups.0xchat.com
slodfrorglul,,random letters,0,wss://spatia-arcana.com
slulfeskoum,,random letters,0,wss://groups.0xchat.com
spidroughplee3,,random alnum,0,wss://dweb.spaces.flotilla.social
stlstr,,human-readable slug,0,wss://drones.hzrd149.com
stoughdreetoul,,random letters,0,wss://fora.basspistol.org
subgroup2,,random alnum,0,wss://groups.0xchat.com
superfriends,,random letters,0,wss://nostr.superfriends.online
syub,,human-readable slug,0,wss://nip29.f7z.io
tM9mNghHRBduYjgO,,random alnum,0,wss://communities.nos.social
targhlechoughm,,random letters,0,wss://relay.og.coop
tenex-edge,,human-readable slug,0,wss://nip29.f7z.io
test-02,,human-readable slug,0,wss://relay.bikel.ink
test-1,,human-readable slug,0,wss://relay.bikel.ink
test-8qp6zw,,human-readable slug,0,wss://hub.maskr.space
test1-3o0eh6,,human-readable slug,0,wss://hub.maskr.space
test1community-dt15fq,,human-readable slug,0,wss://hub.maskr.space
test6546456456,,random alnum,0,wss://groups.0xchat.com
testcommunity1-9lf131,,human-readable slug,0,wss://hub.maskr.space
testcommunity3-6m7wmz,,human-readable slug,0,wss://hub.maskr.space
testenrs01,,random alnum,0,wss://bd1d-2803-9810-4655-b410-4ecf-6dc8-d2c9-2b8b.ngrok-free.app
testing-mncl5isd,,human-readable slug,0,wss://relay-op.nostr1.com
thurretit,,human-readable slug,0,wss://groups.0xchat.com
tng4afskz908,,random alnum,0,wss://groups.0xchat.com
tomteisprul,,random letters,0,wss://chat.wisp.talk
tr9ekigvqppx,,random alnum,0,wss://communities.nos.social
uDBEFMAMLCmRV18K,,random alnum,0,wss://communities.nos.social
uI00poIRn4Eh8zYD,,random alnum,0,wss://groups.0xchat.com
ut95lc52x6yr,,random alnum,0,wss://chat.wisp.talk
vaplioshed,,random letters,0,wss://groups.0xchat.com
w09ll0vnzm7l,,random alnum,0,wss://chat.wisp.talk
w9l92f9er57r,,random alnum,0,wss://chat.wisp.talk
wIezzoRRikR4xwws,,random alnum,0,wss://groups.0xchat.com
wyrgzgfsa7o4,,random alnum,0,wss://communities.nos.social
xpxf1ze3jxzm,,random alnum,0,wss://chat.wisp.talk
y05nUW9rBOZFceZs,,random alnum,0,wss://groups.0xchat.com
yX4G0ZtwtOr2VI3y,,random alnum,0,wss://groups.0xchat.com
yj7lfcgm9f7r,,random alnum,0,wss://chat.wisp.talk
zX1UmBhHT88LYZHx,,random alnum,0,wss://communities.nos.social
